
[0;36m================================================================================[0m
[0;36m  HRI Social Learner Manipulator - Full System Startup[0m
[0;36m  Phase 4: Human-in-the-Loop Testing[0m
[0;36m================================================================================[0m

[1;33m================================================================================[0m
[1;33m  HARDWARE MODE ENABLED - Connecting to real Kinova robot[0m
[1;33m  Robot IP: 192.168.1.10[0m
[1;33m  NOTE: ARM MOTION TESTING ONLY - Camera not included[0m
[1;33m================================================================================[0m


[0;34m>>> Setting up ROS 2 environment...[0m

[0;32m[OK][0m Sourced ROS 2 Humble
not found: "/root/ros2_ws/install/local_setup.bash"
[0;32m[OK][0m Sourced project workspace: /home/snickers/Documents/git-repos/hri-social-learner-manipulator/install
[0;32m[OK][0m Sourced ros2_ws (Kinova packages)

[0;34m>>> Cleaning up stale processes from previous runs...[0m

[0;36m[INFO][0m Cleaning up 10 stale FastRTPS shared memory files...
The daemon is not running
[0;36m[INFO][0m Waiting for processes to terminate...
[0;32m[OK][0m Cleaned up 1 stale process group(s)

[0;34m>>> Checking prerequisites...[0m

[0;32m[OK][0m ROS 2 found: 
[0;32m[OK][0m Python 3 found: Python 3.10.12
[0;32m[OK][0m Perception MCP server found
[0;32m[OK][0m MoveIt MCP server found
[0;32m[OK][0m Conversational engine found
[0;32m[OK][0m GOOGLE_API_KEY exported from .env file
[0;32m[OK][0m All prerequisites satisfied

[0;34m>>> Starting HARDWARE MODE (Real Kinova Robot)...[0m

[0;36m[INFO][0m Robot IP: 192.168.1.10
[1;33m[WARN][0m NOTE: Camera not included - ARM MOTION TESTING ONLY
[0;36m[INFO][0m Checking network connectivity to robot...
[0;32m[OK][0m Robot is reachable at 192.168.1.10
[0;36m[INFO][0m Launching manipulation_scene.launch.py (hardware_mode=true)...
[0;36m[INFO][0m Waiting for ros2_kortex driver to initialize (20 seconds)...
[INFO] [launch]: All log files can be found below /home/snickers/.ros/log/2025-12-10-15-46-13-484763-snickers-jammy-15358
[INFO] [launch]: Default logging verbosity is set to INFO
warning: Using load_yaml() directly is deprecated. Use xacro.load_yaml() instead.
[INFO] [launch.user]: HARDWARE MODE: Connecting to Kinova Gen3 Lite at 192.168.1.10
[DEBUG] Saved resolved YAML to: /home/snickers/ros2_ws/install/kortex_description/share/kortex_description/arms/gen3_lite/6dof/config/ros2_controllers.yaml
[INFO] [ros2_control_node-1]: process started with pid [15372]
[INFO] [robot_state_publisher-2]: process started with pid [15374]
[INFO] [spawner-3]: process started with pid [15376]
[INFO] [spawner-4]: process started with pid [15378]
[INFO] [spawner-5]: process started with pid [15380]
[INFO] [spawner-6]: process started with pid [15382]
[INFO] [spawner-7]: process started with pid [15384]
[INFO] [robot_state_publisher-8]: process started with pid [15386]
[INFO] [move_group-9]: process started with pid [15388]
[robot_state_publisher-8] [INFO] [1765399573.930911577] [robot_state_publisher]: got segment arm_link
[robot_state_publisher-8] [INFO] [1765399573.930987668] [robot_state_publisher]: got segment base_link
[robot_state_publisher-8] [INFO] [1765399573.930992609] [robot_state_publisher]: got segment dummy_link
[robot_state_publisher-8] [INFO] [1765399573.930995605] [robot_state_publisher]: got segment end_effector_link
[robot_state_publisher-8] [INFO] [1765399573.930998372] [robot_state_publisher]: got segment forearm_link
[robot_state_publisher-8] [INFO] [1765399573.931001053] [robot_state_publisher]: got segment gripper_base_link
[robot_state_publisher-8] [INFO] [1765399573.931003545] [robot_state_publisher]: got segment left_finger_dist_link
[robot_state_publisher-8] [INFO] [1765399573.931006356] [robot_state_publisher]: got segment left_finger_prox_link
[robot_state_publisher-8] [INFO] [1765399573.931008781] [robot_state_publisher]: got segment lower_wrist_link
[robot_state_publisher-8] [INFO] [1765399573.931011327] [robot_state_publisher]: got segment right_finger_dist_link
[robot_state_publisher-8] [INFO] [1765399573.931013776] [robot_state_publisher]: got segment right_finger_prox_link
[robot_state_publisher-8] [INFO] [1765399573.931016170] [robot_state_publisher]: got segment shoulder_link
[robot_state_publisher-8] [INFO] [1765399573.931018699] [robot_state_publisher]: got segment tool_frame
[robot_state_publisher-8] [INFO] [1765399573.931021270] [robot_state_publisher]: got segment upper_wrist_link
[robot_state_publisher-8] [INFO] [1765399573.931023709] [robot_state_publisher]: got segment world
[robot_state_publisher-8] [INFO] [1765399573.931026848] [robot_state_publisher]: got segment wrist_camera_link
[robot_state_publisher-8] [INFO] [1765399573.931030447] [robot_state_publisher]: got segment wrist_camera_optical_frame
[ros2_control_node-1] [INFO] [1765399573.934609563] [controller_manager]: Subscribing to '~/robot_description' topic for robot description file.
[ros2_control_node-1] [INFO] [1765399573.935247553] [controller_manager]: update rate is 1000 Hz
[ros2_control_node-1] [INFO] [1765399573.935263804] [controller_manager]: Spawning controller_manager RT thread with scheduler priority: 50
[ros2_control_node-1] [WARN] [1765399573.935332096] [controller_manager]: Could not enable FIFO RT scheduling policy: with error number <1>(Operation not permitted). See [https://control.ros.org/master/doc/ros2_control/controller_manager/doc/userdoc.html] for details on how to enable realtime scheduling.
[robot_state_publisher-2] [INFO] [1765399573.938739617] [robot_state_publisher]: got segment arm_link
[robot_state_publisher-2] [INFO] [1765399573.938809921] [robot_state_publisher]: got segment base_link
[robot_state_publisher-2] [INFO] [1765399573.938814869] [robot_state_publisher]: got segment dummy_link
[robot_state_publisher-2] [INFO] [1765399573.938817687] [robot_state_publisher]: got segment end_effector_link
[robot_state_publisher-2] [INFO] [1765399573.938820442] [robot_state_publisher]: got segment forearm_link
[robot_state_publisher-2] [INFO] [1765399573.938823111] [robot_state_publisher]: got segment gripper_base_link
[robot_state_publisher-2] [INFO] [1765399573.938825511] [robot_state_publisher]: got segment left_finger_dist_link
[robot_state_publisher-2] [INFO] [1765399573.938828124] [robot_state_publisher]: got segment left_finger_prox_link
[robot_state_publisher-2] [INFO] [1765399573.938830428] [robot_state_publisher]: got segment lower_wrist_link
[robot_state_publisher-2] [INFO] [1765399573.938833019] [robot_state_publisher]: got segment right_finger_dist_link
[robot_state_publisher-2] [INFO] [1765399573.938835489] [robot_state_publisher]: got segment right_finger_prox_link
[robot_state_publisher-2] [INFO] [1765399573.938837877] [robot_state_publisher]: got segment shoulder_link
[robot_state_publisher-2] [INFO] [1765399573.938840471] [robot_state_publisher]: got segment tool_frame
[robot_state_publisher-2] [INFO] [1765399573.938843015] [robot_state_publisher]: got segment upper_wrist_link
[robot_state_publisher-2] [INFO] [1765399573.938848950] [robot_state_publisher]: got segment world
[ros2_control_node-1] [INFO] [1765399573.945612427] [controller_manager]: Received robot description file.
[ros2_control_node-1] [INFO] [1765399573.945986289] [resource_manager]: Loading hardware 'KortexMultiInterfaceHardware' 
[move_group-9] [INFO] [1765399573.953607860] [moveit_rdf_loader.rdf_loader]: Loaded robot model in 0.0235565 seconds
[move_group-9] [INFO] [1765399573.953651471] [moveit_robot_model.robot_model]: Loading robot model 'gen3_lite_gen3_lite_2f'...
[move_group-9] [INFO] [1765399573.953656952] [moveit_robot_model.robot_model]: No root/virtual joint specified in SRDF. Assuming fixed joint
[ros2_control_node-1] [INFO] [1765399573.953770818] [KortexMultiInterfaceHardware]: Setting severity threshold to DEBUG
[ros2_control_node-1] [INFO] [1765399573.953838348] [resource_manager]: Initialize hardware 'KortexMultiInterfaceHardware' 
[ros2_control_node-1] [INFO] [1765399573.953854255] [KortexMultiInterfaceHardware]: Configuring Hardware Interface
[ros2_control_node-1] [INFO] [1765399573.953882464] [KortexMultiInterfaceHardware]: Robot ip is '192.168.1.10'
[ros2_control_node-1] [INFO] [1765399573.953888352] [KortexMultiInterfaceHardware]: Username is 'admin'
[ros2_control_node-1] [INFO] [1765399573.953896158] [KortexMultiInterfaceHardware]: Port used '10000'
[ros2_control_node-1] [INFO] [1765399573.953901415] [KortexMultiInterfaceHardware]: Realtime port used '10001'
[ros2_control_node-1] [INFO] [1765399573.953906066] [KortexMultiInterfaceHardware]: Session inactivity timeout is '60000'
[ros2_control_node-1] [INFO] [1765399573.953910835] [KortexMultiInterfaceHardware]: Connection inactivity timeout is '2000'
[ros2_control_node-1] [INFO] [1765399573.953915459] [KortexMultiInterfaceHardware]: Gripper joint name is 'right_finger_bottom_joint'
[ros2_control_node-1] [INFO] [1765399573.953919639] [KortexMultiInterfaceHardware]: Listing all keys in hardware_parameters:
[ros2_control_node-1] [INFO] [1765399573.953924693] [KortexMultiInterfaceHardware]: Prefix is 
[ros2_control_node-1] [INFO] [1765399573.953937049] [KortexMultiInterfaceHardware]: updated gripper joint name is right_finger_bottom_joint
[ros2_control_node-1] [INFO] [1765399573.953954150] [KortexMultiInterfaceHardware]: Connecting to robot at 192.168.1.10
[ros2_control_node-1] [INFO] [1765399573.954595137] [KortexMultiInterfaceHardware]: Creating session for communication
[spawner-7] [INFO] [1765399574.178091732] [spawner_gen3_lite_2f_gripper_controller]: waiting for service /controller_manager/list_controllers to become available...
[spawner-3] [INFO] [1765399574.185015122] [spawner_joint_state_broadcaster]: waiting for service /controller_manager/list_controllers to become available...
[spawner-5] [INFO] [1765399574.188279454] [spawner_twist_controller]: waiting for service /controller_manager/list_controllers to become available...
[spawner-4] [INFO] [1765399574.193057349] [spawner_joint_trajectory_controller]: waiting for service /controller_manager/list_controllers to become available...
[move_group-9] [WARN] [1765399574.195683300] [moveit_robot_model.robot_model]: Could not identify parent group for end-effector 'end_effector'
[spawner-6] [INFO] [1765399574.201667802] [spawner_fault_controller]: waiting for service /controller_manager/list_controllers to become available...
[ros2_control_node-1] [INFO] [1765399574.255231206] [KortexMultiInterfaceHardware]: Session created
[move_group-9] [INFO] [1765399574.686072347] [moveit_ros.planning_scene_monitor.planning_scene_monitor]: Publishing maintained planning scene on 'monitored_planning_scene'
[move_group-9] [INFO] [1765399574.686179786] [moveit.ros_planning_interface.moveit_cpp]: Listening to 'joint_states' for joint states
[move_group-9] [INFO] [1765399574.686583894] [moveit_ros.current_state_monitor]: Listening to joint states on topic 'joint_states'
[move_group-9] [INFO] [1765399574.686773216] [moveit_ros.planning_scene_monitor.planning_scene_monitor]: Listening to '/attached_collision_object' for attached collision objects
[move_group-9] [INFO] [1765399574.686783703] [moveit_ros.planning_scene_monitor.planning_scene_monitor]: Starting planning scene monitor
[move_group-9] [INFO] [1765399574.686917444] [moveit_ros.planning_scene_monitor.planning_scene_monitor]: Listening to '/planning_scene'
[move_group-9] [INFO] [1765399574.686923906] [moveit_ros.planning_scene_monitor.planning_scene_monitor]: Starting world geometry update monitor for collision objects, attached objects, octomap updates.
[move_group-9] [INFO] [1765399574.687080258] [moveit_ros.planning_scene_monitor.planning_scene_monitor]: Listening to 'collision_object'
[move_group-9] [INFO] [1765399574.687333896] [moveit_ros.planning_scene_monitor.planning_scene_monitor]: Listening to 'planning_scene_world' for planning scene world geometry
[move_group-9] [WARN] [1765399574.687887948] [moveit.ros.occupancy_map_monitor.middleware_handle]: Resolution not specified for Octomap. Assuming resolution = 0.1 instead
[move_group-9] [ERROR] [1765399574.687909088] [moveit.ros.occupancy_map_monitor.middleware_handle]: No 3D sensor plugin(s) defined for octomap updates
[ros2_control_node-1] [INFO] [1765399574.843379883] [KortexMultiInterfaceHardware]: Actuator count reported by robot is '6'
[ros2_control_node-1] [INFO] [1765399574.843417730] [KortexMultiInterfaceHardware]: Using internal bus communication for gripper!
[ros2_control_node-1] [INFO] [1765399574.843419925] [KortexMultiInterfaceHardware]: Hardware Interface successfully configured
[ros2_control_node-1] [INFO] [1765399574.843436184] [resource_manager]: Successful initialization of hardware 'KortexMultiInterfaceHardware'
[ros2_control_node-1] [DEBUG] [1765399574.843444273] [KortexMultiInterfaceHardware]: export_state_interfaces for joint: joint_1
[ros2_control_node-1] [DEBUG] [1765399574.843449103] [KortexMultiInterfaceHardware]: export_state_interfaces for joint: joint_2
[ros2_control_node-1] [DEBUG] [1765399574.843450837] [KortexMultiInterfaceHardware]: export_state_interfaces for joint: joint_3
[ros2_control_node-1] [DEBUG] [1765399574.843452535] [KortexMultiInterfaceHardware]: export_state_interfaces for joint: joint_4
[ros2_control_node-1] [DEBUG] [1765399574.843454134] [KortexMultiInterfaceHardware]: export_state_interfaces for joint: joint_5
[ros2_control_node-1] [DEBUG] [1765399574.843455832] [KortexMultiInterfaceHardware]: export_state_interfaces for joint: joint_6
[ros2_control_node-1] [DEBUG] [1765399574.843457403] [KortexMultiInterfaceHardware]: export_state_interfaces for joint: right_finger_bottom_joint
[ros2_control_node-1] [INFO] [1765399574.843490443] [KortexMultiInterfaceHardware]: Gripper max vel and effort configured
[ros2_control_node-1] [INFO] [1765399574.843557050] [resource_manager]: 'configure' hardware 'KortexMultiInterfaceHardware' 
[ros2_control_node-1] [INFO] [1765399574.843561306] [resource_manager]: Successful 'configure' of hardware 'KortexMultiInterfaceHardware'
[ros2_control_node-1] [INFO] [1765399574.843569608] [resource_manager]: 'activate' hardware 'KortexMultiInterfaceHardware' 
[ros2_control_node-1] [INFO] [1765399574.843571944] [KortexMultiInterfaceHardware]: Activating KortexMultiInterfaceHardware...
[ros2_control_node-1] [INFO] [1765399574.844029484] [KortexMultiInterfaceHardware]: Gripper initial position is '98.852882'.
[ros2_control_node-1] [INFO] [1765399574.844072600] [KortexMultiInterfaceHardware]: Initialize interconnect command to current gripper position
[ros2_control_node-1] [INFO] [1765399574.844627634] [KortexMultiInterfaceHardware]: KortexMultiInterfaceHardware successfully activated!
[ros2_control_node-1] [INFO] [1765399574.844642809] [resource_manager]: Successful 'activate' of hardware 'KortexMultiInterfaceHardware'
[ros2_control_node-1] [DEBUG] [1765399574.845502525] [KortexMultiInterfaceHardware]: No controller active in LOW_LEVEL_SERVOING mode !
[ros2_control_node-1] [DEBUG] [1765399574.845816729] [KortexMultiInterfaceHardware]: No controller active in LOW_LEVEL_SERVOING mode !
[ros2_control_node-1] [DEBUG] [1765399574.846108053] [KortexMultiInterfaceHardware]: No controller active in LOW_LEVEL_SERVOING mode !
[ros2_control_node-1] [DEBUG] [1765399574.846462661] [KortexMultiInterfaceHardware]: No controller active in LOW_LEVEL_SERVOING mode !
[ros2_control_node-1] [DEBUG] [1765399574.846724540] [KortexMultiInterfaceHardware]: No controller active in LOW_LEVEL_SERVOING mode !
[ros2_control_node-1] [DEBUG] [1765399574.846997421] [KortexMultiInterfaceHardware]: No controller active in LOW_LEVEL_SERVOING mode !
[ros2_control_node-1] [DEBUG] [1765399574.847266092] [KortexMultiInterfaceHardware]: No controller active in LOW_LEVEL_SERVOING mode !
[ros2_control_node-1] [DEBUG] [1765399574.847535007] [KortexMultiInterfaceHardware]: No controller active in LOW_LEVEL_SERVOING mode !
[ros2_control_node-1] [DEBUG] [1765399574.847812447] [KortexMultiInterfaceHardware]: No controller active in LOW_LEVEL_SERVOING mode !
[ros2_control_node-1] [DEBUG] [1765399574.848058866] [KortexMultiInterfaceHardware]: No controller active in LOW_LEVEL_SERVOING mode !
[ros2_control_node-1] [DEBUG] [1765399574.848455979] [KortexMultiInterfaceHardware]: No controller active in LOW_LEVEL_SERVOING mode !
[ros2_control_node-1] [DEBUG] [1765399574.848686449] [KortexMultiInterfaceHardware]: No controller active in LOW_LEVEL_SERVOING mode !
[ros2_control_node-1] [DEBUG] [1765399574.848940660] [KortexMultiInterfaceHardware]: No controller active in LOW_LEVEL_SERVOING mode !
[ros2_control_node-1] [INFO] [1765399574.849118359] [controller_manager]: Received robot description file.
[ros2_control_node-1] [WARN] [1765399574.849137075] [controller_manager]: ResourceManager has already loaded an urdf file. Ignoring attempt to reload a robot description file.
[ros2_control_node-1] [DEBUG] [1765399574.849178134] [KortexMultiInterfaceHardware]: No controller active in LOW_LEVEL_SERVOING mode !
[ros2_control_node-1] [DEBUG] [1765399574.849430635] [KortexMultiInterfaceHardware]: No controller active in LOW_LEVEL_SERVOING mode !
[ros2_control_node-1] [DEBUG] [1765399574.849678782] [KortexMultiInterfaceHardware]: No controller active in LOW_LEVEL_SERVOING mode !
[ros2_control_node-1] [DEBUG] [1765399574.849907484] [KortexMultiInterfaceHardware]: No controller active in LOW_LEVEL_SERVOING mode !
[ros2_control_node-1] [DEBUG] [1765399574.850133717] [KortexMultiInterfaceHardware]: No controller active in LOW_LEVEL_SERVOING mode !
[ros2_control_node-1] [DEBUG] [1765399574.850383519] [KortexMultiInterfaceHardware]: No controller active in LOW_LEVEL_SERVOING mode !
[ros2_control_node-1] [DEBUG] [1765399574.850612247] [KortexMultiInterfaceHardware]: No controller active in LOW_LEVEL_SERVOING mode !
[ros2_control_node-1] [DEBUG] [1765399574.850846536] [KortexMultiInterfaceHardware]: No controller active in LOW_LEVEL_SERVOING mode !
[ros2_control_node-1] [DEBUG] [1765399574.851073114] [KortexMultiInterfaceHardware]: No controller active in LOW_LEVEL_SERVOING mode !
[ros2_control_node-1] [DEBUG] [1765399574.851477085] [KortexMultiInterfaceHardware]: No controller active in LOW_LEVEL_SERVOING mode !
[ros2_control_node-1] [DEBUG] [1765399574.851722442] [KortexMultiInterfaceHardware]: No controller active in LOW_LEVEL_SERVOING mode !
[ros2_control_node-1] [DEBUG] [1765399574.851947798] [KortexMultiInterfaceHardware]: No controller active in LOW_LEVEL_SERVOING mode !
[ros2_control_node-1] [DEBUG] [1765399574.852174582] [KortexMultiInterfaceHardware]: No controller active in LOW_LEVEL_SERVOING mode !
[ros2_control_node-1] [DEBUG] [1765399574.852424516] [KortexMultiInterfaceHardware]: No controller active in LOW_LEVEL_SERVOING mode !
[ros2_control_node-1] [DEBUG] [1765399574.852675505] [KortexMultiInterfaceHardware]: No controller active in LOW_LEVEL_SERVOING mode !
[ros2_control_node-1] [DEBUG] [1765399574.852904242] [KortexMultiInterfaceHardware]: No controller active in LOW_LEVEL_SERVOING mode !
[ros2_control_node-1] [DEBUG] [1765399574.853133163] [KortexMultiInterfaceHardware]: No controller active in LOW_LEVEL_SERVOING mode !
[ros2_control_node-1] [DEBUG] [1765399574.853403851] [KortexMultiInterfaceHardware]: No controller active in LOW_LEVEL_SERVOING mode !
[ros2_control_node-1] [DEBUG] [1765399574.853653501] [KortexMultiInterfaceHardware]: No controller active in LOW_LEVEL_SERVOING mode !
[ros2_control_node-1] [DEBUG] [1765399574.853882185] [KortexMultiInterfaceHardware]: No controller active in LOW_LEVEL_SERVOING mode !
[ros2_control_node-1] [DEBUG] [1765399574.854461770] [KortexMultiInterfaceHardware]: No controller active in LOW_LEVEL_SERVOING mode !
[ros2_control_node-1] [DEBUG] [1765399574.854696044] [KortexMultiInterfaceHardware]: No controller active in LOW_LEVEL_SERVOING mode !
[ros2_control_node-1] [DEBUG] [1765399574.854946602] [KortexMultiInterfaceHardware]: No controller active in LOW_LEVEL_SERVOING mode !
[ros2_control_node-1] [DEBUG] [1765399574.855199436] [KortexMultiInterfaceHardware]: No controller active in LOW_LEVEL_SERVOING mode !
[ros2_control_node-1] [DEBUG] [1765399574.855425640] [KortexMultiInterfaceHardware]: No controller active in LOW_LEVEL_SERVOING mode !
[ros2_control_node-1] [DEBUG] [1765399574.855654779] [KortexMultiInterfaceHardware]: No controller active in LOW_LEVEL_SERVOING mode !
[ros2_control_node-1] [DEBUG] [1765399574.855883027] [KortexMultiInterfaceHardware]: No controller active in LOW_LEVEL_SERVOING mode !
[ros2_control_node-1] [DEBUG] [1765399574.856115285] [KortexMultiInterfaceHardware]: No controller active in LOW_LEVEL_SERVOING mode !
[ros2_control_node-1] [DEBUG] [1765399574.856382983] [KortexMultiInterfaceHardware]: No controller active in LOW_LEVEL_SERVOING mode !
[ros2_control_node-1] [DEBUG] [1765399574.856612568] [KortexMultiInterfaceHardware]: No controller active in LOW_LEVEL_SERVOING mode !
[ros2_control_node-1] [DEBUG] [1765399574.856855317] [KortexMultiInterfaceHardware]: No controller active in LOW_LEVEL_SERVOING mode !
[ros2_control_node-1] [DEBUG] [1765399574.857498392] [KortexMultiInterfaceHardware]: No controller active in LOW_LEVEL_SERVOING mode !
[ros2_control_node-1] [DEBUG] [1765399574.857738673] [KortexMultiInterfaceHardware]: No controller active in LOW_LEVEL_SERVOING mode !
[ros2_control_node-1] [DEBUG] [1765399574.857967073] [KortexMultiInterfaceHardware]: No controller active in LOW_LEVEL_SERVOING mode !
[ros2_control_node-1] [DEBUG] [1765399574.858364384] [KortexMultiInterfaceHardware]: No controller active in LOW_LEVEL_SERVOING mode !
[ros2_control_node-1] [DEBUG] [1765399574.858610991] [KortexMultiInterfaceHardware]: No controller active in LOW_LEVEL_SERVOING mode !
[ros2_control_node-1] [DEBUG] [1765399574.858846412] [KortexMultiInterfaceHardware]: No controller active in LOW_LEVEL_SERVOING mode !
[ros2_control_node-1] [DEBUG] [1765399574.859071892] [KortexMultiInterfaceHardware]: No controller active in LOW_LEVEL_SERVOING mode !
[ros2_control_node-1] [DEBUG] [1765399574.859341201] [KortexMultiInterfaceHardware]: No controller active in LOW_LEVEL_SERVOING mode !
[ros2_control_node-1] [DEBUG] [1765399574.859570117] [KortexMultiInterfaceHardware]: No controller active in LOW_LEVEL_SERVOING mode !
[ros2_control_node-1] [DEBUG] [1765399574.859799149] [KortexMultiInterfaceHardware]: No controller active in LOW_LEVEL_SERVOING mode !
[ros2_control_node-1] [DEBUG] [1765399574.860027707] [KortexMultiInterfaceHardware]: No controller active in LOW_LEVEL_SERVOING mode !
[ros2_control_node-1] [DEBUG] [1765399574.860524435] [KortexMultiInterfaceHardware]: No controller active in LOW_LEVEL_SERVOING mode !
[ros2_control_node-1] [DEBUG] [1765399574.860757879] [KortexMultiInterfaceHardware]: No controller active in LOW_LEVEL_SERVOING mode !
[ros2_control_node-1] [DEBUG] [1765399574.860985693] [KortexMultiInterfaceHardware]: No controller active in LOW_LEVEL_SERVOING mode !
[ros2_control_node-1] [DEBUG] [1765399574.861480865] [KortexMultiInterfaceHardware]: No controller active in LOW_LEVEL_SERVOING mode !
[ros2_control_node-1] [DEBUG] [1765399574.861716019] [KortexMultiInterfaceHardware]: No controller active in LOW_LEVEL_SERVOING mode !
[ros2_control_node-1] [DEBUG] [1765399574.861947300] [KortexMultiInterfaceHardware]: No controller active in LOW_LEVEL_SERVOING mode !
[ros2_control_node-1] [DEBUG] [1765399574.862173995] [KortexMultiInterfaceHardware]: No controller active in LOW_LEVEL_SERVOING mode !
[ros2_control_node-1] [DEBUG] [1765399574.862428349] [KortexMultiInterfaceHardware]: No controller active in LOW_LEVEL_SERVOING mode !
[ros2_control_node-1] [DEBUG] [1765399574.862674047] [KortexMultiInterfaceHardware]: No controller active in LOW_LEVEL_SERVOING mode !
[ros2_control_node-1] [DEBUG] [1765399574.862902805] [KortexMultiInterfaceHardware]: No controller active in LOW_LEVEL_SERVOING mode !
[ros2_control_node-1] [DEBUG] [1765399574.863132107] [KortexMultiInterfaceHardware]: No controller active in LOW_LEVEL_SERVOING mode !
[ros2_control_node-1] [DEBUG] [1765399574.863360691] [KortexMultiInterfaceHardware]: No controller active in LOW_LEVEL_SERVOING mode !
[ros2_control_node-1] [DEBUG] [1765399574.863589774] [KortexMultiInterfaceHardware]: No controller active in LOW_LEVEL_SERVOING mode !
[ros2_control_node-1] [DEBUG] [1765399574.863840571] [KortexMultiInterfaceHardware]: No controller active in LOW_LEVEL_SERVOING mode !
[ros2_control_node-1] [DEBUG] [1765399574.864070302] [KortexMultiInterfaceHardware]: No controller active in LOW_LEVEL_SERVOING mode !
[ros2_control_node-1] [DEBUG] [1765399574.864518719] [KortexMultiInterfaceHardware]: No controller active in LOW_LEVEL_SERVOING mode !
[ros2_control_node-1] [DEBUG] [1765399574.864757048] [KortexMultiInterfaceHardware]: No controller active in LOW_LEVEL_SERVOING mode !
[ros2_control_node-1] [DEBUG] [1765399574.864984972] [KortexMultiInterfaceHardware]: No controller active in LOW_LEVEL_SERVOING mode !
[ros2_control_node-1] [DEBUG] [1765399574.865214552] [KortexMultiInterfaceHardware]: No controller active in LOW_LEVEL_SERVOING mode !
[ros2_control_node-1] [DEBUG] [1765399574.865444652] [KortexMultiInterfaceHardware]: No controller active in LOW_LEVEL_SERVOING mode !
[ros2_control_node-1] [DEBUG] [1765399574.865679858] [KortexMultiInterfaceHardware]: No controller active in LOW_LEVEL_SERVOING mode !
[ros2_control_node-1] [DEBUG] [1765399574.865906863] [KortexMultiInterfaceHardware]: No controller active in LOW_LEVEL_SERVOING mode !
[ros2_control_node-1] [DEBUG] [1765399574.866132746] [KortexMultiInterfaceHardware]: No controller active in LOW_LEVEL_SERVOING mode !
[ros2_control_node-1] [DEBUG] [1765399574.866362041] [KortexMultiInterfaceHardware]: No controller active in LOW_LEVEL_SERVOING mode !
[ros2_control_node-1] [DEBUG] [1765399574.866596423] [KortexMultiInterfaceHardware]: No controller active in LOW_LEVEL_SERVOING mode !
[ros2_control_node-1] [DEBUG] [1765399574.866843527] [KortexMultiInterfaceHardware]: No controller active in LOW_LEVEL_SERVOING mode !
[ros2_control_node-1] [DEBUG] [1765399574.867072652] [KortexMultiInterfaceHardware]: No controller active in LOW_LEVEL_SERVOING mode !
[ros2_control_node-1] [DEBUG] [1765399574.867459404] [KortexMultiInterfaceHardware]: No controller active in LOW_LEVEL_SERVOING mode !
[ros2_control_node-1] [DEBUG] [1765399574.867698145] [KortexMultiInterfaceHardware]: No controller active in LOW_LEVEL_SERVOING mode !
[ros2_control_node-1] [DEBUG] [1765399574.867948787] [KortexMultiInterfaceHardware]: No controller active in LOW_LEVEL_SERVOING mode !
[ros2_control_node-1] [DEBUG] [1765399574.868177419] [KortexMultiInterfaceHardware]: No controller active in LOW_LEVEL_SERVOING mode !
[ros2_control_node-1] [DEBUG] [1765399574.868429846] [KortexMultiInterfaceHardware]: No controller active in LOW_LEVEL_SERVOING mode !
[ros2_control_node-1] [DEBUG] [1765399574.868701323] [KortexMultiInterfaceHardware]: No controller active in LOW_LEVEL_SERVOING mode !
[ros2_control_node-1] [DEBUG] [1765399574.868975525] [KortexMultiInterfaceHardware]: No controller active in LOW_LEVEL_SERVOING mode !
[ros2_control_node-1] [DEBUG] [1765399574.869224331] [KortexMultiInterfaceHardware]: No controller active in LOW_LEVEL_SERVOING mode !
[ros2_control_node-1] [DEBUG] [1765399574.869496063] [KortexMultiInterfaceHardware]: No controller active in LOW_LEVEL_SERVOING mode !
[ros2_control_node-1] [DEBUG] [1765399574.869764620] [KortexMultiInterfaceHardware]: No controller active in LOW_LEVEL_SERVOING mode !
[ros2_control_node-1] [DEBUG] [1765399574.870017164] [KortexMultiInterfaceHardware]: No controller active in LOW_LEVEL_SERVOING mode !
[ros2_control_node-1] [DEBUG] [1765399574.870432997] [KortexMultiInterfaceHardware]: No controller active in LOW_LEVEL_SERVOING mode !
[ros2_control_node-1] [DEBUG] [1765399574.870686457] [KortexMultiInterfaceHardware]: No controller active in LOW_LEVEL_SERVOING mode !
[ros2_control_node-1] [DEBUG] [1765399574.870965126] [KortexMultiInterfaceHardware]: No controller active in LOW_LEVEL_SERVOING mode !
[ros2_control_node-1] [DEBUG] [1765399574.871226291] [KortexMultiInterfaceHardware]: No controller active in LOW_LEVEL_SERVOING mode !
[ros2_control_node-1] [DEBUG] [1765399574.871471713] [KortexMultiInterfaceHardware]: No controller active in LOW_LEVEL_SERVOING mode !
[ros2_control_node-1] [DEBUG] [1765399574.871723041] [KortexMultiInterfaceHardware]: No controller active in LOW_LEVEL_SERVOING mode !
[ros2_control_node-1] [DEBUG] [1765399574.871958959] [KortexMultiInterfaceHardware]: No controller active in LOW_LEVEL_SERVOING mode !
[ros2_control_node-1] [DEBUG] [1765399574.872204140] [KortexMultiInterfaceHardware]: No controller active in LOW_LEVEL_SERVOING mode !
[ros2_control_node-1] [DEBUG] [1765399574.872502320] [KortexMultiInterfaceHardware]: No controller active in LOW_LEVEL_SERVOING mode !
[ros2_control_node-1] [DEBUG] [1765399574.872763028] [KortexMultiInterfaceHardware]: No controller active in LOW_LEVEL_SERVOING mode !
[ros2_control_node-1] [DEBUG] [1765399574.872989532] [KortexMultiInterfaceHardware]: No controller active in LOW_LEVEL_SERVOING mode !
[ros2_control_node-1] [DEBUG] [1765399574.873466581] [KortexMultiInterfaceHardware]: No controller active in LOW_LEVEL_SERVOING mode !
[ros2_control_node-1] [DEBUG] [1765399574.873743366] [KortexMultiInterfaceHardware]: No controller active in LOW_LEVEL_SERVOING mode !
[ros2_control_node-1] [DEBUG] [1765399574.873967924] [KortexMultiInterfaceHardware]: No controller active in LOW_LEVEL_SERVOING mode !
[ros2_control_node-1] [DEBUG] [1765399574.874197745] [KortexMultiInterfaceHardware]: No controller active in LOW_LEVEL_SERVOING mode !
[ros2_control_node-1] [DEBUG] [1765399574.874426317] [KortexMultiInterfaceHardware]: No controller active in LOW_LEVEL_SERVOING mode !
[ros2_control_node-1] [DEBUG] [1765399574.874676176] [KortexMultiInterfaceHardware]: No controller active in LOW_LEVEL_SERVOING mode !
[ros2_control_node-1] [DEBUG] [1765399574.874904860] [KortexMultiInterfaceHardware]: No controller active in LOW_LEVEL_SERVOING mode !
[ros2_control_node-1] [DEBUG] [1765399574.875138138] [KortexMultiInterfaceHardware]: No controller active in LOW_LEVEL_SERVOING mode !
[ros2_control_node-1] [DEBUG] [1765399574.875406183] [KortexMultiInterfaceHardware]: No controller active in LOW_LEVEL_SERVOING mode !
[ros2_control_node-1] [DEBUG] [1765399574.875633458] [KortexMultiInterfaceHardware]: No controller active in LOW_LEVEL_SERVOING mode !
[ros2_control_node-1] [DEBUG] [1765399574.875884160] [KortexMultiInterfaceHardware]: No controller active in LOW_LEVEL_SERVOING mode !
[ros2_control_node-1] [DEBUG] [1765399574.876440782] [KortexMultiInterfaceHardware]: No controller active in LOW_LEVEL_SERVOING mode !
[ros2_control_node-1] [DEBUG] [1765399574.876675382] [KortexMultiInterfaceHardware]: No controller active in LOW_LEVEL_SERVOING mode !
[ros2_control_node-1] [DEBUG] [1765399574.876905125] [KortexMultiInterfaceHardware]: No controller active in LOW_LEVEL_SERVOING mode !
[ros2_control_node-1] [DEBUG] [1765399574.877133210] [KortexMultiInterfaceHardware]: No controller active in LOW_LEVEL_SERVOING mode !
[ros2_control_node-1] [DEBUG] [1765399574.877426554] [KortexMultiInterfaceHardware]: No controller active in LOW_LEVEL_SERVOING mode !
[ros2_control_node-1] [DEBUG] [1765399574.877679177] [KortexMultiInterfaceHardware]: No controller active in LOW_LEVEL_SERVOING mode !
[ros2_control_node-1] [DEBUG] [1765399574.877908804] [KortexMultiInterfaceHardware]: No controller active in LOW_LEVEL_SERVOING mode !
[ros2_control_node-1] [DEBUG] [1765399574.878134158] [KortexMultiInterfaceHardware]: No controller active in LOW_LEVEL_SERVOING mode !
[ros2_control_node-1] [DEBUG] [1765399574.878404933] [KortexMultiInterfaceHardware]: No controller active in LOW_LEVEL_SERVOING mode !
[ros2_control_node-1] [DEBUG] [1765399574.878634235] [KortexMultiInterfaceHardware]: No controller active in LOW_LEVEL_SERVOING mode !
[ros2_control_node-1] [DEBUG] [1765399574.878862048] [KortexMultiInterfaceHardware]: No controller active in LOW_LEVEL_SERVOING mode !
[ros2_control_node-1] [DEBUG] [1765399574.879485699] [KortexMultiInterfaceHardware]: No controller active in LOW_LEVEL_SERVOING mode !
[ros2_control_node-1] [DEBUG] [1765399574.879742905] [KortexMultiInterfaceHardware]: No controller active in LOW_LEVEL_SERVOING mode !
[ros2_control_node-1] [DEBUG] [1765399574.879965787] [KortexMultiInterfaceHardware]: No controller active in LOW_LEVEL_SERVOING mode !
[ros2_control_node-1] [DEBUG] [1765399574.880392663] [KortexMultiInterfaceHardware]: No controller active in LOW_LEVEL_SERVOING mode !
[ros2_control_node-1] [DEBUG] [1765399574.880654392] [KortexMultiInterfaceHardware]: No controller active in LOW_LEVEL_SERVOING mode !
[ros2_control_node-1] [DEBUG] [1765399574.880883370] [KortexMultiInterfaceHardware]: No controller active in LOW_LEVEL_SERVOING mode !
[ros2_control_node-1] [DEBUG] [1765399574.881112719] [KortexMultiInterfaceHardware]: No controller active in LOW_LEVEL_SERVOING mode !
[ros2_control_node-1] [DEBUG] [1765399574.881383965] [KortexMultiInterfaceHardware]: No controller active in LOW_LEVEL_SERVOING mode !
[ros2_control_node-1] [DEBUG] [1765399574.881611957] [KortexMultiInterfaceHardware]: No controller active in LOW_LEVEL_SERVOING mode !
[ros2_control_node-1] [DEBUG] [1765399574.881841175] [KortexMultiInterfaceHardware]: No controller active in LOW_LEVEL_SERVOING mode !
[ros2_control_node-1] [DEBUG] [1765399574.882488201] [KortexMultiInterfaceHardware]: No controller active in LOW_LEVEL_SERVOING mode !
[ros2_control_node-1] [DEBUG] [1765399574.882740471] [KortexMultiInterfaceHardware]: No controller active in LOW_LEVEL_SERVOING mode !
[ros2_control_node-1] [DEBUG] [1765399574.882987131] [KortexMultiInterfaceHardware]: No controller active in LOW_LEVEL_SERVOING mode !
[ros2_control_node-1] [DEBUG] [1765399574.883509908] [KortexMultiInterfaceHardware]: No controller active in LOW_LEVEL_SERVOING mode !
[ros2_control_node-1] [DEBUG] [1765399574.883781895] [KortexMultiInterfaceHardware]: No controller active in LOW_LEVEL_SERVOING mode !
[ros2_control_node-1] [DEBUG] [1765399574.884030060] [KortexMultiInterfaceHardware]: No controller active in LOW_LEVEL_SERVOING mode !
[ros2_control_node-1] [DEBUG] [1765399574.884258185] [KortexMultiInterfaceHardware]: No controller active in LOW_LEVEL_SERVOING mode !
[ros2_control_node-1] [DEBUG] [1765399574.884487758] [KortexMultiInterfaceHardware]: No controller active in LOW_LEVEL_SERVOING mode !
[ros2_control_node-1] [DEBUG] [1765399574.884716244] [KortexMultiInterfaceHardware]: No controller active in LOW_LEVEL_SERVOING mode !
[ros2_control_node-1] [DEBUG] [1765399574.884947679] [KortexMultiInterfaceHardware]: No controller active in LOW_LEVEL_SERVOING mode !
[ros2_control_node-1] [DEBUG] [1765399574.885216108] [KortexMultiInterfaceHardware]: No controller active in LOW_LEVEL_SERVOING mode !
[ros2_control_node-1] [DEBUG] [1765399574.885488853] [KortexMultiInterfaceHardware]: No controller active in LOW_LEVEL_SERVOING mode !
[ros2_control_node-1] [DEBUG] [1765399574.885717421] [KortexMultiInterfaceHardware]: No controller active in LOW_LEVEL_SERVOING mode !
[ros2_control_node-1] [DEBUG] [1765399574.885947040] [KortexMultiInterfaceHardware]: No controller active in LOW_LEVEL_SERVOING mode !
[ros2_control_node-1] [DEBUG] [1765399574.886485381] [KortexMultiInterfaceHardware]: No controller active in LOW_LEVEL_SERVOING mode !
[ros2_control_node-1] [DEBUG] [1765399574.886718264] [KortexMultiInterfaceHardware]: No controller active in LOW_LEVEL_SERVOING mode !
[ros2_control_node-1] [DEBUG] [1765399574.886966988] [KortexMultiInterfaceHardware]: No controller active in LOW_LEVEL_SERVOING mode !
[ros2_control_node-1] [DEBUG] [1765399574.887217957] [KortexMultiInterfaceHardware]: No controller active in LOW_LEVEL_SERVOING mode !
[ros2_control_node-1] [DEBUG] [1765399574.887443741] [KortexMultiInterfaceHardware]: No controller active in LOW_LEVEL_SERVOING mode !
[ros2_control_node-1] [DEBUG] [1765399574.887694173] [KortexMultiInterfaceHardware]: No controller active in LOW_LEVEL_SERVOING mode !
[ros2_control_node-1] [DEBUG] [1765399574.887923703] [KortexMultiInterfaceHardware]: No controller active in LOW_LEVEL_SERVOING mode !
[ros2_control_node-1] [DEBUG] [1765399574.888221686] [KortexMultiInterfaceHardware]: No controller active in LOW_LEVEL_SERVOING mode !
[ros2_control_node-1] [DEBUG] [1765399574.888486262] [KortexMultiInterfaceHardware]: No controller active in LOW_LEVEL_SERVOING mode !
[ros2_control_node-1] [DEBUG] [1765399574.888719587] [KortexMultiInterfaceHardware]: No controller active in LOW_LEVEL_SERVOING mode !
[ros2_control_node-1] [DEBUG] [1765399574.888946557] [KortexMultiInterfaceHardware]: No controller active in LOW_LEVEL_SERVOING mode !
[ros2_control_node-1] [DEBUG] [1765399574.889509150] [KortexMultiInterfaceHardware]: No controller active in LOW_LEVEL_SERVOING mode !
[ros2_control_node-1] [DEBUG] [1765399574.889759169] [KortexMultiInterfaceHardware]: No controller active in LOW_LEVEL_SERVOING mode !
[ros2_control_node-1] [DEBUG] [1765399574.889990599] [KortexMultiInterfaceHardware]: No controller active in LOW_LEVEL_SERVOING mode !
[ros2_control_node-1] [DEBUG] [1765399574.890215363] [KortexMultiInterfaceHardware]: No controller active in LOW_LEVEL_SERVOING mode !
[ros2_control_node-1] [DEBUG] [1765399574.890445952] [KortexMultiInterfaceHardware]: No controller active in LOW_LEVEL_SERVOING mode !
[ros2_control_node-1] [DEBUG] [1765399574.890718684] [KortexMultiInterfaceHardware]: No controller active in LOW_LEVEL_SERVOING mode !
[ros2_control_node-1] [DEBUG] [1765399574.890950844] [KortexMultiInterfaceHardware]: No controller active in LOW_LEVEL_SERVOING mode !
[ros2_control_node-1] [DEBUG] [1765399574.891183759] [KortexMultiInterfaceHardware]: No controller active in LOW_LEVEL_SERVOING mode !
[ros2_control_node-1] [DEBUG] [1765399574.891447697] [KortexMultiInterfaceHardware]: No controller active in LOW_LEVEL_SERVOING mode !
[ros2_control_node-1] [DEBUG] [1765399574.891682352] [KortexMultiInterfaceHardware]: No controller active in LOW_LEVEL_SERVOING mode !
[ros2_control_node-1] [DEBUG] [1765399574.891902256] [KortexMultiInterfaceHardware]: No controller active in LOW_LEVEL_SERVOING mode !
[ros2_control_node-1] [DEBUG] [1765399574.892468007] [KortexMultiInterfaceHardware]: No controller active in LOW_LEVEL_SERVOING mode !
[ros2_control_node-1] [DEBUG] [1765399574.892735737] [KortexMultiInterfaceHardware]: No controller active in LOW_LEVEL_SERVOING mode !
[ros2_control_node-1] [DEBUG] [1765399574.893005352] [KortexMultiInterfaceHardware]: No controller active in LOW_LEVEL_SERVOING mode !
[ros2_control_node-1] [DEBUG] [1765399574.893341015] [KortexMultiInterfaceHardware]: No controller active in LOW_LEVEL_SERVOING mode !
[ros2_control_node-1] [DEBUG] [1765399574.893590703] [KortexMultiInterfaceHardware]: No controller active in LOW_LEVEL_SERVOING mode !
[ros2_control_node-1] [DEBUG] [1765399574.893819631] [KortexMultiInterfaceHardware]: No controller active in LOW_LEVEL_SERVOING mode !
[ros2_control_node-1] [DEBUG] [1765399574.894069256] [KortexMultiInterfaceHardware]: No controller active in LOW_LEVEL_SERVOING mode !
[ros2_control_node-1] [DEBUG] [1765399574.894302827] [KortexMultiInterfaceHardware]: No controller active in LOW_LEVEL_SERVOING mode !
[ros2_control_node-1] [DEBUG] [1765399574.894550907] [KortexMultiInterfaceHardware]: No controller active in LOW_LEVEL_SERVOING mode !
[ros2_control_node-1] [DEBUG] [1765399574.894797988] [KortexMultiInterfaceHardware]: No controller active in LOW_LEVEL_SERVOING mode !
[ros2_control_node-1] [DEBUG] [1765399574.895018839] [KortexMultiInterfaceHardware]: No controller active in LOW_LEVEL_SERVOING mode !
[ros2_control_node-1] [DEBUG] [1765399574.895507747] [KortexMultiInterfaceHardware]: No controller active in LOW_LEVEL_SERVOING mode !
[ros2_control_node-1] [DEBUG] [1765399574.895757446] [KortexMultiInterfaceHardware]: No controller active in LOW_LEVEL_SERVOING mode !
[ros2_control_node-1] [DEBUG] [1765399574.895985112] [KortexMultiInterfaceHardware]: No controller active in LOW_LEVEL_SERVOING mode !
[ros2_control_node-1] [DEBUG] [1765399574.896443440] [KortexMultiInterfaceHardware]: No controller active in LOW_LEVEL_SERVOING mode !
[ros2_control_node-1] [DEBUG] [1765399574.896694918] [KortexMultiInterfaceHardware]: No controller active in LOW_LEVEL_SERVOING mode !
[ros2_control_node-1] [DEBUG] [1765399574.896923085] [KortexMultiInterfaceHardware]: No controller active in LOW_LEVEL_SERVOING mode !
[ros2_control_node-1] [DEBUG] [1765399574.897152144] [KortexMultiInterfaceHardware]: No controller active in LOW_LEVEL_SERVOING mode !
[ros2_control_node-1] [DEBUG] [1765399574.897423668] [KortexMultiInterfaceHardware]: No controller active in LOW_LEVEL_SERVOING mode !
[ros2_control_node-1] [DEBUG] [1765399574.897652465] [KortexMultiInterfaceHardware]: No controller active in LOW_LEVEL_SERVOING mode !
[ros2_control_node-1] [DEBUG] [1765399574.897885607] [KortexMultiInterfaceHardware]: No controller active in LOW_LEVEL_SERVOING mode !
[ros2_control_node-1] [DEBUG] [1765399574.898486369] [KortexMultiInterfaceHardware]: No controller active in LOW_LEVEL_SERVOING mode !
[ros2_control_node-1] [DEBUG] [1765399574.898736157] [KortexMultiInterfaceHardware]: No controller active in LOW_LEVEL_SERVOING mode !
[ros2_control_node-1] [DEBUG] [1765399574.898965280] [KortexMultiInterfaceHardware]: No controller active in LOW_LEVEL_SERVOING mode !
[ros2_control_node-1] [DEBUG] [1765399574.899194187] [KortexMultiInterfaceHardware]: No controller active in LOW_LEVEL_SERVOING mode !
[ros2_control_node-1] [DEBUG] [1765399574.899423446] [KortexMultiInterfaceHardware]: No controller active in LOW_LEVEL_SERVOING mode !
[ros2_control_node-1] [DEBUG] [1765399574.899673478] [KortexMultiInterfaceHardware]: No controller active in LOW_LEVEL_SERVOING mode !
[ros2_control_node-1] [DEBUG] [1765399574.899902228] [KortexMultiInterfaceHardware]: No controller active in LOW_LEVEL_SERVOING mode !
[ros2_control_node-1] [DEBUG] [1765399574.900131181] [KortexMultiInterfaceHardware]: No controller active in LOW_LEVEL_SERVOING mode !
[ros2_control_node-1] [DEBUG] [1765399574.900401961] [KortexMultiInterfaceHardware]: No controller active in LOW_LEVEL_SERVOING mode !
[ros2_control_node-1] [DEBUG] [1765399574.900631306] [KortexMultiInterfaceHardware]: No controller active in LOW_LEVEL_SERVOING mode !
[ros2_control_node-1] [DEBUG] [1765399574.900860521] [KortexMultiInterfaceHardware]: No controller active in LOW_LEVEL_SERVOING mode !
[ros2_control_node-1] [DEBUG] [1765399574.901463715] [KortexMultiInterfaceHardware]: No controller active in LOW_LEVEL_SERVOING mode !
[ros2_control_node-1] [DEBUG] [1765399574.901737980] [KortexMultiInterfaceHardware]: No controller active in LOW_LEVEL_SERVOING mode !
[ros2_control_node-1] [DEBUG] [1765399574.901965810] [KortexMultiInterfaceHardware]: No controller active in LOW_LEVEL_SERVOING mode !
[ros2_control_node-1] [DEBUG] [1765399574.902419385] [KortexMultiInterfaceHardware]: No controller active in LOW_LEVEL_SERVOING mode !
[ros2_control_node-1] [DEBUG] [1765399574.902706942] [KortexMultiInterfaceHardware]: No controller active in LOW_LEVEL_SERVOING mode !
[ros2_control_node-1] [DEBUG] [1765399574.902953101] [KortexMultiInterfaceHardware]: No controller active in LOW_LEVEL_SERVOING mode !
[ros2_control_node-1] [DEBUG] [1765399574.903181846] [KortexMultiInterfaceHardware]: No controller active in LOW_LEVEL_SERVOING mode !
[ros2_control_node-1] [DEBUG] [1765399574.903429607] [KortexMultiInterfaceHardware]: No controller active in LOW_LEVEL_SERVOING mode !
[ros2_control_node-1] [DEBUG] [1765399574.903664359] [KortexMultiInterfaceHardware]: No controller active in LOW_LEVEL_SERVOING mode !
[ros2_control_node-1] [DEBUG] [1765399574.903917126] [KortexMultiInterfaceHardware]: No controller active in LOW_LEVEL_SERVOING mode !
[ros2_control_node-1] [DEBUG] [1765399574.904469993] [KortexMultiInterfaceHardware]: No controller active in LOW_LEVEL_SERVOING mode !
[ros2_control_node-1] [DEBUG] [1765399574.904746059] [KortexMultiInterfaceHardware]: No controller active in LOW_LEVEL_SERVOING mode !
[ros2_control_node-1] [DEBUG] [1765399574.904995438] [KortexMultiInterfaceHardware]: No controller active in LOW_LEVEL_SERVOING mode !
[ros2_control_node-1] [DEBUG] [1765399574.905482093] [KortexMultiInterfaceHardware]: No controller active in LOW_LEVEL_SERVOING mode !
[ros2_control_node-1] [DEBUG] [1765399574.905771036] [KortexMultiInterfaceHardware]: No controller active in LOW_LEVEL_SERVOING mode !
[ros2_control_node-1] [DEBUG] [1765399574.906006422] [KortexMultiInterfaceHardware]: No controller active in LOW_LEVEL_SERVOING mode !
[ros2_control_node-1] [DEBUG] [1765399574.906234210] [KortexMultiInterfaceHardware]: No controller active in LOW_LEVEL_SERVOING mode !
[ros2_control_node-1] [DEBUG] [1765399574.906463259] [KortexMultiInterfaceHardware]: No controller active in LOW_LEVEL_SERVOING mode !
[ros2_control_node-1] [DEBUG] [1765399574.906694436] [KortexMultiInterfaceHardware]: No controller active in LOW_LEVEL_SERVOING mode !
[ros2_control_node-1] [DEBUG] [1765399574.906922420] [KortexMultiInterfaceHardware]: No controller active in LOW_LEVEL_SERVOING mode !
[ros2_control_node-1] [DEBUG] [1765399574.907152020] [KortexMultiInterfaceHardware]: No controller active in LOW_LEVEL_SERVOING mode !
[ros2_control_node-1] [DEBUG] [1765399574.907380677] [KortexMultiInterfaceHardware]: No controller active in LOW_LEVEL_SERVOING mode !
[ros2_control_node-1] [DEBUG] [1765399574.907609770] [KortexMultiInterfaceHardware]: No controller active in LOW_LEVEL_SERVOING mode !
[ros2_control_node-1] [DEBUG] [1765399574.907838799] [KortexMultiInterfaceHardware]: No controller active in LOW_LEVEL_SERVOING mode !
[ros2_control_node-1] [DEBUG] [1765399574.908068775] [KortexMultiInterfaceHardware]: No controller active in LOW_LEVEL_SERVOING mode !
[ros2_control_node-1] [DEBUG] [1765399574.908477570] [KortexMultiInterfaceHardware]: No controller active in LOW_LEVEL_SERVOING mode !
[ros2_control_node-1] [DEBUG] [1765399574.908698002] [KortexMultiInterfaceHardware]: No controller active in LOW_LEVEL_SERVOING mode !
[ros2_control_node-1] [DEBUG] [1765399574.908929613] [KortexMultiInterfaceHardware]: No controller active in LOW_LEVEL_SERVOING mode !
[ros2_control_node-1] [DEBUG] [1765399574.909153958] [KortexMultiInterfaceHardware]: No controller active in LOW_LEVEL_SERVOING mode !
[ros2_control_node-1] [DEBUG] [1765399574.909422861] [KortexMultiInterfaceHardware]: No controller active in LOW_LEVEL_SERVOING mode !
[ros2_control_node-1] [DEBUG] [1765399574.909672240] [KortexMultiInterfaceHardware]: No controller active in LOW_LEVEL_SERVOING mode !
[ros2_control_node-1] [DEBUG] [1765399574.909901650] [KortexMultiInterfaceHardware]: No controller active in LOW_LEVEL_SERVOING mode !
[ros2_control_node-1] [DEBUG] [1765399574.910130920] [KortexMultiInterfaceHardware]: No controller active in LOW_LEVEL_SERVOING mode !
[ros2_control_node-1] [DEBUG] [1765399574.910359543] [KortexMultiInterfaceHardware]: No controller active in LOW_LEVEL_SERVOING mode !
[ros2_control_node-1] [DEBUG] [1765399574.910587924] [KortexMultiInterfaceHardware]: No controller active in LOW_LEVEL_SERVOING mode !
[ros2_control_node-1] [DEBUG] [1765399574.910818055] [KortexMultiInterfaceHardware]: No controller active in LOW_LEVEL_SERVOING mode !
[ros2_control_node-1] [DEBUG] [1765399574.911048167] [KortexMultiInterfaceHardware]: No controller active in LOW_LEVEL_SERVOING mode !
[ros2_control_node-1] [DEBUG] [1765399574.911499593] [KortexMultiInterfaceHardware]: No controller active in LOW_LEVEL_SERVOING mode !
[ros2_control_node-1] [DEBUG] [1765399574.911756564] [KortexMultiInterfaceHardware]: No controller active in LOW_LEVEL_SERVOING mode !
[ros2_control_node-1] [DEBUG] [1765399574.911985738] [KortexMultiInterfaceHardware]: No controller active in LOW_LEVEL_SERVOING mode !
[ros2_control_node-1] [DEBUG] [1765399574.912216330] [KortexMultiInterfaceHardware]: No controller active in LOW_LEVEL_SERVOING mode !
[ros2_control_node-1] [DEBUG] [1765399574.912443415] [KortexMultiInterfaceHardware]: No controller active in LOW_LEVEL_SERVOING mode !
[ros2_control_node-1] [DEBUG] [1765399574.912693427] [KortexMultiInterfaceHardware]: No controller active in LOW_LEVEL_SERVOING mode !
[ros2_control_node-1] [DEBUG] [1765399574.912922148] [KortexMultiInterfaceHardware]: No controller active in LOW_LEVEL_SERVOING mode !
[ros2_control_node-1] [DEBUG] [1765399574.913152048] [KortexMultiInterfaceHardware]: No controller active in LOW_LEVEL_SERVOING mode !
[ros2_control_node-1] [DEBUG] [1765399574.913423846] [KortexMultiInterfaceHardware]: No controller active in LOW_LEVEL_SERVOING mode !
[ros2_control_node-1] [DEBUG] [1765399574.913651987] [KortexMultiInterfaceHardware]: No controller active in LOW_LEVEL_SERVOING mode !
[ros2_control_node-1] [DEBUG] [1765399574.913879984] [KortexMultiInterfaceHardware]: No controller active in LOW_LEVEL_SERVOING mode !
[ros2_control_node-1] [DEBUG] [1765399574.914109877] [KortexMultiInterfaceHardware]: No controller active in LOW_LEVEL_SERVOING mode !
[ros2_control_node-1] [DEBUG] [1765399574.914472631] [KortexMultiInterfaceHardware]: No controller active in LOW_LEVEL_SERVOING mode !
[ros2_control_node-1] [DEBUG] [1765399574.914693149] [KortexMultiInterfaceHardware]: No controller active in LOW_LEVEL_SERVOING mode !
[ros2_control_node-1] [DEBUG] [1765399574.914943916] [KortexMultiInterfaceHardware]: No controller active in LOW_LEVEL_SERVOING mode !
[ros2_control_node-1] [DEBUG] [1765399574.915172041] [KortexMultiInterfaceHardware]: No controller active in LOW_LEVEL_SERVOING mode !
[ros2_control_node-1] [DEBUG] [1765399574.915425427] [KortexMultiInterfaceHardware]: No controller active in LOW_LEVEL_SERVOING mode !
[ros2_control_node-1] [DEBUG] [1765399574.915675238] [KortexMultiInterfaceHardware]: No controller active in LOW_LEVEL_SERVOING mode !
[ros2_control_node-1] [DEBUG] [1765399574.915901713] [KortexMultiInterfaceHardware]: No controller active in LOW_LEVEL_SERVOING mode !
[ros2_control_node-1] [DEBUG] [1765399574.916131567] [KortexMultiInterfaceHardware]: No controller active in LOW_LEVEL_SERVOING mode !
[ros2_control_node-1] [DEBUG] [1765399574.916380970] [KortexMultiInterfaceHardware]: No controller active in LOW_LEVEL_SERVOING mode !
[ros2_control_node-1] [DEBUG] [1765399574.916609677] [KortexMultiInterfaceHardware]: No controller active in LOW_LEVEL_SERVOING mode !
[ros2_control_node-1] [DEBUG] [1765399574.916838286] [KortexMultiInterfaceHardware]: No controller active in LOW_LEVEL_SERVOING mode !
[ros2_control_node-1] [DEBUG] [1765399574.917068499] [KortexMultiInterfaceHardware]: No controller active in LOW_LEVEL_SERVOING mode !
[ros2_control_node-1] [DEBUG] [1765399574.917461918] [KortexMultiInterfaceHardware]: No controller active in LOW_LEVEL_SERVOING mode !
[ros2_control_node-1] [DEBUG] [1765399574.917695343] [KortexMultiInterfaceHardware]: No controller active in LOW_LEVEL_SERVOING mode !
[ros2_control_node-1] [DEBUG] [1765399574.917923137] [KortexMultiInterfaceHardware]: No controller active in LOW_LEVEL_SERVOING mode !
[ros2_control_node-1] [DEBUG] [1765399574.918152549] [KortexMultiInterfaceHardware]: No controller active in LOW_LEVEL_SERVOING mode !
[ros2_control_node-1] [DEBUG] [1765399574.918422377] [KortexMultiInterfaceHardware]: No controller active in LOW_LEVEL_SERVOING mode !
[ros2_control_node-1] [DEBUG] [1765399574.918677881] [KortexMultiInterfaceHardware]: No controller active in LOW_LEVEL_SERVOING mode !
[ros2_control_node-1] [DEBUG] [1765399574.918925646] [KortexMultiInterfaceHardware]: No controller active in LOW_LEVEL_SERVOING mode !
[ros2_control_node-1] [DEBUG] [1765399574.919177147] [KortexMultiInterfaceHardware]: No controller active in LOW_LEVEL_SERVOING mode !
[ros2_control_node-1] [DEBUG] [1765399574.919446855] [KortexMultiInterfaceHardware]: No controller active in LOW_LEVEL_SERVOING mode !
[ros2_control_node-1] [DEBUG] [1765399574.919673767] [KortexMultiInterfaceHardware]: No controller active in LOW_LEVEL_SERVOING mode !
[ros2_control_node-1] [DEBUG] [1765399574.919904313] [KortexMultiInterfaceHardware]: No controller active in LOW_LEVEL_SERVOING mode !
[ros2_control_node-1] [DEBUG] [1765399574.920436054] [KortexMultiInterfaceHardware]: No controller active in LOW_LEVEL_SERVOING mode !
[ros2_control_node-1] [DEBUG] [1765399574.920699769] [KortexMultiInterfaceHardware]: No controller active in LOW_LEVEL_SERVOING mode !
[ros2_control_node-1] [DEBUG] [1765399574.920954774] [KortexMultiInterfaceHardware]: No controller active in LOW_LEVEL_SERVOING mode !
[ros2_control_node-1] [DEBUG] [1765399574.921400078] [KortexMultiInterfaceHardware]: No controller active in LOW_LEVEL_SERVOING mode !
[ros2_control_node-1] [DEBUG] [1765399574.921675559] [KortexMultiInterfaceHardware]: No controller active in LOW_LEVEL_SERVOING mode !
[ros2_control_node-1] [DEBUG] [1765399574.921925415] [KortexMultiInterfaceHardware]: No controller active in LOW_LEVEL_SERVOING mode !
[ros2_control_node-1] [DEBUG] [1765399574.922178948] [KortexMultiInterfaceHardware]: No controller active in LOW_LEVEL_SERVOING mode !
[ros2_control_node-1] [DEBUG] [1765399574.922471770] [KortexMultiInterfaceHardware]: No controller active in LOW_LEVEL_SERVOING mode !
[ros2_control_node-1] [DEBUG] [1765399574.922739431] [KortexMultiInterfaceHardware]: No controller active in LOW_LEVEL_SERVOING mode !
[ros2_control_node-1] [DEBUG] [1765399574.922992042] [KortexMultiInterfaceHardware]: No controller active in LOW_LEVEL_SERVOING mode !
[ros2_control_node-1] [DEBUG] [1765399574.923528578] [KortexMultiInterfaceHardware]: No controller active in LOW_LEVEL_SERVOING mode !
[ros2_control_node-1] [DEBUG] [1765399574.923799178] [KortexMultiInterfaceHardware]: No controller active in LOW_LEVEL_SERVOING mode !
[ros2_control_node-1] [DEBUG] [1765399574.924050315] [KortexMultiInterfaceHardware]: No controller active in LOW_LEVEL_SERVOING mode !
[ros2_control_node-1] [DEBUG] [1765399574.924475043] [KortexMultiInterfaceHardware]: No controller active in LOW_LEVEL_SERVOING mode !
[ros2_control_node-1] [DEBUG] [1765399574.924737657] [KortexMultiInterfaceHardware]: No controller active in LOW_LEVEL_SERVOING mode !
[ros2_control_node-1] [DEBUG] [1765399574.924988086] [KortexMultiInterfaceHardware]: No controller active in LOW_LEVEL_SERVOING mode !
[ros2_control_node-1] [DEBUG] [1765399574.925216500] [KortexMultiInterfaceHardware]: No controller active in LOW_LEVEL_SERVOING mode !
[ros2_control_node-1] [DEBUG] [1765399574.925446001] [KortexMultiInterfaceHardware]: No controller active in LOW_LEVEL_SERVOING mode !
[ros2_control_node-1] [DEBUG] [1765399574.925695438] [KortexMultiInterfaceHardware]: No controller active in LOW_LEVEL_SERVOING mode !
[ros2_control_node-1] [DEBUG] [1765399574.925924792] [KortexMultiInterfaceHardware]: No controller active in LOW_LEVEL_SERVOING mode !
[ros2_control_node-1] [DEBUG] [1765399574.926451428] [KortexMultiInterfaceHardware]: No controller active in LOW_LEVEL_SERVOING mode !
[ros2_control_node-1] [DEBUG] [1765399574.926673969] [KortexMultiInterfaceHardware]: No controller active in LOW_LEVEL_SERVOING mode !
[ros2_control_node-1] [DEBUG] [1765399574.926901389] [KortexMultiInterfaceHardware]: No controller active in LOW_LEVEL_SERVOING mode !
[ros2_control_node-1] [DEBUG] [1765399574.927130555] [KortexMultiInterfaceHardware]: No controller active in LOW_LEVEL_SERVOING mode !
[ros2_control_node-1] [DEBUG] [1765399574.927423135] [KortexMultiInterfaceHardware]: No controller active in LOW_LEVEL_SERVOING mode !
[ros2_control_node-1] [DEBUG] [1765399574.927672680] [KortexMultiInterfaceHardware]: No controller active in LOW_LEVEL_SERVOING mode !
[ros2_control_node-1] [DEBUG] [1765399574.927901858] [KortexMultiInterfaceHardware]: No controller active in LOW_LEVEL_SERVOING mode !
[ros2_control_node-1] [DEBUG] [1765399574.928130282] [KortexMultiInterfaceHardware]: No controller active in LOW_LEVEL_SERVOING mode !
[ros2_control_node-1] [DEBUG] [1765399574.928422150] [KortexMultiInterfaceHardware]: No controller active in LOW_LEVEL_SERVOING mode !
[ros2_control_node-1] [DEBUG] [1765399574.928651198] [KortexMultiInterfaceHardware]: No controller active in LOW_LEVEL_SERVOING mode !
[ros2_control_node-1] [DEBUG] [1765399574.928880006] [KortexMultiInterfaceHardware]: No controller active in LOW_LEVEL_SERVOING mode !
[ros2_control_node-1] [DEBUG] [1765399574.929109697] [KortexMultiInterfaceHardware]: No controller active in LOW_LEVEL_SERVOING mode !
[ros2_control_node-1] [DEBUG] [1765399574.929345387] [KortexMultiInterfaceHardware]: No controller active in LOW_LEVEL_SERVOING mode !
[ros2_control_node-1] [DEBUG] [1765399574.929576005] [KortexMultiInterfaceHardware]: No controller active in LOW_LEVEL_SERVOING mode !
[ros2_control_node-1] [DEBUG] [1765399574.929818759] [KortexMultiInterfaceHardware]: No controller active in LOW_LEVEL_SERVOING mode !
[ros2_control_node-1] [DEBUG] [1765399574.930047727] [KortexMultiInterfaceHardware]: No controller active in LOW_LEVEL_SERVOING mode !
[ros2_control_node-1] [DEBUG] [1765399574.930436996] [KortexMultiInterfaceHardware]: No controller active in LOW_LEVEL_SERVOING mode !
[ros2_control_node-1] [INFO] [1765399574.930457748] [controller_manager]: Loading controller 'gen3_lite_2f_gripper_controller'
[ros2_control_node-1] [DEBUG] [1765399574.930674415] [KortexMultiInterfaceHardware]: No controller active in LOW_LEVEL_SERVOING mode !
[ros2_control_node-1] [DEBUG] [1765399574.930923173] [KortexMultiInterfaceHardware]: No controller active in LOW_LEVEL_SERVOING mode !
[ros2_control_node-1] [DEBUG] [1765399574.931155913] [KortexMultiInterfaceHardware]: No controller active in LOW_LEVEL_SERVOING mode !
[ros2_control_node-1] [DEBUG] [1765399574.931423439] [KortexMultiInterfaceHardware]: No controller active in LOW_LEVEL_SERVOING mode !
[ros2_control_node-1] [DEBUG] [1765399574.931690144] [KortexMultiInterfaceHardware]: No controller active in LOW_LEVEL_SERVOING mode !
[ros2_control_node-1] [DEBUG] [1765399574.932239951] [KortexMultiInterfaceHardware]: No controller active in LOW_LEVEL_SERVOING mode !
[ros2_control_node-1] [DEBUG] [1765399574.932545801] [KortexMultiInterfaceHardware]: No controller active in LOW_LEVEL_SERVOING mode !
[ros2_control_node-1] [DEBUG] [1765399574.932801203] [KortexMultiInterfaceHardware]: No controller active in LOW_LEVEL_SERVOING mode !
[ros2_control_node-1] [DEBUG] [1765399574.933040522] [KortexMultiInterfaceHardware]: No controller active in LOW_LEVEL_SERVOING mode !
[ros2_control_node-1] [DEBUG] [1765399574.933433781] [KortexMultiInterfaceHardware]: No controller active in LOW_LEVEL_SERVOING mode !
[ros2_control_node-1] [DEBUG] [1765399574.933681149] [KortexMultiInterfaceHardware]: No controller active in LOW_LEVEL_SERVOING mode !
[ros2_control_node-1] [DEBUG] [1765399574.933955455] [KortexMultiInterfaceHardware]: No controller active in LOW_LEVEL_SERVOING mode !
[ros2_control_node-1] [DEBUG] [1765399574.934200526] [KortexMultiInterfaceHardware]: No controller active in LOW_LEVEL_SERVOING mode !
[ros2_control_node-1] [DEBUG] [1765399574.934435582] [KortexMultiInterfaceHardware]: No controller active in LOW_LEVEL_SERVOING mode !
[ros2_control_node-1] [DEBUG] [1765399574.934683438] [KortexMultiInterfaceHardware]: No controller active in LOW_LEVEL_SERVOING mode !
[ros2_control_node-1] [DEBUG] [1765399574.935009142] [KortexMultiInterfaceHardware]: No controller active in LOW_LEVEL_SERVOING mode !
[ros2_control_node-1] [DEBUG] [1765399574.935268929] [KortexMultiInterfaceHardware]: No controller active in LOW_LEVEL_SERVOING mode !
[ros2_control_node-1] [DEBUG] [1765399574.935529888] [KortexMultiInterfaceHardware]: No controller active in LOW_LEVEL_SERVOING mode !
[ros2_control_node-1] [DEBUG] [1765399574.935788702] [KortexMultiInterfaceHardware]: No controller active in LOW_LEVEL_SERVOING mode !
[ros2_control_node-1] [DEBUG] [1765399574.936027917] [KortexMultiInterfaceHardware]: No controller active in LOW_LEVEL_SERVOING mode !
[ros2_control_node-1] [DEBUG] [1765399574.936425618] [KortexMultiInterfaceHardware]: No controller active in LOW_LEVEL_SERVOING mode !
[ros2_control_node-1] [DEBUG] [1765399574.936676957] [KortexMultiInterfaceHardware]: No controller active in LOW_LEVEL_SERVOING mode !
[spawner-7] [INFO] [1765399574.936918890] [spawner_gen3_lite_2f_gripper_controller]: [94mLoaded [1mgen3_lite_2f_gripper_controller[0m
[ros2_control_node-1] [DEBUG] [1765399574.936963636] [KortexMultiInterfaceHardware]: No controller active in LOW_LEVEL_SERVOING mode !
[ros2_control_node-1] [INFO] [1765399574.937229429] [controller_manager]: Loading controller 'joint_state_broadcaster'
[ros2_control_node-1] [DEBUG] [1765399574.937235391] [KortexMultiInterfaceHardware]: No controller active in LOW_LEVEL_SERVOING mode !
[ros2_control_node-1] [DEBUG] [1765399574.937501301] [KortexMultiInterfaceHardware]: No controller active in LOW_LEVEL_SERVOING mode !
[ros2_control_node-1] [DEBUG] [1765399574.937756014] [KortexMultiInterfaceHardware]: No controller active in LOW_LEVEL_SERVOING mode !
[ros2_control_node-1] [DEBUG] [1765399574.938018569] [KortexMultiInterfaceHardware]: No controller active in LOW_LEVEL_SERVOING mode !
[ros2_control_node-1] [DEBUG] [1765399574.938245684] [KortexMultiInterfaceHardware]: No controller active in LOW_LEVEL_SERVOING mode !
[ros2_control_node-1] [DEBUG] [1765399574.938504322] [KortexMultiInterfaceHardware]: No controller active in LOW_LEVEL_SERVOING mode !
[ros2_control_node-1] [DEBUG] [1765399574.938885454] [KortexMultiInterfaceHardware]: No controller active in LOW_LEVEL_SERVOING mode !
[ros2_control_node-1] [DEBUG] [1765399574.939405153] [KortexMultiInterfaceHardware]: No controller active in LOW_LEVEL_SERVOING mode !
[ros2_control_node-1] [DEBUG] [1765399574.939672660] [KortexMultiInterfaceHardware]: No controller active in LOW_LEVEL_SERVOING mode !
[ros2_control_node-1] [DEBUG] [1765399574.939945304] [KortexMultiInterfaceHardware]: No controller active in LOW_LEVEL_SERVOING mode !
[ros2_control_node-1] [DEBUG] [1765399574.940192229] [KortexMultiInterfaceHardware]: No controller active in LOW_LEVEL_SERVOING mode !
[ros2_control_node-1] [DEBUG] [1765399574.940438543] [KortexMultiInterfaceHardware]: No controller active in LOW_LEVEL_SERVOING mode !
[ros2_control_node-1] [DEBUG] [1765399574.940719520] [KortexMultiInterfaceHardware]: No controller active in LOW_LEVEL_SERVOING mode !
[ros2_control_node-1] [DEBUG] [1765399574.940953048] [KortexMultiInterfaceHardware]: No controller active in LOW_LEVEL_SERVOING mode !
[ros2_control_node-1] [DEBUG] [1765399574.941184548] [KortexMultiInterfaceHardware]: No controller active in LOW_LEVEL_SERVOING mode !
[ros2_control_node-1] [DEBUG] [1765399574.941430324] [KortexMultiInterfaceHardware]: No controller active in LOW_LEVEL_SERVOING mode !
[ros2_control_node-1] [DEBUG] [1765399574.941687079] [KortexMultiInterfaceHardware]: No controller active in LOW_LEVEL_SERVOING mode !
[ros2_control_node-1] [DEBUG] [1765399574.941934847] [KortexMultiInterfaceHardware]: No controller active in LOW_LEVEL_SERVOING mode !
[ros2_control_node-1] [DEBUG] [1765399574.942469672] [KortexMultiInterfaceHardware]: No controller active in LOW_LEVEL_SERVOING mode !
[ros2_control_node-1] [DEBUG] [1765399574.942728650] [KortexMultiInterfaceHardware]: No controller active in LOW_LEVEL_SERVOING mode !
[ros2_control_node-1] [INFO] [1765399574.942849911] [controller_manager]: Configuring controller 'gen3_lite_2f_gripper_controller'
[ros2_control_node-1] [INFO] [1765399574.942903859] [gen3_lite_2f_gripper_controller]: Action status changes will be monitored at 20.000000 Hz.
[ros2_control_node-1] [DEBUG] [1765399574.942983735] [KortexMultiInterfaceHardware]: No controller active in LOW_LEVEL_SERVOING mode !
[spawner-3] [INFO] [1765399574.943239859] [spawner_joint_state_broadcaster]: [94mLoaded [1mjoint_state_broadcaster[0m
[ros2_control_node-1] [DEBUG] [1765399574.943428681] [KortexMultiInterfaceHardware]: No controller active in LOW_LEVEL_SERVOING mode !
[ros2_control_node-1] [DEBUG] [1765399574.943738045] [KortexMultiInterfaceHardware]: No controller active in LOW_LEVEL_SERVOING mode !
[ros2_control_node-1] [INFO] [1765399574.943839708] [controller_manager]: Loading controller 'twist_controller'
[ros2_control_node-1] [DEBUG] [1765399574.944040702] [KortexMultiInterfaceHardware]: No controller active in LOW_LEVEL_SERVOING mode !
[ros2_control_node-1] [DEBUG] [1765399574.944302814] [KortexMultiInterfaceHardware]: No controller active in LOW_LEVEL_SERVOING mode !
[ros2_control_node-1] [DEBUG] [1765399574.944597317] [KortexMultiInterfaceHardware]: No controller active in LOW_LEVEL_SERVOING mode !
[ros2_control_node-1] [DEBUG] [1765399574.944864863] [KortexMultiInterfaceHardware]: No controller active in LOW_LEVEL_SERVOING mode !
[ros2_control_node-1] [DEBUG] [1765399574.945492010] [KortexMultiInterfaceHardware]: No controller active in LOW_LEVEL_SERVOING mode !
[ros2_control_node-1] [DEBUG] [1765399574.946026344] [KortexMultiInterfaceHardware]: No controller active in LOW_LEVEL_SERVOING mode !
[ros2_control_node-1] [DEBUG] [1765399574.946441919] [KortexMultiInterfaceHardware]: No controller active in LOW_LEVEL_SERVOING mode !
[ros2_control_node-1] [DEBUG] [1765399574.946706988] [KortexMultiInterfaceHardware]: No controller active in LOW_LEVEL_SERVOING mode !
[ros2_control_node-1] [DEBUG] [1765399574.946994452] [KortexMultiInterfaceHardware]: No controller active in LOW_LEVEL_SERVOING mode !
[ros2_control_node-1] [DEBUG] [1765399574.947261744] [KortexMultiInterfaceHardware]: No controller active in LOW_LEVEL_SERVOING mode !
[ros2_control_node-1] [DEBUG] [1765399574.947534988] [KortexMultiInterfaceHardware]: No controller active in LOW_LEVEL_SERVOING mode !
[ros2_control_node-1] [DEBUG] [1765399574.947826279] [KortexMultiInterfaceHardware]: No controller active in LOW_LEVEL_SERVOING mode !
[ros2_control_node-1] [DEBUG] [1765399574.948423509] [KortexMultiInterfaceHardware]: No controller active in LOW_LEVEL_SERVOING mode !
[ros2_control_node-1] [DEBUG] [1765399574.948682704] [KortexMultiInterfaceHardware]: No controller active in LOW_LEVEL_SERVOING mode !
[ros2_control_node-1] [INFO] [1765399574.948881778] [controller_manager]: Configuring controller 'joint_state_broadcaster'
[ros2_control_node-1] [INFO] [1765399574.948919251] [joint_state_broadcaster]: 'joints' or 'interfaces' parameter is empty. All available state interfaces will be published
[ros2_control_node-1] [DEBUG] [1765399574.948940910] [KortexMultiInterfaceHardware]: No controller active in LOW_LEVEL_SERVOING mode !
[ros2_control_node-1] [DEBUG] [1765399574.949424287] [KortexMultiInterfaceHardware]: No controller active in LOW_LEVEL_SERVOING mode !
[spawner-5] [INFO] [1765399574.949668449] [spawner_twist_controller]: [94mLoaded [1mtwist_controller[0m
[ros2_control_node-1] [DEBUG] [1765399574.949686114] [KortexMultiInterfaceHardware]: No controller active in LOW_LEVEL_SERVOING mode !
[ros2_control_node-1] [DEBUG] [1765399574.949959985] [KortexMultiInterfaceHardware]: No controller active in LOW_LEVEL_SERVOING mode !
[ros2_control_node-1] [DEBUG] [1765399574.950196939] [KortexMultiInterfaceHardware]: No controller active in LOW_LEVEL_SERVOING mode !
[ros2_control_node-1] [DEBUG] [1765399574.950444359] [KortexMultiInterfaceHardware]: No controller active in LOW_LEVEL_SERVOING mode !
[ros2_control_node-1] [DEBUG] [1765399574.950702731] [KortexMultiInterfaceHardware]: No controller active in LOW_LEVEL_SERVOING mode !
[ros2_control_node-1] [DEBUG] [1765399574.950947531] [KortexMultiInterfaceHardware]: No controller active in LOW_LEVEL_SERVOING mode !
[ros2_control_node-1] [DEBUG] [1765399574.951174530] [KortexMultiInterfaceHardware]: No controller active in LOW_LEVEL_SERVOING mode !
[ros2_control_node-1] [DEBUG] [1765399574.951452503] [KortexMultiInterfaceHardware]: No controller active in LOW_LEVEL_SERVOING mode !
[ros2_control_node-1] [DEBUG] [1765399574.951693753] [KortexMultiInterfaceHardware]: No controller active in LOW_LEVEL_SERVOING mode !
[ros2_control_node-1] [INFO] [1765399574.951825292] [controller_manager]: Loading controller 'joint_trajectory_controller'
[ros2_control_node-1] [DEBUG] [1765399574.951944469] [KortexMultiInterfaceHardware]: No controller active in LOW_LEVEL_SERVOING mode !
[ros2_control_node-1] [DEBUG] [1765399574.952430681] [KortexMultiInterfaceHardware]: No controller active in LOW_LEVEL_SERVOING mode !
[ros2_control_node-1] [DEBUG] [1765399574.952733775] [KortexMultiInterfaceHardware]: No controller active in LOW_LEVEL_SERVOING mode !
[ros2_control_node-1] [DEBUG] [1765399574.953021435] [KortexMultiInterfaceHardware]: No controller active in LOW_LEVEL_SERVOING mode !
[ros2_control_node-1] [DEBUG] [1765399574.953428260] [KortexMultiInterfaceHardware]: No controller active in LOW_LEVEL_SERVOING mode !
[ros2_control_node-1] [DEBUG] [1765399574.953732339] [KortexMultiInterfaceHardware]: No controller active in LOW_LEVEL_SERVOING mode !
[ros2_control_node-1] [DEBUG] [1765399574.954046307] [KortexMultiInterfaceHardware]: No controller active in LOW_LEVEL_SERVOING mode !
[ros2_control_node-1] [DEBUG] [1765399574.954330119] [KortexMultiInterfaceHardware]: No controller active in LOW_LEVEL_SERVOING mode !
[ros2_control_node-1] [DEBUG] [1765399574.954581578] [KortexMultiInterfaceHardware]: No controller active in LOW_LEVEL_SERVOING mode !
[ros2_control_node-1] [DEBUG] [1765399574.954831953] [KortexMultiInterfaceHardware]: No controller active in LOW_LEVEL_SERVOING mode !
[ros2_control_node-1] [DEBUG] [1765399574.955081664] [KortexMultiInterfaceHardware]: No controller active in LOW_LEVEL_SERVOING mode !
[ros2_control_node-1] [DEBUG] [1765399574.955455549] [KortexMultiInterfaceHardware]: No controller active in LOW_LEVEL_SERVOING mode !
[ros2_control_node-1] [DEBUG] [1765399574.955721993] [KortexMultiInterfaceHardware]: No controller active in LOW_LEVEL_SERVOING mode !
[ros2_control_node-1] [DEBUG] [1765399574.956004626] [KortexMultiInterfaceHardware]: No controller active in LOW_LEVEL_SERVOING mode !
[ros2_control_node-1] [DEBUG] [1765399574.956386568] [KortexMultiInterfaceHardware]: No controller active in LOW_LEVEL_SERVOING mode !
[ros2_control_node-1] [DEBUG] [1765399574.956706056] [KortexMultiInterfaceHardware]: No controller active in LOW_LEVEL_SERVOING mode !
[ros2_control_node-1] [DEBUG] [1765399574.956985696] [KortexMultiInterfaceHardware]: No controller active in LOW_LEVEL_SERVOING mode !
[ros2_control_node-1] [DEBUG] [1765399574.957229082] [KortexMultiInterfaceHardware]: No controller active in LOW_LEVEL_SERVOING mode !
[ros2_control_node-1] [DEBUG] [1765399574.957495081] [KortexMultiInterfaceHardware]: No controller active in LOW_LEVEL_SERVOING mode !
[ros2_control_node-1] [DEBUG] [1765399574.957740329] [KortexMultiInterfaceHardware]: No controller active in LOW_LEVEL_SERVOING mode !
[ros2_control_node-1] [DEBUG] [1765399574.957976950] [KortexMultiInterfaceHardware]: No controller active in LOW_LEVEL_SERVOING mode !
[ros2_control_node-1] [DEBUG] [1765399574.958432838] [KortexMultiInterfaceHardware]: No controller active in LOW_LEVEL_SERVOING mode !
[ros2_control_node-1] [DEBUG] [1765399574.958680705] [KortexMultiInterfaceHardware]: No controller active in LOW_LEVEL_SERVOING mode !
[ros2_control_node-1] [DEBUG] [1765399574.958935413] [KortexMultiInterfaceHardware]: No controller active in LOW_LEVEL_SERVOING mode !
[ros2_control_node-1] [WARN] [1765399574.959161555] [joint_trajectory_controller]: [Deprecated]: "allow_nonzero_velocity_at_trajectory_end" is set to true. The default behavior will change to false.
[ros2_control_node-1] [DEBUG] [1765399574.959187629] [KortexMultiInterfaceHardware]: No controller active in LOW_LEVEL_SERVOING mode !
[ros2_control_node-1] [DEBUG] [1765399574.959429395] [KortexMultiInterfaceHardware]: No controller active in LOW_LEVEL_SERVOING mode !
[ros2_control_node-1] [INFO] [1765399574.959651353] [controller_manager]: Configuring controller 'twist_controller'
[ros2_control_node-1] [DEBUG] [1765399574.959686286] [KortexMultiInterfaceHardware]: No controller active in LOW_LEVEL_SERVOING mode !
[ros2_control_node-1] [DEBUG] [1765399574.959945211] [KortexMultiInterfaceHardware]: No controller active in LOW_LEVEL_SERVOING mode !
[spawner-4] [INFO] [1765399574.960081451] [spawner_joint_trajectory_controller]: [94mLoaded [1mjoint_trajectory_controller[0m
[ros2_control_node-1] [INFO] [1765399574.960189326] [twist_controller]: configure successful
[ros2_control_node-1] [DEBUG] [1765399574.960211692] [KortexMultiInterfaceHardware]: No controller active in LOW_LEVEL_SERVOING mode !
[ros2_control_node-1] [DEBUG] [1765399574.960524826] [KortexMultiInterfaceHardware]: No controller active in LOW_LEVEL_SERVOING mode !
[ros2_control_node-1] [DEBUG] [1765399574.960868668] [KortexMultiInterfaceHardware]: No controller active in LOW_LEVEL_SERVOING mode !
[ros2_control_node-1] [INFO] [1765399574.960874464] [controller_manager]: Loading controller 'fault_controller'
[ros2_control_node-1] [DEBUG] [1765399574.961403364] [KortexMultiInterfaceHardware]: No controller active in LOW_LEVEL_SERVOING mode !
[ros2_control_node-1] [DEBUG] [1765399574.961695911] [KortexMultiInterfaceHardware]: No controller active in LOW_LEVEL_SERVOING mode !
[ros2_control_node-1] [DEBUG] [1765399574.961989329] [KortexMultiInterfaceHardware]: No controller active in LOW_LEVEL_SERVOING mode !
[ros2_control_node-1] [DEBUG] [1765399574.962479814] [KortexMultiInterfaceHardware]: No controller active in LOW_LEVEL_SERVOING mode !
[ros2_control_node-1] [DEBUG] [1765399574.962788661] [KortexMultiInterfaceHardware]: No controller active in LOW_LEVEL_SERVOING mode !
[ros2_control_node-1] [DEBUG] [1765399574.963069329] [KortexMultiInterfaceHardware]: No controller active in LOW_LEVEL_SERVOING mode !
[ros2_control_node-1] [DEBUG] [1765399574.963347568] [KortexMultiInterfaceHardware]: No controller active in LOW_LEVEL_SERVOING mode !
[ros2_control_node-1] [DEBUG] [1765399574.963675182] [KortexMultiInterfaceHardware]: No controller active in LOW_LEVEL_SERVOING mode !
[ros2_control_node-1] [DEBUG] [1765399574.963948632] [KortexMultiInterfaceHardware]: No controller active in LOW_LEVEL_SERVOING mode !
[ros2_control_node-1] [DEBUG] [1765399574.964461889] [KortexMultiInterfaceHardware]: No controller active in LOW_LEVEL_SERVOING mode !
[ros2_control_node-1] [DEBUG] [1765399574.964732980] [KortexMultiInterfaceHardware]: No controller active in LOW_LEVEL_SERVOING mode !
[ros2_control_node-1] [DEBUG] [1765399574.965009445] [KortexMultiInterfaceHardware]: No controller active in LOW_LEVEL_SERVOING mode !
[ros2_control_node-1] [DEBUG] [1765399574.965418181] [KortexMultiInterfaceHardware]: No controller active in LOW_LEVEL_SERVOING mode !
[ros2_control_node-1] [INFO] [1765399574.965547392] [controller_manager]: Configuring controller 'joint_trajectory_controller'
[ros2_control_node-1] [DEBUG] [1765399574.965693339] [KortexMultiInterfaceHardware]: No controller active in LOW_LEVEL_SERVOING mode !
[ros2_control_node-1] [INFO] [1765399574.965747556] [joint_trajectory_controller]: No specific joint names are used for command interfaces. Using 'joints' parameter.
[ros2_control_node-1] [INFO] [1765399574.965787884] [joint_trajectory_controller]: Command interfaces are [position] and state interfaces are [position velocity].
[ros2_control_node-1] [INFO] [1765399574.965834888] [joint_trajectory_controller]: Using 'splines' interpolation method.
[ros2_control_node-1] [DEBUG] [1765399574.965965570] [KortexMultiInterfaceHardware]: No controller active in LOW_LEVEL_SERVOING mode !
[ros2_control_node-1] [DEBUG] [1765399574.966226215] [KortexMultiInterfaceHardware]: No controller active in LOW_LEVEL_SERVOING mode !
[spawner-6] [INFO] [1765399574.966435519] [spawner_fault_controller]: [94mLoaded [1mfault_controller[0m
[ros2_control_node-1] [INFO] [1765399574.966474735] [joint_trajectory_controller]: Controller state will be published at 100.00 Hz.
[ros2_control_node-1] [DEBUG] [1765399574.966475965] [KortexMultiInterfaceHardware]: No controller active in LOW_LEVEL_SERVOING mode !
[ros2_control_node-1] [DEBUG] [1765399574.966787830] [KortexMultiInterfaceHardware]: No controller active in LOW_LEVEL_SERVOING mode !
[ros2_control_node-1] [DEBUG] [1765399574.967037518] [KortexMultiInterfaceHardware]: No controller active in LOW_LEVEL_SERVOING mode !
[ros2_control_node-1] [DEBUG] [1765399574.967475981] [KortexMultiInterfaceHardware]: No controller active in LOW_LEVEL_SERVOING mode !
[ros2_control_node-1] [DEBUG] [1765399574.967764356] [KortexMultiInterfaceHardware]: No controller active in LOW_LEVEL_SERVOING mode !
[ros2_control_node-1] [DEBUG] [1765399574.968067507] [KortexMultiInterfaceHardware]: No controller active in LOW_LEVEL_SERVOING mode !
[ros2_control_node-1] [INFO] [1765399574.968154175] [joint_trajectory_controller]: Action status changes will be monitored at 20.00 Hz.
[ros2_control_node-1] [DEBUG] [1765399574.968448136] [KortexMultiInterfaceHardware]: No controller active in LOW_LEVEL_SERVOING mode !
[ros2_control_node-1] [DEBUG] [1765399574.968728725] [KortexMultiInterfaceHardware]: No controller active in LOW_LEVEL_SERVOING mode !
[ros2_control_node-1] [DEBUG] [1765399574.969070548] [KortexMultiInterfaceHardware]: No controller active in LOW_LEVEL_SERVOING mode !
[ros2_control_node-1] [DEBUG] [1765399574.969403767] [KortexMultiInterfaceHardware]: No controller active in LOW_LEVEL_SERVOING mode !
[ros2_control_node-1] [DEBUG] [1765399574.969692305] [KortexMultiInterfaceHardware]: No controller active in LOW_LEVEL_SERVOING mode !
[ros2_control_node-1] [DEBUG] [1765399574.969983340] [KortexMultiInterfaceHardware]: No controller active in LOW_LEVEL_SERVOING mode !
[ros2_control_node-1] [DEBUG] [1765399574.970459515] [KortexMultiInterfaceHardware]: No controller active in LOW_LEVEL_SERVOING mode !
[ros2_control_node-1] [DEBUG] [1765399574.970739596] [KortexMultiInterfaceHardware]: No controller active in LOW_LEVEL_SERVOING mode !
[ros2_control_node-1] [INFO] [1765399574.970770550] [controller_manager]: Configuring controller 'fault_controller'
[ros2_control_node-1] [DEBUG] [1765399574.971041305] [KortexMultiInterfaceHardware]: No controller active in LOW_LEVEL_SERVOING mode !
[ros2_control_node-1] [DEBUG] [1765399574.971483385] [KortexMultiInterfaceHardware]: No controller active in LOW_LEVEL_SERVOING mode !
[INFO] [spawner-5]: process has finished cleanly [pid 15380]
[move_group-9] [INFO] [1765399575.095485607] [moveit.ros_planning_interface.moveit_cpp]: Loading planning pipeline 'ompl'
[move_group-9] [INFO] [1765399575.104147987] [moveit.ros_planning.planning_pipeline]: Using planning interface 'OMPL'
[move_group-9] [INFO] [1765399575.106303699] [moveit_ros.add_time_optimal_parameterization]: Param 'ompl.path_tolerance' was not set. Using default value: 0.100000
[move_group-9] [INFO] [1765399575.106314796] [moveit_ros.add_time_optimal_parameterization]: Param 'ompl.resample_dt' was not set. Using default value: 0.100000
[move_group-9] [INFO] [1765399575.106317747] [moveit_ros.add_time_optimal_parameterization]: Param 'ompl.min_angle_change' was not set. Using default value: 0.001000
[move_group-9] [INFO] [1765399575.106331057] [moveit_ros.fix_workspace_bounds]: Param 'ompl.default_workspace_bounds' was not set. Using default value: 10.000000
[move_group-9] [INFO] [1765399575.106341064] [moveit_ros.fix_start_state_bounds]: Param 'ompl.start_state_max_bounds_error' was set to 0.100000
[move_group-9] [INFO] [1765399575.106344171] [moveit_ros.fix_start_state_bounds]: Param 'ompl.start_state_max_dt' was not set. Using default value: 0.500000
[move_group-9] [INFO] [1765399575.106351282] [moveit_ros.fix_start_state_collision]: Param 'ompl.start_state_max_dt' was not set. Using default value: 0.500000
[move_group-9] [INFO] [1765399575.106353949] [moveit_ros.fix_start_state_collision]: Param 'ompl.jiggle_fraction' was not set. Using default value: 0.020000
[move_group-9] [INFO] [1765399575.106357002] [moveit_ros.fix_start_state_collision]: Param 'ompl.max_sampling_attempts' was not set. Using default value: 100
[move_group-9] [INFO] [1765399575.106363977] [moveit.ros_planning.planning_pipeline]: Using planning request adapter 'Add Time Optimal Parameterization'
[move_group-9] [INFO] [1765399575.106367026] [moveit.ros_planning.planning_pipeline]: Using planning request adapter 'Resolve constraint frames to robot links'
[move_group-9] [INFO] [1765399575.106369273] [moveit.ros_planning.planning_pipeline]: Using planning request adapter 'Fix Workspace Bounds'
[move_group-9] [INFO] [1765399575.106371261] [moveit.ros_planning.planning_pipeline]: Using planning request adapter 'Fix Start State Bounds'
[move_group-9] [INFO] [1765399575.106373131] [moveit.ros_planning.planning_pipeline]: Using planning request adapter 'Fix Start State In Collision'
[move_group-9] [INFO] [1765399575.106397532] [moveit.ros_planning.planning_pipeline]: Using planning request adapter 'Fix Start State Path Constraints'
[move_group-9] [INFO] [1765399575.108345144] [moveit.ros_planning_interface.moveit_cpp]: Loading planning pipeline 'pilz_industrial_motion_planner'
[move_group-9] [INFO] [1765399575.110806943] [moveit.pilz_industrial_motion_planner.joint_limits_aggregator]: Reading limits from namespace robot_description_planning
[move_group-9] [INFO] [1765399575.112907423] [moveit.pilz_industrial_motion_planner]: Available plugins: pilz_industrial_motion_planner/PlanningContextLoaderCIRC pilz_industrial_motion_planner/PlanningContextLoaderLIN pilz_industrial_motion_planner/PlanningContextLoaderPTP 
[move_group-9] [INFO] [1765399575.112919817] [moveit.pilz_industrial_motion_planner]: About to load: pilz_industrial_motion_planner/PlanningContextLoaderCIRC
[move_group-9] [INFO] [1765399575.113895853] [moveit.pilz_industrial_motion_planner]: Registered Algorithm [CIRC]
[move_group-9] [INFO] [1765399575.113905759] [moveit.pilz_industrial_motion_planner]: About to load: pilz_industrial_motion_planner/PlanningContextLoaderLIN
[move_group-9] [INFO] [1765399575.114720900] [moveit.pilz_industrial_motion_planner]: Registered Algorithm [LIN]
[move_group-9] [INFO] [1765399575.114731524] [moveit.pilz_industrial_motion_planner]: About to load: pilz_industrial_motion_planner/PlanningContextLoaderPTP
[move_group-9] [INFO] [1765399575.115490641] [moveit.pilz_industrial_motion_planner]: Registered Algorithm [PTP]
[move_group-9] [INFO] [1765399575.115499509] [moveit.ros_planning.planning_pipeline]: Using planning interface 'Pilz Industrial Motion Planner'
[move_group-9] [INFO] [1765399575.115884748] [moveit.ros_planning_interface.moveit_cpp]: Loading planning pipeline 'chomp'
[move_group-9] [INFO] [1765399575.118454512] [moveit.ros_planning.planning_pipeline]: Using planning interface 'CHOMP'
[move_group-9] [INFO] [1765399575.119804144] [moveit_ros.add_time_optimal_parameterization]: Param 'chomp.path_tolerance' was not set. Using default value: 0.100000
[move_group-9] [INFO] [1765399575.119812018] [moveit_ros.add_time_optimal_parameterization]: Param 'chomp.resample_dt' was not set. Using default value: 0.100000
[move_group-9] [INFO] [1765399575.119815021] [moveit_ros.add_time_optimal_parameterization]: Param 'chomp.min_angle_change' was not set. Using default value: 0.001000
[move_group-9] [INFO] [1765399575.119828811] [moveit_ros.fix_workspace_bounds]: Param 'chomp.default_workspace_bounds' was not set. Using default value: 10.000000
[move_group-9] [INFO] [1765399575.119837764] [moveit_ros.fix_start_state_bounds]: Param 'chomp.start_state_max_bounds_error' was set to 0.100000
[move_group-9] [INFO] [1765399575.119840586] [moveit_ros.fix_start_state_bounds]: Param 'chomp.start_state_max_dt' was not set. Using default value: 0.500000
[move_group-9] [INFO] [1765399575.119847749] [moveit_ros.fix_start_state_collision]: Param 'chomp.start_state_max_dt' was not set. Using default value: 0.500000
[move_group-9] [INFO] [1765399575.119850381] [moveit_ros.fix_start_state_collision]: Param 'chomp.jiggle_fraction' was set to 0.050000
[move_group-9] [INFO] [1765399575.119852891] [moveit_ros.fix_start_state_collision]: Param 'chomp.max_sampling_attempts' was not set. Using default value: 100
[move_group-9] [INFO] [1765399575.119860345] [moveit.ros_planning.planning_pipeline]: Using planning request adapter 'Add Time Optimal Parameterization'
[move_group-9] [INFO] [1765399575.119863194] [moveit.ros_planning.planning_pipeline]: Using planning request adapter 'Resolve constraint frames to robot links'
[move_group-9] [INFO] [1765399575.119865169] [moveit.ros_planning.planning_pipeline]: Using planning request adapter 'Fix Workspace Bounds'
[move_group-9] [INFO] [1765399575.119867168] [moveit.ros_planning.planning_pipeline]: Using planning request adapter 'Fix Start State Bounds'
[move_group-9] [INFO] [1765399575.119869061] [moveit.ros_planning.planning_pipeline]: Using planning request adapter 'Fix Start State In Collision'
[move_group-9] [INFO] [1765399575.119870874] [moveit.ros_planning.planning_pipeline]: Using planning request adapter 'Fix Start State Path Constraints'
[move_group-9] [INFO] [1765399575.152174991] [moveit.plugins.moveit_simple_controller_manager]: Added FollowJointTrajectory controller for joint_trajectory_controller
[move_group-9] [INFO] [1765399575.152215685] [moveit.plugins.moveit_simple_controller_manager]: Max effort set to 0.0
[move_group-9] [INFO] [1765399575.154014752] [moveit.plugins.moveit_simple_controller_manager]: Added GripperCommand controller for gen3_lite_2f_gripper_controller
[move_group-9] [INFO] [1765399575.154137619] [moveit.plugins.moveit_simple_controller_manager]: Returned 2 controllers in list
[move_group-9] [INFO] [1765399575.154155517] [moveit.plugins.moveit_simple_controller_manager]: Returned 2 controllers in list
[move_group-9] [INFO] [1765399575.154455756] [moveit_ros.trajectory_execution_manager]: Trajectory execution is managing controllers
[move_group-9] [INFO] [1765399575.154471339] [move_group.move_group]: MoveGroup debug mode is ON
[move_group-9] [INFO] [1765399575.168059376] [move_group.move_group]: 
[move_group-9] 
[move_group-9] ********************************************************
[move_group-9] * MoveGroup using: 
[move_group-9] *     - ApplyPlanningSceneService
[move_group-9] *     - ClearOctomapService
[move_group-9] *     - CartesianPathService
[move_group-9] *     - ExecuteTrajectoryAction
[move_group-9] *     - GetPlanningSceneService
[move_group-9] *     - KinematicsService
[move_group-9] *     - MoveAction
[move_group-9] *     - MotionPlanService
[move_group-9] *     - QueryPlannersService
[move_group-9] *     - StateValidationService
[move_group-9] ********************************************************
[move_group-9] 
[move_group-9] [INFO] [1765399575.168114998] [moveit_move_group_capabilities_base.move_group_context]: MoveGroup context using planning plugin ompl_interface/OMPLPlanner
[move_group-9] [INFO] [1765399575.168128545] [moveit_move_group_capabilities_base.move_group_context]: MoveGroup context initialization complete
[move_group-9] [96mLoading 'move_group/ApplyPlanningSceneService'...
[move_group-9] [0m[96mLoading 'move_group/ClearOctomapService'...
[move_group-9] [0m[96mLoading 'move_group/MoveGroupCartesianPathService'...
[move_group-9] [0m[96mLoading 'move_group/MoveGroupExecuteTrajectoryAction'...
[move_group-9] [0m[96mLoading 'move_group/MoveGroupGetPlanningSceneService'...
[move_group-9] [0m[96mLoading 'move_group/MoveGroupKinematicsService'...
[move_group-9] [0m[96mLoading 'move_group/MoveGroupMoveAction'...
[move_group-9] [0m[96mLoading 'move_group/MoveGroupPlanService'...
[move_group-9] [0m[96mLoading 'move_group/MoveGroupQueryPlannersService'...
[move_group-9] [0m[96mLoading 'move_group/MoveGroupStateValidationService'...
[move_group-9] [0m[92m
[move_group-9] You can start planning now!
[move_group-9] 
[ros2_control_node-1] [DEBUG] [1765399575.173253846] [KortexMultiInterfaceHardware]: No controller active in LOW_LEVEL_SERVOING mode !
[ros2_control_node-1] [DEBUG] [1765399575.173546440] [KortexMultiInterfaceHardware]: No controller active in LOW_LEVEL_SERVOING mode !
[ros2_control_node-1] [DEBUG] [1765399575.173805357] [KortexMultiInterfaceHardware]: No controller active in LOW_LEVEL_SERVOING mode !
[spawner-7] [INFO] [1765399575.174053002] [spawner_gen3_lite_2f_gripper_controller]: [92mConfigured and activated [1mgen3_lite_2f_gripper_controller[0m
[ros2_control_node-1] [DEBUG] [1765399575.174240164] [KortexMultiInterfaceHardware]: No controller active in LOW_LEVEL_SERVOING mode !
[ros2_control_node-1] [DEBUG] [1765399575.174603870] [KortexMultiInterfaceHardware]: No controller active in LOW_LEVEL_SERVOING mode !
[ros2_control_node-1] [DEBUG] [1765399575.174974275] [KortexMultiInterfaceHardware]: No controller active in LOW_LEVEL_SERVOING mode !
[spawner-3] [INFO] [1765399575.175089599] [spawner_joint_state_broadcaster]: [92mConfigured and activated [1mjoint_state_broadcaster[0m
[INFO] [spawner-7]: process has finished cleanly [pid 15384]
[INFO] [spawner-3]: process has finished cleanly [pid 15376]
[spawner-4] [INFO] [1765399575.397843961] [spawner_joint_trajectory_controller]: [92mConfigured and activated [1mjoint_trajectory_controller[0m
[INFO] [spawner-4]: process has finished cleanly [pid 15378]
[spawner-6] [INFO] [1765399575.604643042] [spawner_fault_controller]: [92mConfigured and activated [1mfault_controller[0m
[INFO] [spawner-6]: process has finished cleanly [pid 15382]
[0;36m[INFO][0m Verifying robot connection...
[0;32m[OK][0m Robot connected - /joint_states topic available
[0;36m[INFO][0m Waiting for controllers to initialize...
[0;36m[INFO][0m Clearing robot faults...
[1;33m[WARN][0m Could not clear faults (service may not be available yet)

[0;34m>>> Moving robot to experiment starting position[0m

[INFO] [1765399605.967258402] [startup_position_setter]: Moving to experiment_start: array('d', [-1.819, -0.146, -1.746, 0.573, -1.261, -1.639])
[0;32m[OK][0m Robot at experiment starting position
[0;32m[OK][0m Hardware mode ready

[0;34m>>> Starting conversational engine...[0m

[0;36m[INFO][0m Starting FastAPI server...
[0;36m[INFO][0m Waiting for server to initialize (may take up to 30 seconds)...
2025-12-10 15:46:52.976 | INFO     | src.conversation.engine_factory:initialize_factory:212 - Initializing ConversationEngineFactory
/home/snickers/.local/lib/python3.10/site-packages/google/api_core/_python_version_support.py:266: FutureWarning: You are using a Python version (3.10.12) which Google will stop supporting in new releases of google.api_core once it reaches its end of life (2026-10-04). Please upgrade to the latest Python version, or at least Python 3.11, to continue receiving updates for google.api_core past that date.
  warnings.warn(message, FutureWarning)
2025-12-10 15:46:53.125 | DEBUG    | src.conversation.engine_factory:register_engine:40 - Registered engine type: manual_turn -> ManualTurnEngine
2025-12-10 15:46:53.125 | INFO     | src.conversation.engine_factory:initialize_factory:218 - Registered ManualTurnEngine
2025-12-10 15:46:53.126 | DEBUG    | src.conversation.engine_factory:register_engine:40 - Registered engine type: single_utterance -> SingleUtteranceEngine
2025-12-10 15:46:53.126 | INFO     | src.conversation.engine_factory:initialize_factory:223 - Registered SingleUtteranceEngine
2025-12-10 15:46:53.126 | INFO     | src.conversation.engine_factory:initialize_factory:225 - Factory initialization complete
2025-12-10 15:46:53.142 | INFO     | __main__:create_application:171 - 📁 Mounted static files from /home/snickers/Documents/git-repos/hri-social-learner-manipulator/conversational_engine/static
2025-12-10 15:46:53.142 | INFO     | __main__:create_application:182 - 📄 Pre-loaded voice_client.html (43960 bytes)
🔥 BALAM PLATFORM STARTING - LOGS SHOULD APPEAR BELOW
[32m15:46:53.148[0m | [1mINFO    [0m | [36m__main__[0m:[36mmain[0m | [1m✅ LOGGING IS WORKING - You should see this message![0m
🔍 DEBUG: If you see this print but not the logger message above, there's a logging issue
[32m15:46:53.153[0m | [1mINFO    [0m | [36m__main__[0m:[36mcreate_application[0m | [1m📁 Mounted static files from /home/snickers/Documents/git-repos/hri-social-learner-manipulator/conversational_engine/static[0m
[32m15:46:53.153[0m | [1mINFO    [0m | [36m__main__[0m:[36mcreate_application[0m | [1m📄 Pre-loaded voice_client.html (43960 bytes)[0m
[32m15:46:53.155[0m | [1mINFO    [0m | [36m__main__[0m:[36mmain[0m | [1m🚀 Starting VoiceOrch Platform[0m
[32m15:46:53.155[0m | [1mINFO    [0m | [36m__main__[0m:[36mmain[0m | [1mDebug mode: False[0m
[32m15:46:53.155[0m | [1mINFO    [0m | [36m__main__[0m:[36mmain[0m | [1mWebSocket port: 8000[0m
[32m15:46:53.155[0m | [1mINFO    [0m | [36m__main__[0m:[36mmain[0m | [1mLLM provider: google[0m
[32m15:46:53.155[0m | [1mINFO    [0m | [36m__main__[0m:[36mmain[0m | [1mLLM model: gemini-2.5-flash-lite[0m
[32m15:46:53.155[0m | [1mINFO    [0m | [36m__main__[0m:[36mmain[0m | [1m🌐 Starting uvicorn server...[0m
🌐 Server starting on http://0.0.0.0:8000
🔗 WebSocket endpoint: ws://localhost:8000/ws/{session_id}
🎤 Voice Client: http://localhost:8000/client
[32m15:46:53.169[0m | [1mINFO    [0m | [36msrc.main[0m:[36mcreate_application[0m | [1m📁 Mounted static files from /home/snickers/Documents/git-repos/hri-social-learner-manipulator/conversational_engine/static[0m
[32m15:46:53.169[0m | [1mINFO    [0m | [36msrc.main[0m:[36mcreate_application[0m | [1m📄 Pre-loaded voice_client.html (43960 bytes)[0m
INFO:     Started server process [15712]
INFO:     Waiting for application startup.
[32m15:46:53.171[0m | [1mINFO    [0m | [36msrc.main[0m:[36mlifespan[0m | [1m🔄 FastAPI lifespan startup...[0m
[32m15:46:53.173[0m | [1mINFO    [0m | [36msrc.main[0m:[36minitialize[0m | [1m🚀 Initializing VoiceOrch Platform...[0m
[32m15:46:53.173[0m | [1mINFO    [0m | [36msrc.main[0m:[36minitialize[0m | [1m📱 Initializing SingleUtteranceEngine...[0m
[32m15:46:53.173[0m | [1mINFO    [0m | [36msrc.conversation.state_machine[0m:[36m__init__[0m | [1mState machine initialized[0m
[32m15:46:53.173[0m | [1mINFO    [0m | [36msrc.conversation.base_engine[0m:[36m__init__[0m | [1mSingleUtteranceEngine created[0m
[32m15:46:53.173[0m | [1mINFO    [0m | [36msrc.conversation.single_utterance_engine[0m:[36m__init__[0m | [1mSingleUtteranceEngine created[0m
[32m15:46:53.173[0m | [1mINFO    [0m | [36msrc.conversation.single_utterance_engine[0m:[36minitialize[0m | [1mInitializing SingleUtteranceEngine...[0m
[32m15:46:53.173[0m | [1mINFO    [0m | [36msrc.conversation.base_engine[0m:[36m_initialize_common_components[0m | [1mInitializing SingleUtteranceEngine...[0m
[32m15:46:53.173[0m | [1mINFO    [0m | [36msrc.mcp.discovery[0m:[36m__init__[0m | [1mMCPDiscoveryManager initialized[0m
[32m15:46:53.173[0m | [1mINFO    [0m | [36msrc.mcp.discovery[0m:[36minitialize[0m | [1mMCP discovery and health monitoring started[0m
[32m15:46:53.173[0m | [1mINFO    [0m | [36msrc.mcp.discovery[0m:[36mdiscover_mcps[0m | [1mStarting MCP server discovery...[0m
[32m15:46:53.173[0m | [1mINFO    [0m | [36msrc.mcp.config_loader[0m:[36mload_mcp_config[0m | [1mLoaded MCP server config: moveit (stdio)[0m
[32m15:46:53.173[0m | [1mINFO    [0m | [36msrc.mcp.config_loader[0m:[36mload_mcp_config[0m | [1mSuccessfully loaded 1 MCP server configurations from /home/snickers/Documents/git-repos/hri-social-learner-manipulator/conversational_engine/mcp-config.json[0m
[32m15:46:53.174[0m | [1mINFO    [0m | [36msrc.mcp.discovery[0m:[36mdiscover_mcps[0m | [1mConfig file discovery found 1 servers[0m
[32m15:46:53.174[0m | [1mINFO    [0m | [36msrc.mcp.stdio_client[0m:[36mconnect[0m | [1mSpawning MCP server: python3 /home/snickers/Documents/git-repos/hri-social-learner-manipulator/mcp_servers/moveit_mcp_server.py[0m
[32m15:46:53.174[0m | [1mINFO    [0m | [36msrc.mcp.discovery[0m:[36mdiscover_mcps[0m | [1mStarting MCP server discovery...[0m
[32m15:46:53.174[0m | [1mINFO    [0m | [36msrc.mcp.config_loader[0m:[36mload_mcp_config[0m | [1mLoaded MCP server config: moveit (stdio)[0m
[32m15:46:53.174[0m | [1mINFO    [0m | [36msrc.mcp.config_loader[0m:[36mload_mcp_config[0m | [1mSuccessfully loaded 1 MCP server configurations from /home/snickers/Documents/git-repos/hri-social-learner-manipulator/conversational_engine/mcp-config.json[0m
[32m15:46:53.174[0m | [1mINFO    [0m | [36msrc.mcp.discovery[0m:[36mdiscover_mcps[0m | [1mConfig file discovery found 1 servers[0m
[32m15:46:53.175[0m | [1mINFO    [0m | [36msrc.mcp.stdio_client[0m:[36mconnect[0m | [1mSpawning MCP server: python3 /home/snickers/Documents/git-repos/hri-social-learner-manipulator/mcp_servers/moveit_mcp_server.py[0m
[32m15:46:55.278[0m | [1mINFO    [0m | [36msrc.config.logging[0m:[36mlog_mcp_event[0m | [1mMCP event: stdio_connected[0m
[32m15:46:55.278[0m | [1mINFO    [0m | [36msrc.mcp.stdio_client[0m:[36mconnect[0m | [1mConnected to stdio MCP server: moveit[0m
[32m15:46:55.278[0m | [1mINFO    [0m | [36msrc.mcp.client_factory[0m:[36m_create_stdio_client[0m | [1mCreated stdio MCP client for: moveit[0m
[32m15:46:55.279[0m | [1mINFO    [0m | [36msrc.config.logging[0m:[36mlog_mcp_event[0m | [1mMCP event: stdio_connected[0m
[32m15:46:55.279[0m | [1mINFO    [0m | [36msrc.mcp.stdio_client[0m:[36mconnect[0m | [1mConnected to stdio MCP server: moveit[0m
[32m15:46:55.279[0m | [1mINFO    [0m | [36msrc.mcp.client_factory[0m:[36m_create_stdio_client[0m | [1mCreated stdio MCP client for: moveit[0m
[32m15:46:55.282[0m | [1mINFO    [0m | [36msrc.config.logging[0m:[36mlog_mcp_event[0m | [1mMCP event: capabilities_retrieved[0m
[32m15:46:55.282[0m | [1mINFO    [0m | [36msrc.config.logging[0m:[36mlog_mcp_event[0m | [1mMCP event: server_registered[0m
[32m15:46:55.282[0m | [1mINFO    [0m | [36msrc.mcp.discovery[0m:[36m_register_mcp_server_from_config[0m | [1mRegistered MCP server: moveit (stdio) with 11 tools[0m
[32m15:46:55.282[0m | [1mINFO    [0m | [36msrc.mcp.discovery[0m:[36mdiscover_mcps[0m | [1mMCP discovery completed. Active servers: 1[0m
[32m15:46:55.282[0m | [1mINFO    [0m | [36msrc.conversation.base_engine[0m:[36m_initialize_common_components[0m | [1mMCP discovery completed successfully[0m
DATABASE_DEBUG: SQLite database path is /home/snickers/Documents/git-repos/hri-social-learner-manipulator/conversational_engine/sessions.db
[32m15:46:55.283[0m | [1mINFO    [0m | [36msrc.session.storage[0m:[36minitialize[0m | [1mSQLite session storage initialized[0m
[32m15:46:55.283[0m | [1mINFO    [0m | [36msrc.session.manager[0m:[36minitialize[0m | [1mSessionManager initialized successfully[0m
[32m15:46:55.283[0m | [1mINFO    [0m | [36msrc.conversation.base_engine[0m:[36m_initialize_common_components[0m | [1m🎉 SingleUtteranceEngine shared components initialized[0m
[32m15:46:55.283[0m | [1mINFO    [0m | [36msrc.conversation.base_engine[0m:[36m_initialize_common_components[0m | [1m🔍 Verifying SingleUtteranceEngine components:[0m
[32m15:46:55.283[0m | [1mINFO    [0m | [36msrc.conversation.base_engine[0m:[36m_initialize_common_components[0m | [1m   - mcp_manager: ✅ SET[0m
[32m15:46:55.283[0m | [1mINFO    [0m | [36msrc.conversation.base_engine[0m:[36m_initialize_common_components[0m | [1m   - session_manager: ✅ SET[0m
[32m15:46:55.283[0m | [1mINFO    [0m | [36msrc.audio.single_utterance_processor[0m:[36m__init__[0m | [1mSingleUtteranceAudioProcessor created[0m
[32m15:46:55.283[0m | [1mINFO    [0m | [36msrc.audio.single_utterance_processor[0m:[36minitialize[0m | [1mInitializing SingleUtteranceAudioProcessor...[0m
[32m15:46:55.325[0m | [1mINFO    [0m | [36msrc.config.logging[0m:[36mlog_mcp_event[0m | [1mMCP event: capabilities_retrieved[0m
[32m15:46:55.325[0m | [1mINFO    [0m | [36msrc.config.logging[0m:[36mlog_mcp_event[0m | [1mMCP event: server_registered[0m
[32m15:46:55.325[0m | [1mINFO    [0m | [36msrc.mcp.discovery[0m:[36m_register_mcp_server_from_config[0m | [1mRegistered MCP server: moveit (stdio) with 11 tools[0m
[32m15:46:55.325[0m | [1mINFO    [0m | [36msrc.mcp.discovery[0m:[36mdiscover_mcps[0m | [1mMCP discovery completed. Active servers: 1[0m
[32m15:46:55.559[0m | [1mINFO    [0m | [36msrc.audio.stt[0m:[36m_create_recognizer_if_not_exists[0m | [1mUsing existing STT V2 Recognizer: balam-recognizer-en-us[0m
[32m15:46:55.841[0m | [1mINFO    [0m | [36msrc.audio.stt[0m:[36minitialize[0m | [1mGoogle STT V2 client initialized successfully with service account credentials[0m
[32m15:46:56.085[0m | [1mINFO    [0m | [36msrc.audio.tts[0m:[36minitialize[0m | [1mGoogle TTS client initialized successfully with service account credentials[0m
[32m15:46:56.085[0m | [1mINFO    [0m | [36msrc.audio.single_utterance_processor[0m:[36minitialize[0m | [1m🎉 SingleUtteranceAudioProcessor initialized successfully[0m
[32m15:46:56.085[0m | [1mINFO    [0m | [36msrc.conversation.single_utterance_engine[0m:[36minitialize[0m | [1m🎉 SingleUtteranceEngine initialized successfully[0m
[32m15:46:56.085[0m | [1mINFO    [0m | [36msrc.conversation.single_utterance_engine[0m:[36minitialize[0m | [1m🔍 Verifying SingleUtteranceEngine components:[0m
[32m15:46:56.085[0m | [1mINFO    [0m | [36msrc.conversation.single_utterance_engine[0m:[36minitialize[0m | [1m   - mcp_manager: ✅ SET[0m
[32m15:46:56.085[0m | [1mINFO    [0m | [36msrc.conversation.single_utterance_engine[0m:[36minitialize[0m | [1m   - audio_processor: ✅ SET[0m
[32m15:46:56.085[0m | [1mINFO    [0m | [36msrc.conversation.single_utterance_engine[0m:[36minitialize[0m | [1m   - graph_runner: ✅ SET[0m
[32m15:46:56.085[0m | [1mINFO    [0m | [36msrc.conversation.single_utterance_engine[0m:[36minitialize[0m | [1m   - session_manager: ✅ SET[0m
[32m15:46:56.085[0m | [1mINFO    [0m | [36msrc.conversation.single_utterance_engine[0m:[36minitialize[0m | [1m🔍 AudioProcessor details:[0m
[32m15:46:56.085[0m | [1mINFO    [0m | [36msrc.conversation.single_utterance_engine[0m:[36minitialize[0m | [1m   - _initialized: True[0m
[32m15:46:56.085[0m | [1mINFO    [0m | [36msrc.conversation.single_utterance_engine[0m:[36minitialize[0m | [1m   - tts_client: ✅ SET[0m
[32m15:46:56.085[0m | [1mINFO    [0m | [36msrc.conversation.single_utterance_engine[0m:[36minitialize[0m | [1m   - stt_client: ✅ SET[0m
[32m15:46:56.085[0m | [1mINFO    [0m | [36msrc.main[0m:[36minitialize[0m | [1m✅ SingleUtteranceEngine initialized successfully[0m
[32m15:46:56.085[0m | [1mINFO    [0m | [36msrc.main[0m:[36minitialize[0m | [1m🔌 Initializing ConversationWebSocketHandler...[0m
[32m15:46:56.085[0m | [1mINFO    [0m | [36msrc.api.websocket[0m:[36m__init__[0m | [1mConversationWebSocketHandler initialized[0m
[32m15:46:56.085[0m | [1mINFO    [0m | [36msrc.main[0m:[36minitialize[0m | [1m✅ ConversationWebSocketHandler initialized successfully[0m
[32m15:46:56.085[0m | [1mINFO    [0m | [36msrc.main[0m:[36minitialize[0m | [1m🎉 VoiceOrch Platform initialized successfully[0m
[32m15:46:56.085[0m | [1mINFO    [0m | [36msrc.main[0m:[36mlifespan[0m | [1m💾 Storing components in app.state...[0m
[32m15:46:56.085[0m | [1mINFO    [0m | [36msrc.main[0m:[36mlifespan[0m | [1m🔍 Verifying app.state contents...[0m
[32m15:46:56.085[0m | [1mINFO    [0m | [36msrc.main[0m:[36mlifespan[0m | [1m   - conversation_engine: ✅ SET[0m
[32m15:46:56.085[0m | [1mINFO    [0m | [36msrc.main[0m:[36mlifespan[0m | [1m   - websocket_handler: ✅ SET[0m
[32m15:46:56.085[0m | [1mINFO    [0m | [36msrc.main[0m:[36mlifespan[0m | [1m✅ FastAPI lifespan startup completed successfully[0m
INFO:     Application startup complete.
INFO:     Uvicorn running on http://0.0.0.0:8000 (Press CTRL+C to quit)
INFO:     127.0.0.1:45184 - "GET /health HTTP/1.1" 200 OK
[0;32m[OK][0m Conversational engine started and healthy (PID: 15712)

[0;34m>>> System Status[0m


[0;32mAll components started successfully![0m

Running processes:
  [0;32m[RUNNING][0m PID 15358
  [0;32m[RUNNING][0m PID 15712

[0;36m━━━━━━━━━━━━━━━━━━━━━━━━━━━━━━━━━━━━━━━━━━━━━━━━━━━━━━━━━━━━━━━━━━━━━━━━━━━━━━[0m

  [0;32mVoice Client:[0m  http://localhost:8000/client
  [0;32mAPI Endpoint:[0m  http://localhost:8000/api/v1/converse
  [0;32mWebSocket:[0m     ws://localhost:8000/ws/{session_id}
  [0;32mHealth Check:[0m  http://localhost:8000/health


INFO:     127.0.0.1:45188 - "GET /client HTTP/1.1" 200 OK
  [0;32m[VERIFIED][0m /client endpoint responding

[0;36m━━━━━━━━━━━━━━━━━━━━━━━━━━━━━━━━━━━━━━━━━━━━━━━━━━━━━━━━━━━━━━━━━━━━━━━━━━━━━━[0m

[1;33mPress Ctrl+C to stop all components[0m

INFO:     127.0.0.1:45190 - "GET /client HTTP/1.1" 200 OK
INFO:     127.0.0.1:45190 - "GET /.well-known/appspecific/com.chrome.devtools.json HTTP/1.1" 404 Not Found
[32m15:46:57.648[0m | [1mINFO    [0m | [36msrc.api.websocket[0m:[36mwebsocket_endpoint[0m | [1m🔌 WebSocket connection request received - Session: b67a1c02-d403-435c-830a-985553e8ff41, Client: 127.0.0.1, URL: ws://localhost:8000/ws/b67a1c02-d403-435c-830a-985553e8ff41[0m
[32m15:46:57.648[0m | [1mINFO    [0m | [36msrc.api.websocket[0m:[36mwebsocket_endpoint[0m | [1m🔍 Checking app.state contents...[0m
[32m15:46:57.648[0m | [1mINFO    [0m | [36msrc.api.websocket[0m:[36mwebsocket_endpoint[0m | [1m   - app.state attributes: [][0m
[32m15:46:57.648[0m | [1mINFO    [0m | [36msrc.api.websocket[0m:[36mwebsocket_endpoint[0m | [1m🔍 Handler lookup results:[0m
[32m15:46:57.648[0m | [1mINFO    [0m | [36msrc.api.websocket[0m:[36mwebsocket_endpoint[0m | [1m   - websocket_handler: ✅ FOUND[0m
[32m15:46:57.649[0m | [1mINFO    [0m | [36msrc.api.websocket[0m:[36mwebsocket_endpoint[0m | [1m   - conversation_engine: ✅ FOUND[0m
[32m15:46:57.649[0m | [1mINFO    [0m | [36msrc.api.websocket[0m:[36mwebsocket_endpoint[0m | [1m✅ WebSocket handler found, proceeding with connection for session b67a1c02-d403-435c-830a-985553e8ff41[0m
[32m15:46:57.649[0m | [1mINFO    [0m | [36msrc.api.websocket[0m:[36mhandle_connection[0m | [1m🤝 Attempting to accept WebSocket connection for session b67a1c02-d403-435c-830a-985553e8ff41[0m
INFO:     127.0.0.1:45198 - "WebSocket /ws/b67a1c02-d403-435c-830a-985553e8ff41" [accepted]
[32m15:46:57.649[0m | [1mINFO    [0m | [36msrc.api.websocket[0m:[36mhandle_connection[0m | [1m✅ WebSocket connection accepted for session b67a1c02-d403-435c-830a-985553e8ff41[0m
[32m15:46:57.649[0m | [1mINFO    [0m | [36msrc.api.websocket[0m:[36mhandle_connection[0m | [1m📝 Connection stored in active_connections for session b67a1c02-d403-435c-830a-985553e8ff41[0m
[32m15:46:57.649[0m | [1mINFO    [0m | [36msrc.api.websocket[0m:[36mhandle_connection[0m | [1m🌐 WebSocket connection established successfully - Session: b67a1c02-d403-435c-830a-985553e8ff41, Client: 127.0.0.1, Total connections: 1[0m
[32m15:46:57.650[0m | [1mINFO    [0m | [36msrc.api.websocket[0m:[36mhandle_connection[0m | [1m📤 Sending initial state update for session b67a1c02-d403-435c-830a-985553e8ff41[0m
INFO:     connection open
[32m15:46:57.651[0m | [1mINFO    [0m | [36msrc.api.websocket[0m:[36mhandle_connection[0m | [1m✅ Initial state update sent successfully for session b67a1c02-d403-435c-830a-985553e8ff41[0m
[32m15:46:57.652[0m | [1mINFO    [0m | [36msrc.api.websocket[0m:[36mhandle_connection[0m | [1m👂 Starting message listener loop for session b67a1c02-d403-435c-830a-985553e8ff41[0m
[32m15:47:07.906[0m | [1mINFO    [0m | [36msrc.api.websocket[0m:[36m_handle_message[0m | [1m🎯 Processing WebSocket message[0m
[32m15:47:07.906[0m | [1mINFO    [0m | [36msrc.api.websocket[0m:[36m_handle_message[0m | [1m🎬 Handling start_conversation for session b67a1c02-d403-435c-830a-985553e8ff41[0m
[32m15:47:07.906[0m | [1mINFO    [0m | [36msrc.api.websocket[0m:[36m_handle_start_conversation[0m | [1mStarting conversation for session b67a1c02-d403-435c-830a-985553e8ff41[0m
[32m15:47:07.907[0m | [1mINFO    [0m | [36msrc.api.websocket[0m:[36m_handle_message[0m | [1m✅ start_conversation handled successfully for session b67a1c02-d403-435c-830a-985553e8ff41[0m
[32m15:47:07.907[0m | [1mINFO    [0m | [36msrc.api.websocket[0m:[36m_process_streaming_turn[0m | [1mStarting streaming turn for session b67a1c02-d403-435c-830a-985553e8ff41[0m
[32m15:47:07.907[0m | [1mINFO    [0m | [36msrc.config.logging[0m:[36mlog_conversation_event[0m | [1mConversation event: turn_start[0m
[32m15:47:07.909[0m | [1mINFO    [0m | [36msrc.session.manager[0m:[36mget_or_create_session[0m | [1mNew session created[0m
[32m15:47:07.909[0m | [1mINFO    [0m | [36msrc.conversation.state_machine[0m:[36mtransition_to[0m | [1mState transition completed[0m
[32m15:47:07.910[0m | [1mINFO    [0m | [36msrc.config.logging[0m:[36mlog_audio_event[0m | [1mAudio event: streaming_transcription_start[0m
[32m15:47:07.910[0m | [1mINFO    [0m | [36msrc.audio.single_utterance_processor[0m:[36mtranscribe_stream[0m | [1mStarting real-time stream transcription with V2 Recognizer...[0m
[32m15:47:07.910[0m | [1mINFO    [0m | [36msrc.config.logging[0m:[36mlog_audio_event[0m | [1mAudio event: stt_streaming_start[0m
[32m15:47:15.998[0m | [1mINFO    [0m | [36msrc.config.logging[0m:[36mlog_audio_event[0m | [1mAudio event: stt_streaming_event[0m
[32m15:47:16.027[0m | [1mINFO    [0m | [36msrc.audio.single_utterance_processor[0m:[36mtranscribe_stream[0m | [1mFinal transcript received from stream[0m
[32m15:47:16.027[0m | [1mINFO    [0m | [36msrc.config.logging[0m:[36mlog_audio_event[0m | [1mAudio event: streaming_transcription_success[0m
[32m15:47:16.028[0m | [1mINFO    [0m | [36msrc.api.websocket[0m:[36mon_transcript[0m | [1mSent early transcript: Go right....[0m
[32m15:47:16.028[0m | [1mINFO    [0m | [36msrc.conversation.state_machine[0m:[36mtransition_to[0m | [1mState transition completed[0m
[32m15:47:16.028[0m | [1mINFO    [0m | [36msrc.conversation.single_utterance_engine[0m:[36mprocess_conversation_turn[0m | [1mSpeech transcribed via stream[0m
[32m15:47:17.245[0m | [1mINFO    [0m | [36msrc.conversation.graph.runner[0m:[36mrun_turn[0m | [1m[DIAG] Planner tool decision: tool_name=move, tool_args={'direction': 'right', 'distance': 0.2}[0m
[32m15:47:17.245[0m | [1mINFO    [0m | [36msrc.audio.single_utterance_processor[0m:[36msynthesize[0m | [1mSynthesizing single utterance response[0m
[32m15:47:17.245[0m | [1mINFO    [0m | [36msrc.config.logging[0m:[36mlog_audio_event[0m | [1mAudio event: tts_request[0m
[32m15:47:17.550[0m | [1mINFO    [0m | [36msrc.config.logging[0m:[36mlog_audio_event[0m | [1mAudio event: tts_success[0m
[32m15:47:17.550[0m | [1mINFO    [0m | [36msrc.config.logging[0m:[36mlog_audio_event[0m | [1mAudio event: single_utterance_synthesis[0m
[32m15:47:17.551[0m | [1mINFO    [0m | [36msrc.audio.single_utterance_processor[0m:[36msynthesize[0m | [1mSingle utterance synthesis completed[0m
[32m15:47:17.554[0m | [1mINFO    [0m | [36msrc.api.websocket[0m:[36mon_acknowledgment[0m | [1mSent acknowledgment for session b67a1c02-d403-435c-830a-985553e8ff41: Ok, moving right.[0m
[32m15:47:17.555[0m | [1mINFO    [0m | [36msrc.conversation.graph.runner[0m:[36mrun_turn[0m | [1mAcknowledgment sent before tool execution[0m
[32m15:47:17.555[0m | [1mINFO    [0m | [36msrc.conversation.graph.executor[0m:[36mexecute[0m | [1mInvoking MCP tool[0m
[32m15:47:17.555[0m | [1mINFO    [0m | [36msrc.conversation.graph.executor[0m:[36mexecute[0m | [1m[DIAG] Calling MCP tool: tool=move, args={'direction': 'right', 'distance': 0.2, 'angle': 15.0}[0m
[32m15:47:17.561[0m | [1mINFO    [0m | [36msrc.mcp.stdio_client[0m:[36m_stderr_loop[0m | [1m[moveit stderr] [DIAG] MCP call_tool: name=move, args={'direction': 'right', 'distance': 0.2, 'angle': 15.0}[0m
INFO:     127.0.0.1:45192 - "GET /favicon.ico HTTP/1.1" 404 Not Found
[move_group-9] [INFO] [1765399637.582896798] [moveit_move_group_default_capabilities.plan_service_capability]: Received new planning service request...
[move_group-9] [INFO] [1765399637.583735853] [moveit.ompl_planning.model_based_planning_context]: Planner configuration 'arm' will use planner 'geometric::RRTConnect'. Additional configuration parameters will be set when the planner is constructed.
[move_group-9] [WARN] [1765399637.607627323] [moveit_trajectory_processing.time_optimal_trajectory_generation]: Joint acceleration limits are not defined. Using the default 1 rad/s^2. You can define acceleration limits in the URDF or joint_limits.yaml.
[move_group-9] [INFO] [1765399637.611779122] [moveit_move_group_default_capabilities.execute_trajectory_action_capability]: Received goal request
[move_group-9] [INFO] [1765399637.611969892] [moveit_move_group_default_capabilities.execute_trajectory_action_capability]: Execution request received
[move_group-9] [INFO] [1765399637.612003502] [moveit.plugins.moveit_simple_controller_manager]: Returned 2 controllers in list
[move_group-9] [INFO] [1765399637.612023592] [moveit.plugins.moveit_simple_controller_manager]: Returned 2 controllers in list
[move_group-9] [INFO] [1765399637.612120246] [moveit_ros.trajectory_execution_manager]: Validating trajectory with allowed_start_tolerance 0.01
[move_group-9] [INFO] [1765399637.612636414] [moveit_ros.trajectory_execution_manager]: Starting trajectory execution ...
[move_group-9] [INFO] [1765399637.612672966] [moveit.plugins.moveit_simple_controller_manager]: Returned 2 controllers in list
[move_group-9] [INFO] [1765399637.612693865] [moveit.plugins.moveit_simple_controller_manager]: Returned 2 controllers in list
[move_group-9] [INFO] [1765399637.612820572] [moveit.simple_controller_manager.follow_joint_trajectory_controller_handle]: sending trajectory to joint_trajectory_controller
[ros2_control_node-1] [INFO] [1765399637.613050564] [joint_trajectory_controller]: Received new action goal
[ros2_control_node-1] [INFO] [1765399637.613081692] [joint_trajectory_controller]: Accepted new action goal
[move_group-9] [INFO] [1765399637.613179773] [moveit.simple_controller_manager.follow_joint_trajectory_controller_handle]: joint_trajectory_controller started execution
[move_group-9] [INFO] [1765399637.613196580] [moveit.simple_controller_manager.follow_joint_trajectory_controller_handle]: Goal request accepted!
[move_group-9] [INFO] [1765399637.618341164] [moveit_move_group_default_capabilities.cartersian_path_service_capability]: Received request to compute Cartesian path
[move_group-9] [INFO] [1765399637.618401685] [moveit_move_group_default_capabilities.cartersian_path_service_capability]: Attempting to follow 1 waypoints for link 'end_effector_link' using a step of 0.002500 m and jump threshold 0.000000 (in global reference frame)
[move_group-9] [INFO] [1765399637.623716804] [moveit_move_group_default_capabilities.cartersian_path_service_capability]: Computed Cartesian path with 82 points (followed 100.000000% of requested trajectory)
[ros2_control_node-1] [INFO] [1765399639.699450466] [joint_trajectory_controller]: Goal reached, success!
[move_group-9] [INFO] [1765399639.713650371] [moveit.simple_controller_manager.follow_joint_trajectory_controller_handle]: Controller 'joint_trajectory_controller' successfully finished
[move_group-9] [INFO] [1765399639.716608967] [moveit_ros.trajectory_execution_manager]: Completed trajectory execution with status SUCCEEDED ...
[move_group-9] [INFO] [1765399639.716743169] [moveit_move_group_default_capabilities.execute_trajectory_action_capability]: Execution completed: SUCCEEDED
[move_group-9] [INFO] [1765399639.717052459] [moveit_move_group_default_capabilities.execute_trajectory_action_capability]: Received goal request
[move_group-9] [INFO] [1765399639.717149041] [moveit_move_group_default_capabilities.execute_trajectory_action_capability]: Execution request received
[move_group-9] [INFO] [1765399639.717176660] [moveit.plugins.moveit_simple_controller_manager]: Returned 2 controllers in list
[move_group-9] [INFO] [1765399639.717200728] [moveit.plugins.moveit_simple_controller_manager]: Returned 2 controllers in list
[move_group-9] [INFO] [1765399639.717268406] [moveit_ros.trajectory_execution_manager]: Validating trajectory with allowed_start_tolerance 0.01
[move_group-9] [ERROR] [1765399639.717621045] [moveit_ros.trajectory_execution_manager]: 
[move_group-9] Invalid Trajectory: start point deviates from current robot state more than 0.01
[move_group-9] joint 'joint_1': expected: -1.81912, current: -1.6944
[move_group-9] [INFO] [1765399639.717659329] [moveit_move_group_default_capabilities.execute_trajectory_action_capability]: Execution completed: ABORTED
[32m15:47:19.727[0m | [1mINFO    [0m | [36msrc.config.logging[0m:[36mlog_mcp_event[0m | [1mMCP event: tool_invoked[0m
[32m15:47:19.728[0m | [1mINFO    [0m | [36msrc.conversation.graph.executor[0m:[36mexecute[0m | [1m[DIAG] MCP response: tool=move, result={'content': [{'type': 'text', 'text': '{\n  "success": true,\n  "message": "Moved to pose (0.160, 0.403, 0.505) [cartesian fallback]",\n  "start_pose": {\n    "x": 0.1597,\n    "y": 0.2031,\n    "z": 0.505\n  },\n  "end_pose": {\n    "x": 0.1597,\n    "y": 0.4042,\n    "z": 0.5045\n  },\n  "duration[0m
[32m15:47:19.728[0m | [1mINFO    [0m | [36msrc.conversation.graph.runner[0m:[36mrun_turn[0m | [1mVerification required after tool execution[0m
[32m15:47:19.728[0m | [1mINFO    [0m | [36msrc.audio.single_utterance_processor[0m:[36msynthesize[0m | [1mSynthesizing single utterance response[0m
[32m15:47:19.728[0m | [1mINFO    [0m | [36msrc.config.logging[0m:[36mlog_audio_event[0m | [1mAudio event: tts_request[0m
[32m15:47:20.111[0m | [1mINFO    [0m | [36msrc.config.logging[0m:[36mlog_audio_event[0m | [1mAudio event: tts_success[0m
[32m15:47:20.111[0m | [1mINFO    [0m | [36msrc.config.logging[0m:[36mlog_audio_event[0m | [1mAudio event: single_utterance_synthesis[0m
[32m15:47:20.111[0m | [1mINFO    [0m | [36msrc.audio.single_utterance_processor[0m:[36msynthesize[0m | [1mSingle utterance synthesis completed[0m
[32m15:47:20.111[0m | [1mINFO    [0m | [36msrc.conversation.graph.responder[0m:[36mrespond[0m | [1mResponder prepared final output[0m
[32m15:47:20.111[0m | [1mINFO    [0m | [36msrc.conversation.state_machine[0m:[36mtransition_to[0m | [1mState transition completed[0m
[32m15:47:20.126[0m | [1mINFO    [0m | [36msrc.conversation.models[0m:[36mlog_snapshot[0m | [1mTurn metrics updated[0m
[32m15:47:20.126[0m | [1mINFO    [0m | [36msrc.config.logging[0m:[36mlog_conversation_event[0m | [1mConversation event: turn_complete[0m
[32m15:47:20.126[0m | [1mINFO    [0m | [36msrc.conversation.state_machine[0m:[36mtransition_to[0m | [1mState transition completed[0m
[32m15:47:20.130[0m | [1mINFO    [0m | [36msrc.api.websocket[0m:[36m_send_conversation_result[0m | [1mConversation turn completed for session b67a1c02-d403-435c-830a-985553e8ff41[0m
[32m15:47:20.131[0m | [1mINFO    [0m | [36msrc.api.websocket[0m:[36m_process_streaming_turn[0m | [1mStarting streaming turn for session b67a1c02-d403-435c-830a-985553e8ff41[0m
[32m15:47:20.131[0m | [1mINFO    [0m | [36msrc.config.logging[0m:[36mlog_conversation_event[0m | [1mConversation event: turn_start[0m
[32m15:47:20.131[0m | [1mINFO    [0m | [36msrc.conversation.state_machine[0m:[36mtransition_to[0m | [1mState transition completed[0m
[32m15:47:20.131[0m | [1mINFO    [0m | [36msrc.config.logging[0m:[36mlog_audio_event[0m | [1mAudio event: streaming_transcription_start[0m
[32m15:47:20.131[0m | [1mINFO    [0m | [36msrc.audio.single_utterance_processor[0m:[36mtranscribe_stream[0m | [1mStarting real-time stream transcription with V2 Recognizer...[0m
[32m15:47:20.131[0m | [1mINFO    [0m | [36msrc.config.logging[0m:[36mlog_audio_event[0m | [1mAudio event: stt_streaming_start[0m
[32m15:47:24.856[0m | [1mINFO    [0m | [36msrc.api.websocket[0m:[36m_handle_message[0m | [1m🎯 Processing WebSocket message[0m
[32m15:47:24.857[0m | [1mINFO    [0m | [36msrc.api.websocket[0m:[36m_handle_message[0m | [1m🛑 Handling stop_conversation for session b67a1c02-d403-435c-830a-985553e8ff41[0m
[32m15:47:24.857[0m | [1mINFO    [0m | [36msrc.api.websocket[0m:[36m_handle_stop_conversation[0m | [1mStopping conversation for session b67a1c02-d403-435c-830a-985553e8ff41[0m
[32m15:47:24.857[0m | [1mINFO    [0m | [36msrc.api.websocket[0m:[36m_handle_stop_conversation[0m | [1mConversation stopped cleanly for session b67a1c02-d403-435c-830a-985553e8ff41[0m
[32m15:47:24.857[0m | [1mINFO    [0m | [36msrc.api.websocket[0m:[36m_handle_message[0m | [1m✅ stop_conversation handled successfully for session b67a1c02-d403-435c-830a-985553e8ff41[0m
[32m15:47:24.857[0m | [1mINFO    [0m | [36msrc.audio.stt[0m:[36mcancellation_monitor[0m | [1mSTT streaming cancelled by user request (background monitor)[0m
[32m15:47:24.858[0m | [1mINFO    [0m | [36msrc.conversation.state_machine[0m:[36mtransition_to[0m | [1mState transition completed[0m
[32m15:47:27.654[0m | [1mINFO    [0m | [36msrc.api.websocket[0m:[36m_handle_message[0m | [1m🎯 Processing WebSocket message[0m
[32m15:47:27.654[0m | [1mINFO    [0m | [36msrc.api.websocket[0m:[36m_handle_message[0m | [1m🏓 Handling ping for session b67a1c02-d403-435c-830a-985553e8ff41[0m
[32m15:47:27.654[0m | [1mINFO    [0m | [36msrc.api.websocket[0m:[36m_handle_message[0m | [1m✅ ping handled successfully for session b67a1c02-d403-435c-830a-985553e8ff41[0m
[32m15:47:30.261[0m | [1mINFO    [0m | [36msrc.api.websocket[0m:[36m_handle_message[0m | [1m🎯 Processing WebSocket message[0m
[32m15:47:30.261[0m | [1mINFO    [0m | [36msrc.api.websocket[0m:[36m_handle_message[0m | [1m🎬 Handling start_conversation for session b67a1c02-d403-435c-830a-985553e8ff41[0m
[32m15:47:30.261[0m | [1mINFO    [0m | [36msrc.api.websocket[0m:[36m_handle_start_conversation[0m | [1mStarting conversation for session b67a1c02-d403-435c-830a-985553e8ff41[0m
[32m15:47:30.262[0m | [1mINFO    [0m | [36msrc.api.websocket[0m:[36m_handle_message[0m | [1m✅ start_conversation handled successfully for session b67a1c02-d403-435c-830a-985553e8ff41[0m
[32m15:47:30.262[0m | [1mINFO    [0m | [36msrc.api.websocket[0m:[36m_process_streaming_turn[0m | [1mStarting streaming turn for session b67a1c02-d403-435c-830a-985553e8ff41[0m
[32m15:47:30.262[0m | [1mINFO    [0m | [36msrc.config.logging[0m:[36mlog_conversation_event[0m | [1mConversation event: turn_start[0m
[32m15:47:30.262[0m | [1mINFO    [0m | [36msrc.conversation.state_machine[0m:[36mtransition_to[0m | [1mState transition completed[0m
[32m15:47:30.262[0m | [1mINFO    [0m | [36msrc.config.logging[0m:[36mlog_audio_event[0m | [1mAudio event: streaming_transcription_start[0m
[32m15:47:30.262[0m | [1mINFO    [0m | [36msrc.audio.single_utterance_processor[0m:[36mtranscribe_stream[0m | [1mStarting real-time stream transcription with V2 Recognizer...[0m
[32m15:47:30.262[0m | [1mINFO    [0m | [36msrc.config.logging[0m:[36mlog_audio_event[0m | [1mAudio event: stt_streaming_start[0m
[32m15:47:34.754[0m | [1mINFO    [0m | [36msrc.config.logging[0m:[36mlog_audio_event[0m | [1mAudio event: stt_streaming_event[0m
[32m15:47:34.785[0m | [1mINFO    [0m | [36msrc.audio.single_utterance_processor[0m:[36mtranscribe_stream[0m | [1mFinal transcript received from stream[0m
[32m15:47:34.785[0m | [1mINFO    [0m | [36msrc.config.logging[0m:[36mlog_audio_event[0m | [1mAudio event: streaming_transcription_success[0m
[32m15:47:34.786[0m | [1mINFO    [0m | [36msrc.api.websocket[0m:[36mon_transcript[0m | [1mSent early transcript: Go back a little....[0m
[32m15:47:34.786[0m | [1mINFO    [0m | [36msrc.conversation.state_machine[0m:[36mtransition_to[0m | [1mState transition completed[0m
[32m15:47:34.786[0m | [1mINFO    [0m | [36msrc.conversation.single_utterance_engine[0m:[36mprocess_conversation_turn[0m | [1mSpeech transcribed via stream[0m
[32m15:47:34.786[0m | [1mINFO    [0m | [36msrc.conversation.graph.runner[0m:[36mrun_turn[0m | [1mVerification pending - passing to planner for LLM classification[0m
[32m15:47:35.983[0m | [1mINFO    [0m | [36msrc.conversation.graph.runner[0m:[36mrun_turn[0m | [1mPhase 11: Processing verification response via LLM[0m
[32m15:47:35.984[0m | [1mINFO    [0m | [36msrc.conversation.graph.runner[0m:[36mrun_turn[0m | [1mNew instruction during verification, proceeding with tool[0m
[32m15:47:35.984[0m | [1mINFO    [0m | [36msrc.conversation.graph.runner[0m:[36mrun_turn[0m | [1m[DIAG] Planner tool decision: tool_name=move, tool_args={'direction': 'backward', 'distance': 0.1}[0m
[32m15:47:35.984[0m | [1mINFO    [0m | [36msrc.audio.single_utterance_processor[0m:[36msynthesize[0m | [1mSynthesizing single utterance response[0m
[32m15:47:35.984[0m | [1mINFO    [0m | [36msrc.config.logging[0m:[36mlog_audio_event[0m | [1mAudio event: tts_request[0m
[32m15:47:36.292[0m | [1mINFO    [0m | [36msrc.config.logging[0m:[36mlog_audio_event[0m | [1mAudio event: tts_success[0m
[32m15:47:36.292[0m | [1mINFO    [0m | [36msrc.config.logging[0m:[36mlog_audio_event[0m | [1mAudio event: single_utterance_synthesis[0m
[32m15:47:36.292[0m | [1mINFO    [0m | [36msrc.audio.single_utterance_processor[0m:[36msynthesize[0m | [1mSingle utterance synthesis completed[0m
[32m15:47:36.296[0m | [1mINFO    [0m | [36msrc.api.websocket[0m:[36mon_acknowledgment[0m | [1mSent acknowledgment for session b67a1c02-d403-435c-830a-985553e8ff41: Ok, moving backward.[0m
[32m15:47:36.296[0m | [1mINFO    [0m | [36msrc.conversation.graph.runner[0m:[36mrun_turn[0m | [1mAcknowledgment sent before tool execution[0m
[32m15:47:36.296[0m | [1mINFO    [0m | [36msrc.conversation.graph.executor[0m:[36mexecute[0m | [1mInvoking MCP tool[0m
[32m15:47:36.296[0m | [1mINFO    [0m | [36msrc.conversation.graph.executor[0m:[36mexecute[0m | [1m[DIAG] Calling MCP tool: tool=move, args={'direction': 'backward', 'distance': 0.1, 'angle': 15.0}[0m
[32m15:47:36.299[0m | [1mINFO    [0m | [36msrc.mcp.stdio_client[0m:[36m_stderr_loop[0m | [1m[moveit stderr] [DIAG] MCP call_tool: name=move, args={'direction': 'backward', 'distance': 0.1, 'angle': 15.0}[0m
[move_group-9] [INFO] [1765399656.308984217] [moveit_move_group_default_capabilities.plan_service_capability]: Received new planning service request...
[move_group-9] [INFO] [1765399656.309570005] [moveit.ompl_planning.model_based_planning_context]: Planner configuration 'arm' will use planner 'geometric::RRTConnect'. Additional configuration parameters will be set when the planner is constructed.
[move_group-9] [INFO] [1765399656.357104132] [moveit_move_group_default_capabilities.execute_trajectory_action_capability]: Received goal request
[move_group-9] [INFO] [1765399656.357185792] [moveit_move_group_default_capabilities.execute_trajectory_action_capability]: Execution request received
[move_group-9] [INFO] [1765399656.357205563] [moveit.plugins.moveit_simple_controller_manager]: Returned 2 controllers in list
[move_group-9] [INFO] [1765399656.357220331] [moveit.plugins.moveit_simple_controller_manager]: Returned 2 controllers in list
[move_group-9] [INFO] [1765399656.357272371] [moveit_ros.trajectory_execution_manager]: Validating trajectory with allowed_start_tolerance 0.01
[move_group-9] [INFO] [1765399656.357621142] [moveit_ros.trajectory_execution_manager]: Starting trajectory execution ...
[move_group-9] [INFO] [1765399656.357650172] [moveit.plugins.moveit_simple_controller_manager]: Returned 2 controllers in list
[move_group-9] [INFO] [1765399656.357671877] [moveit.plugins.moveit_simple_controller_manager]: Returned 2 controllers in list
[move_group-9] [INFO] [1765399656.357759824] [moveit.simple_controller_manager.follow_joint_trajectory_controller_handle]: sending trajectory to joint_trajectory_controller
[ros2_control_node-1] [INFO] [1765399656.357980914] [joint_trajectory_controller]: Received new action goal
[ros2_control_node-1] [INFO] [1765399656.358022828] [joint_trajectory_controller]: Accepted new action goal
[move_group-9] [INFO] [1765399656.358112586] [moveit.simple_controller_manager.follow_joint_trajectory_controller_handle]: joint_trajectory_controller started execution
[move_group-9] [INFO] [1765399656.358124244] [moveit.simple_controller_manager.follow_joint_trajectory_controller_handle]: Goal request accepted!
[ros2_control_node-1] [INFO] [1765399661.455466372] [joint_trajectory_controller]: Goal reached, success!
[move_group-9] [INFO] [1765399661.458316535] [moveit.simple_controller_manager.follow_joint_trajectory_controller_handle]: Controller 'joint_trajectory_controller' successfully finished
[move_group-9] [INFO] [1765399661.460552913] [moveit_ros.trajectory_execution_manager]: Completed trajectory execution with status SUCCEEDED ...
[move_group-9] [INFO] [1765399661.460630805] [moveit_move_group_default_capabilities.execute_trajectory_action_capability]: Execution completed: SUCCEEDED
[32m15:47:41.463[0m | [1mINFO    [0m | [36msrc.config.logging[0m:[36mlog_mcp_event[0m | [1mMCP event: tool_invoked[0m
[32m15:47:41.464[0m | [1mINFO    [0m | [36msrc.conversation.graph.executor[0m:[36mexecute[0m | [1m[DIAG] MCP response: tool=move, result={'content': [{'type': 'text', 'text': '{\n  "success": true,\n  "message": "Moved to pose (0.060, 0.404, 0.504)",\n  "start_pose": {\n    "x": 0.1601,\n    "y": 0.4043,\n    "z": 0.5041\n  },\n  "end_pose": {\n    "x": 0.0584,\n    "y": 0.4046,\n    "z": 0.5027\n  },\n  "duration_ms": 5162.04,\n  "d[0m
[32m15:47:41.464[0m | [1mINFO    [0m | [36msrc.conversation.graph.runner[0m:[36mrun_turn[0m | [1mVerification required after tool execution[0m
[32m15:47:41.464[0m | [1mINFO    [0m | [36msrc.audio.single_utterance_processor[0m:[36msynthesize[0m | [1mSynthesizing single utterance response[0m
[32m15:47:41.464[0m | [1mINFO    [0m | [36msrc.config.logging[0m:[36mlog_audio_event[0m | [1mAudio event: tts_request[0m
[32m15:47:41.922[0m | [1mINFO    [0m | [36msrc.config.logging[0m:[36mlog_audio_event[0m | [1mAudio event: tts_success[0m
[32m15:47:41.922[0m | [1mINFO    [0m | [36msrc.config.logging[0m:[36mlog_audio_event[0m | [1mAudio event: single_utterance_synthesis[0m
[32m15:47:41.922[0m | [1mINFO    [0m | [36msrc.audio.single_utterance_processor[0m:[36msynthesize[0m | [1mSingle utterance synthesis completed[0m
[32m15:47:41.923[0m | [1mINFO    [0m | [36msrc.conversation.graph.responder[0m:[36mrespond[0m | [1mResponder prepared final output[0m
[32m15:47:41.923[0m | [1mINFO    [0m | [36msrc.conversation.state_machine[0m:[36mtransition_to[0m | [1mState transition completed[0m
[32m15:47:41.936[0m | [1mINFO    [0m | [36msrc.conversation.models[0m:[36mlog_snapshot[0m | [1mTurn metrics updated[0m
[32m15:47:41.936[0m | [1mINFO    [0m | [36msrc.config.logging[0m:[36mlog_conversation_event[0m | [1mConversation event: turn_complete[0m
[32m15:47:41.936[0m | [1mINFO    [0m | [36msrc.conversation.state_machine[0m:[36mtransition_to[0m | [1mState transition completed[0m
[32m15:47:41.942[0m | [1mINFO    [0m | [36msrc.api.websocket[0m:[36m_send_conversation_result[0m | [1mConversation turn completed for session b67a1c02-d403-435c-830a-985553e8ff41[0m
[32m15:47:41.942[0m | [1mINFO    [0m | [36msrc.api.websocket[0m:[36m_process_streaming_turn[0m | [1mStarting streaming turn for session b67a1c02-d403-435c-830a-985553e8ff41[0m
[32m15:47:41.942[0m | [1mINFO    [0m | [36msrc.config.logging[0m:[36mlog_conversation_event[0m | [1mConversation event: turn_start[0m
[32m15:47:41.942[0m | [1mINFO    [0m | [36msrc.conversation.state_machine[0m:[36mtransition_to[0m | [1mState transition completed[0m
[32m15:47:41.942[0m | [1mINFO    [0m | [36msrc.config.logging[0m:[36mlog_audio_event[0m | [1mAudio event: streaming_transcription_start[0m
[32m15:47:41.942[0m | [1mINFO    [0m | [36msrc.audio.single_utterance_processor[0m:[36mtranscribe_stream[0m | [1mStarting real-time stream transcription with V2 Recognizer...[0m
[32m15:47:41.942[0m | [1mINFO    [0m | [36msrc.config.logging[0m:[36mlog_audio_event[0m | [1mAudio event: stt_streaming_start[0m
[32m15:47:53.178[0m | [1mINFO    [0m | [36msrc.config.logging[0m:[36mlog_mcp_event[0m | [1mMCP event: health_check[0m
[32m15:47:55.273[0m | [1mINFO    [0m | [36msrc.config.logging[0m:[36mlog_audio_event[0m | [1mAudio event: stt_streaming_event[0m
[32m15:47:55.340[0m | [1mINFO    [0m | [36msrc.config.logging[0m:[36mlog_audio_event[0m | [1mAudio event: streaming_transcription_success[0m
[32m15:47:55.340[0m | [1mINFO    [0m | [36msrc.conversation.single_utterance_engine[0m:[36mprocess_conversation_turn[0m | [1mTurn ended without transcript (cancelled or no speech)[0m
[32m15:47:55.341[0m | [1mINFO    [0m | [36msrc.conversation.state_machine[0m:[36mtransition_to[0m | [1mState transition completed[0m
[32m15:47:55.341[0m | [1mINFO    [0m | [36msrc.api.websocket[0m:[36m_send_conversation_result[0m | [1mConversation turn completed for session b67a1c02-d403-435c-830a-985553e8ff41[0m
[32m15:47:55.341[0m | [1mINFO    [0m | [36msrc.api.websocket[0m:[36m_process_streaming_turn[0m | [1mStarting streaming turn for session b67a1c02-d403-435c-830a-985553e8ff41[0m
[32m15:47:55.341[0m | [1mINFO    [0m | [36msrc.config.logging[0m:[36mlog_conversation_event[0m | [1mConversation event: turn_start[0m
[32m15:47:55.341[0m | [1mINFO    [0m | [36msrc.conversation.state_machine[0m:[36mtransition_to[0m | [1mState transition completed[0m
[32m15:47:55.341[0m | [1mINFO    [0m | [36msrc.config.logging[0m:[36mlog_audio_event[0m | [1mAudio event: streaming_transcription_start[0m
[32m15:47:55.341[0m | [1mINFO    [0m | [36msrc.audio.single_utterance_processor[0m:[36mtranscribe_stream[0m | [1mStarting real-time stream transcription with V2 Recognizer...[0m
[32m15:47:55.341[0m | [1mINFO    [0m | [36msrc.config.logging[0m:[36mlog_audio_event[0m | [1mAudio event: stt_streaming_start[0m
[32m15:47:57.654[0m | [1mINFO    [0m | [36msrc.api.websocket[0m:[36m_handle_message[0m | [1m🎯 Processing WebSocket message[0m
[32m15:47:57.654[0m | [1mINFO    [0m | [36msrc.api.websocket[0m:[36m_handle_message[0m | [1m🏓 Handling ping for session b67a1c02-d403-435c-830a-985553e8ff41[0m
[32m15:47:57.654[0m | [1mINFO    [0m | [36msrc.api.websocket[0m:[36m_handle_message[0m | [1m✅ ping handled successfully for session b67a1c02-d403-435c-830a-985553e8ff41[0m
[32m15:48:03.901[0m | [1mINFO    [0m | [36msrc.config.logging[0m:[36mlog_audio_event[0m | [1mAudio event: stt_streaming_event[0m
[32m15:48:03.936[0m | [1mINFO    [0m | [36msrc.audio.single_utterance_processor[0m:[36mtranscribe_stream[0m | [1mFinal transcript received from stream[0m
[32m15:48:03.936[0m | [1mINFO    [0m | [36msrc.config.logging[0m:[36mlog_audio_event[0m | [1mAudio event: streaming_transcription_success[0m
[32m15:48:03.937[0m | [1mINFO    [0m | [36msrc.api.websocket[0m:[36mon_transcript[0m | [1mSent early transcript: Move down....[0m
[32m15:48:03.937[0m | [1mINFO    [0m | [36msrc.conversation.state_machine[0m:[36mtransition_to[0m | [1mState transition completed[0m
[32m15:48:03.937[0m | [1mINFO    [0m | [36msrc.conversation.single_utterance_engine[0m:[36mprocess_conversation_turn[0m | [1mSpeech transcribed via stream[0m
[32m15:48:03.937[0m | [1mINFO    [0m | [36msrc.conversation.graph.runner[0m:[36mrun_turn[0m | [1mVerification pending - passing to planner for LLM classification[0m
[32m15:48:04.877[0m | [1mINFO    [0m | [36msrc.conversation.graph.runner[0m:[36mrun_turn[0m | [1mPhase 11: Processing verification response via LLM[0m
[32m15:48:04.878[0m | [1mINFO    [0m | [36msrc.conversation.graph.runner[0m:[36mrun_turn[0m | [1mNew instruction during verification, proceeding with tool[0m
[32m15:48:04.878[0m | [1mINFO    [0m | [36msrc.conversation.graph.runner[0m:[36mrun_turn[0m | [1m[DIAG] Planner tool decision: tool_name=move, tool_args={'direction': 'down', 'distance': 0.2}[0m
[32m15:48:04.878[0m | [1mINFO    [0m | [36msrc.audio.single_utterance_processor[0m:[36msynthesize[0m | [1mSynthesizing single utterance response[0m
[32m15:48:04.878[0m | [1mINFO    [0m | [36msrc.config.logging[0m:[36mlog_audio_event[0m | [1mAudio event: tts_request[0m
[32m15:48:05.018[0m | [1mINFO    [0m | [36msrc.config.logging[0m:[36mlog_audio_event[0m | [1mAudio event: tts_success[0m
[32m15:48:05.019[0m | [1mINFO    [0m | [36msrc.config.logging[0m:[36mlog_audio_event[0m | [1mAudio event: single_utterance_synthesis[0m
[32m15:48:05.019[0m | [1mINFO    [0m | [36msrc.audio.single_utterance_processor[0m:[36msynthesize[0m | [1mSingle utterance synthesis completed[0m
[32m15:48:05.029[0m | [1mINFO    [0m | [36msrc.api.websocket[0m:[36mon_acknowledgment[0m | [1mSent acknowledgment for session b67a1c02-d403-435c-830a-985553e8ff41: Ok, moving down.[0m
[32m15:48:05.029[0m | [1mINFO    [0m | [36msrc.conversation.graph.runner[0m:[36mrun_turn[0m | [1mAcknowledgment sent before tool execution[0m
[32m15:48:05.029[0m | [1mINFO    [0m | [36msrc.conversation.graph.executor[0m:[36mexecute[0m | [1mInvoking MCP tool[0m
[32m15:48:05.030[0m | [1mINFO    [0m | [36msrc.conversation.graph.executor[0m:[36mexecute[0m | [1m[DIAG] Calling MCP tool: tool=move, args={'direction': 'down', 'distance': 0.2, 'angle': 15.0}[0m
[32m15:48:05.039[0m | [1mINFO    [0m | [36msrc.mcp.stdio_client[0m:[36m_stderr_loop[0m | [1m[moveit stderr] [DIAG] MCP call_tool: name=move, args={'direction': 'down', 'distance': 0.2, 'angle': 15.0}[0m
[move_group-9] [INFO] [1765399685.048617753] [moveit_move_group_default_capabilities.plan_service_capability]: Received new planning service request...
[move_group-9] [INFO] [1765399685.049915992] [moveit.ompl_planning.model_based_planning_context]: Planner configuration 'arm' will use planner 'geometric::RRTConnect'. Additional configuration parameters will be set when the planner is constructed.
[move_group-9] [INFO] [1765399685.084186943] [moveit_move_group_default_capabilities.execute_trajectory_action_capability]: Received goal request
[move_group-9] [INFO] [1765399685.084238869] [moveit_move_group_default_capabilities.execute_trajectory_action_capability]: Execution request received
[move_group-9] [INFO] [1765399685.084270237] [moveit.plugins.moveit_simple_controller_manager]: Returned 2 controllers in list
[move_group-9] [INFO] [1765399685.084278969] [moveit.plugins.moveit_simple_controller_manager]: Returned 2 controllers in list
[move_group-9] [INFO] [1765399685.084307522] [moveit_ros.trajectory_execution_manager]: Validating trajectory with allowed_start_tolerance 0.01
[move_group-9] [INFO] [1765399685.084569965] [moveit_ros.trajectory_execution_manager]: Starting trajectory execution ...
[move_group-9] [INFO] [1765399685.084605827] [moveit.plugins.moveit_simple_controller_manager]: Returned 2 controllers in list
[move_group-9] [INFO] [1765399685.084629826] [moveit.plugins.moveit_simple_controller_manager]: Returned 2 controllers in list
[move_group-9] [INFO] [1765399685.084719920] [moveit.simple_controller_manager.follow_joint_trajectory_controller_handle]: sending trajectory to joint_trajectory_controller
[ros2_control_node-1] [INFO] [1765399685.084889360] [joint_trajectory_controller]: Received new action goal
[ros2_control_node-1] [INFO] [1765399685.084920405] [joint_trajectory_controller]: Accepted new action goal
[move_group-9] [INFO] [1765399685.085059666] [moveit.simple_controller_manager.follow_joint_trajectory_controller_handle]: joint_trajectory_controller started execution
[move_group-9] [INFO] [1765399685.085072196] [moveit.simple_controller_manager.follow_joint_trajectory_controller_handle]: Goal request accepted!
[ros2_control_node-1] [INFO] [1765399689.880518227] [joint_trajectory_controller]: Goal reached, success!
[move_group-9] [INFO] [1765399689.885136023] [moveit.simple_controller_manager.follow_joint_trajectory_controller_handle]: Controller 'joint_trajectory_controller' successfully finished
[move_group-9] [INFO] [1765399689.887640834] [moveit_ros.trajectory_execution_manager]: Completed trajectory execution with status SUCCEEDED ...
[move_group-9] [INFO] [1765399689.887706209] [moveit_move_group_default_capabilities.execute_trajectory_action_capability]: Execution completed: SUCCEEDED
[32m15:48:09.891[0m | [1mINFO    [0m | [36msrc.config.logging[0m:[36mlog_mcp_event[0m | [1mMCP event: tool_invoked[0m
[32m15:48:09.891[0m | [1mINFO    [0m | [36msrc.conversation.graph.executor[0m:[36mexecute[0m | [1m[DIAG] MCP response: tool=move, result={'content': [{'type': 'text', 'text': '{\n  "success": true,\n  "message": "Moved to pose (0.058, 0.405, 0.303)",\n  "start_pose": {\n    "x": 0.0584,\n    "y": 0.4046,\n    "z": 0.5027\n  },\n  "end_pose": {\n    "x": 0.0597,\n    "y": 0.4033,\n    "z": 0.301\n  },\n  "duration_ms": 4849.99,\n  "di[0m
[32m15:48:09.891[0m | [1mINFO    [0m | [36msrc.conversation.graph.runner[0m:[36mrun_turn[0m | [1mVerification required after tool execution[0m
[32m15:48:09.892[0m | [1mINFO    [0m | [36msrc.audio.single_utterance_processor[0m:[36msynthesize[0m | [1mSynthesizing single utterance response[0m
[32m15:48:09.892[0m | [1mINFO    [0m | [36msrc.config.logging[0m:[36mlog_audio_event[0m | [1mAudio event: tts_request[0m
[32m15:48:10.065[0m | [1mINFO    [0m | [36msrc.config.logging[0m:[36mlog_audio_event[0m | [1mAudio event: tts_success[0m
[32m15:48:10.066[0m | [1mINFO    [0m | [36msrc.config.logging[0m:[36mlog_audio_event[0m | [1mAudio event: single_utterance_synthesis[0m
[32m15:48:10.066[0m | [1mINFO    [0m | [36msrc.audio.single_utterance_processor[0m:[36msynthesize[0m | [1mSingle utterance synthesis completed[0m
[32m15:48:10.066[0m | [1mINFO    [0m | [36msrc.conversation.graph.responder[0m:[36mrespond[0m | [1mResponder prepared final output[0m
[32m15:48:10.066[0m | [1mINFO    [0m | [36msrc.conversation.state_machine[0m:[36mtransition_to[0m | [1mState transition completed[0m
[32m15:48:10.078[0m | [1mINFO    [0m | [36msrc.conversation.models[0m:[36mlog_snapshot[0m | [1mTurn metrics updated[0m
[32m15:48:10.078[0m | [1mINFO    [0m | [36msrc.config.logging[0m:[36mlog_conversation_event[0m | [1mConversation event: turn_complete[0m
[32m15:48:10.078[0m | [1mINFO    [0m | [36msrc.conversation.state_machine[0m:[36mtransition_to[0m | [1mState transition completed[0m
[32m15:48:10.084[0m | [1mINFO    [0m | [36msrc.api.websocket[0m:[36m_send_conversation_result[0m | [1mConversation turn completed for session b67a1c02-d403-435c-830a-985553e8ff41[0m
[32m15:48:10.085[0m | [1mINFO    [0m | [36msrc.api.websocket[0m:[36m_process_streaming_turn[0m | [1mStarting streaming turn for session b67a1c02-d403-435c-830a-985553e8ff41[0m
[32m15:48:10.085[0m | [1mINFO    [0m | [36msrc.config.logging[0m:[36mlog_conversation_event[0m | [1mConversation event: turn_start[0m
[32m15:48:10.085[0m | [1mINFO    [0m | [36msrc.conversation.state_machine[0m:[36mtransition_to[0m | [1mState transition completed[0m
[32m15:48:10.085[0m | [1mINFO    [0m | [36msrc.config.logging[0m:[36mlog_audio_event[0m | [1mAudio event: streaming_transcription_start[0m
[32m15:48:10.085[0m | [1mINFO    [0m | [36msrc.audio.single_utterance_processor[0m:[36mtranscribe_stream[0m | [1mStarting real-time stream transcription with V2 Recognizer...[0m
[32m15:48:10.085[0m | [1mINFO    [0m | [36msrc.config.logging[0m:[36mlog_audio_event[0m | [1mAudio event: stt_streaming_start[0m
[32m15:48:16.065[0m | [1mINFO    [0m | [36msrc.config.logging[0m:[36mlog_audio_event[0m | [1mAudio event: stt_streaming_event[0m
[32m15:48:16.088[0m | [1mINFO    [0m | [36msrc.audio.single_utterance_processor[0m:[36mtranscribe_stream[0m | [1mFinal transcript received from stream[0m
[32m15:48:16.088[0m | [1mINFO    [0m | [36msrc.config.logging[0m:[36mlog_audio_event[0m | [1mAudio event: streaming_transcription_success[0m
[32m15:48:16.089[0m | [1mINFO    [0m | [36msrc.api.websocket[0m:[36mon_transcript[0m | [1mSent early transcript: A little bit lower....[0m
[32m15:48:16.089[0m | [1mINFO    [0m | [36msrc.conversation.state_machine[0m:[36mtransition_to[0m | [1mState transition completed[0m
[32m15:48:16.089[0m | [1mINFO    [0m | [36msrc.conversation.single_utterance_engine[0m:[36mprocess_conversation_turn[0m | [1mSpeech transcribed via stream[0m
[32m15:48:16.089[0m | [1mINFO    [0m | [36msrc.conversation.graph.runner[0m:[36mrun_turn[0m | [1mVerification pending - passing to planner for LLM classification[0m
[32m15:48:17.435[0m | [1mINFO    [0m | [36msrc.conversation.graph.runner[0m:[36mrun_turn[0m | [1mPhase 11: Processing verification response via LLM[0m
[32m15:48:17.435[0m | [1mINFO    [0m | [36msrc.conversation.graph.runner[0m:[36mrun_turn[0m | [1mNew instruction during verification, proceeding with tool[0m
[32m15:48:17.435[0m | [1mINFO    [0m | [36msrc.conversation.graph.runner[0m:[36mrun_turn[0m | [1m[DIAG] Planner tool decision: tool_name=move, tool_args={'direction': 'down', 'distance': 0.1}[0m
[32m15:48:17.435[0m | [1mINFO    [0m | [36msrc.audio.single_utterance_processor[0m:[36msynthesize[0m | [1mSynthesizing single utterance response[0m
[32m15:48:17.435[0m | [1mINFO    [0m | [36msrc.config.logging[0m:[36mlog_audio_event[0m | [1mAudio event: tts_request[0m
[32m15:48:17.592[0m | [1mINFO    [0m | [36msrc.config.logging[0m:[36mlog_audio_event[0m | [1mAudio event: tts_success[0m
[32m15:48:17.592[0m | [1mINFO    [0m | [36msrc.config.logging[0m:[36mlog_audio_event[0m | [1mAudio event: single_utterance_synthesis[0m
[32m15:48:17.592[0m | [1mINFO    [0m | [36msrc.audio.single_utterance_processor[0m:[36msynthesize[0m | [1mSingle utterance synthesis completed[0m
[32m15:48:17.599[0m | [1mINFO    [0m | [36msrc.api.websocket[0m:[36mon_acknowledgment[0m | [1mSent acknowledgment for session b67a1c02-d403-435c-830a-985553e8ff41: Ok, moving down.[0m
[32m15:48:17.599[0m | [1mINFO    [0m | [36msrc.conversation.graph.runner[0m:[36mrun_turn[0m | [1mAcknowledgment sent before tool execution[0m
[32m15:48:17.599[0m | [1mINFO    [0m | [36msrc.conversation.graph.executor[0m:[36mexecute[0m | [1mInvoking MCP tool[0m
[32m15:48:17.599[0m | [1mINFO    [0m | [36msrc.conversation.graph.executor[0m:[36mexecute[0m | [1m[DIAG] Calling MCP tool: tool=move, args={'direction': 'down', 'distance': 0.1, 'angle': 15.0}[0m
[32m15:48:17.605[0m | [1mINFO    [0m | [36msrc.mcp.stdio_client[0m:[36m_stderr_loop[0m | [1m[moveit stderr] [DIAG] MCP call_tool: name=move, args={'direction': 'down', 'distance': 0.1, 'angle': 15.0}[0m
[move_group-9] [INFO] [1765399697.612041919] [moveit_move_group_default_capabilities.plan_service_capability]: Received new planning service request...
[move_group-9] [INFO] [1765399697.613011160] [moveit.ompl_planning.model_based_planning_context]: Planner configuration 'arm' will use planner 'geometric::RRTConnect'. Additional configuration parameters will be set when the planner is constructed.
[move_group-9] [INFO] [1765399697.653039004] [moveit_move_group_default_capabilities.execute_trajectory_action_capability]: Received goal request
[move_group-9] [INFO] [1765399697.653091536] [moveit_move_group_default_capabilities.execute_trajectory_action_capability]: Execution request received
[move_group-9] [INFO] [1765399697.653103077] [moveit.plugins.moveit_simple_controller_manager]: Returned 2 controllers in list
[move_group-9] [INFO] [1765399697.653111221] [moveit.plugins.moveit_simple_controller_manager]: Returned 2 controllers in list
[move_group-9] [INFO] [1765399697.653137114] [moveit_ros.trajectory_execution_manager]: Validating trajectory with allowed_start_tolerance 0.01
[move_group-9] [INFO] [1765399697.653529183] [moveit_ros.trajectory_execution_manager]: Starting trajectory execution ...
[move_group-9] [INFO] [1765399697.653551494] [moveit.plugins.moveit_simple_controller_manager]: Returned 2 controllers in list
[move_group-9] [INFO] [1765399697.653561126] [moveit.plugins.moveit_simple_controller_manager]: Returned 2 controllers in list
[move_group-9] [INFO] [1765399697.653625332] [moveit.simple_controller_manager.follow_joint_trajectory_controller_handle]: sending trajectory to joint_trajectory_controller
[ros2_control_node-1] [INFO] [1765399697.653775208] [joint_trajectory_controller]: Received new action goal
[ros2_control_node-1] [INFO] [1765399697.653805529] [joint_trajectory_controller]: Accepted new action goal
[move_group-9] [INFO] [1765399697.653911711] [moveit.simple_controller_manager.follow_joint_trajectory_controller_handle]: joint_trajectory_controller started execution
[move_group-9] [INFO] [1765399697.653916237] [moveit.simple_controller_manager.follow_joint_trajectory_controller_handle]: Goal request accepted!
[ros2_control_node-1] [INFO] [1765399701.975490327] [joint_trajectory_controller]: Goal reached, success!
[move_group-9] [INFO] [1765399702.004083083] [moveit.simple_controller_manager.follow_joint_trajectory_controller_handle]: Controller 'joint_trajectory_controller' successfully finished
[move_group-9] [INFO] [1765399702.006634497] [moveit_ros.trajectory_execution_manager]: Completed trajectory execution with status SUCCEEDED ...
[move_group-9] [INFO] [1765399702.006692734] [moveit_move_group_default_capabilities.execute_trajectory_action_capability]: Execution completed: SUCCEEDED
[32m15:48:22.010[0m | [1mINFO    [0m | [36msrc.config.logging[0m:[36mlog_mcp_event[0m | [1mMCP event: tool_invoked[0m
[32m15:48:22.010[0m | [1mINFO    [0m | [36msrc.conversation.graph.executor[0m:[36mexecute[0m | [1m[DIAG] MCP response: tool=move, result={'content': [{'type': 'text', 'text': '{\n  "success": true,\n  "message": "Moved to pose (0.060, 0.403, 0.201)",\n  "start_pose": {\n    "x": 0.0597,\n    "y": 0.4033,\n    "z": 0.301\n  },\n  "end_pose": {\n    "x": 0.0595,\n    "y": 0.4028,\n    "z": 0.2005\n  },\n  "duration_ms": 4402.6,\n  "dir[0m
[32m15:48:22.010[0m | [1mINFO    [0m | [36msrc.conversation.graph.runner[0m:[36mrun_turn[0m | [1mVerification required after tool execution[0m
[32m15:48:22.010[0m | [1mINFO    [0m | [36msrc.audio.single_utterance_processor[0m:[36msynthesize[0m | [1mSynthesizing single utterance response[0m
[32m15:48:22.011[0m | [1mINFO    [0m | [36msrc.config.logging[0m:[36mlog_audio_event[0m | [1mAudio event: tts_request[0m
[32m15:48:22.201[0m | [1mINFO    [0m | [36msrc.config.logging[0m:[36mlog_audio_event[0m | [1mAudio event: tts_success[0m
[32m15:48:22.201[0m | [1mINFO    [0m | [36msrc.config.logging[0m:[36mlog_audio_event[0m | [1mAudio event: single_utterance_synthesis[0m
[32m15:48:22.201[0m | [1mINFO    [0m | [36msrc.audio.single_utterance_processor[0m:[36msynthesize[0m | [1mSingle utterance synthesis completed[0m
[32m15:48:22.201[0m | [1mINFO    [0m | [36msrc.conversation.graph.responder[0m:[36mrespond[0m | [1mResponder prepared final output[0m
[32m15:48:22.202[0m | [1mINFO    [0m | [36msrc.conversation.state_machine[0m:[36mtransition_to[0m | [1mState transition completed[0m
[32m15:48:22.214[0m | [1mINFO    [0m | [36msrc.conversation.models[0m:[36mlog_snapshot[0m | [1mTurn metrics updated[0m
[32m15:48:22.214[0m | [1mINFO    [0m | [36msrc.config.logging[0m:[36mlog_conversation_event[0m | [1mConversation event: turn_complete[0m
[32m15:48:22.214[0m | [1mINFO    [0m | [36msrc.conversation.state_machine[0m:[36mtransition_to[0m | [1mState transition completed[0m
[32m15:48:22.218[0m | [1mINFO    [0m | [36msrc.api.websocket[0m:[36m_send_conversation_result[0m | [1mConversation turn completed for session b67a1c02-d403-435c-830a-985553e8ff41[0m
[32m15:48:22.218[0m | [1mINFO    [0m | [36msrc.api.websocket[0m:[36m_process_streaming_turn[0m | [1mStarting streaming turn for session b67a1c02-d403-435c-830a-985553e8ff41[0m
[32m15:48:22.218[0m | [1mINFO    [0m | [36msrc.config.logging[0m:[36mlog_conversation_event[0m | [1mConversation event: turn_start[0m
[32m15:48:22.218[0m | [1mINFO    [0m | [36msrc.conversation.state_machine[0m:[36mtransition_to[0m | [1mState transition completed[0m
[32m15:48:22.218[0m | [1mINFO    [0m | [36msrc.config.logging[0m:[36mlog_audio_event[0m | [1mAudio event: streaming_transcription_start[0m
[32m15:48:22.218[0m | [1mINFO    [0m | [36msrc.audio.single_utterance_processor[0m:[36mtranscribe_stream[0m | [1mStarting real-time stream transcription with V2 Recognizer...[0m
[32m15:48:22.218[0m | [1mINFO    [0m | [36msrc.config.logging[0m:[36mlog_audio_event[0m | [1mAudio event: stt_streaming_start[0m
[32m15:48:27.654[0m | [1mINFO    [0m | [36msrc.api.websocket[0m:[36m_handle_message[0m | [1m🎯 Processing WebSocket message[0m
[32m15:48:27.654[0m | [1mINFO    [0m | [36msrc.api.websocket[0m:[36m_handle_message[0m | [1m🏓 Handling ping for session b67a1c02-d403-435c-830a-985553e8ff41[0m
[32m15:48:27.654[0m | [1mINFO    [0m | [36msrc.api.websocket[0m:[36m_handle_message[0m | [1m✅ ping handled successfully for session b67a1c02-d403-435c-830a-985553e8ff41[0m
[32m15:48:29.095[0m | [1mINFO    [0m | [36msrc.config.logging[0m:[36mlog_audio_event[0m | [1mAudio event: stt_streaming_event[0m
[32m15:48:29.117[0m | [1mINFO    [0m | [36msrc.audio.single_utterance_processor[0m:[36mtranscribe_stream[0m | [1mFinal transcript received from stream[0m
[32m15:48:29.118[0m | [1mINFO    [0m | [36msrc.config.logging[0m:[36mlog_audio_event[0m | [1mAudio event: streaming_transcription_success[0m
[32m15:48:29.118[0m | [1mINFO    [0m | [36msrc.api.websocket[0m:[36mon_transcript[0m | [1mSent early transcript: up a little, and go back a little...[0m
[32m15:48:29.118[0m | [1mINFO    [0m | [36msrc.conversation.state_machine[0m:[36mtransition_to[0m | [1mState transition completed[0m
[32m15:48:29.118[0m | [1mINFO    [0m | [36msrc.conversation.single_utterance_engine[0m:[36mprocess_conversation_turn[0m | [1mSpeech transcribed via stream[0m
[32m15:48:29.119[0m | [1mINFO    [0m | [36msrc.conversation.graph.runner[0m:[36mrun_turn[0m | [1mVerification pending - passing to planner for LLM classification[0m
[32m15:48:30.255[0m | [1mINFO    [0m | [36msrc.conversation.graph.runner[0m:[36mrun_turn[0m | [1mPhase 11: Processing verification response via LLM[0m
[32m15:48:30.256[0m | [1mINFO    [0m | [36msrc.conversation.graph.runner[0m:[36mrun_turn[0m | [1mNew instruction during verification, proceeding with tool[0m
[32m15:48:30.256[0m | [1mINFO    [0m | [36msrc.conversation.graph.runner[0m:[36mrun_turn[0m | [1m[DIAG] Planner tool decision: tool_name=move, tool_args={'direction': 'up', 'distance': 0.1}[0m
[32m15:48:30.256[0m | [1mINFO    [0m | [36msrc.audio.single_utterance_processor[0m:[36msynthesize[0m | [1mSynthesizing single utterance response[0m
[32m15:48:30.256[0m | [1mINFO    [0m | [36msrc.config.logging[0m:[36mlog_audio_event[0m | [1mAudio event: tts_request[0m
[32m15:48:30.437[0m | [1mINFO    [0m | [36msrc.config.logging[0m:[36mlog_audio_event[0m | [1mAudio event: tts_success[0m
[32m15:48:30.437[0m | [1mINFO    [0m | [36msrc.config.logging[0m:[36mlog_audio_event[0m | [1mAudio event: single_utterance_synthesis[0m
[32m15:48:30.438[0m | [1mINFO    [0m | [36msrc.audio.single_utterance_processor[0m:[36msynthesize[0m | [1mSingle utterance synthesis completed[0m
[32m15:48:30.443[0m | [1mINFO    [0m | [36msrc.api.websocket[0m:[36mon_acknowledgment[0m | [1mSent acknowledgment for session b67a1c02-d403-435c-830a-985553e8ff41: Ok, moving up.[0m
[32m15:48:30.443[0m | [1mINFO    [0m | [36msrc.conversation.graph.runner[0m:[36mrun_turn[0m | [1mAcknowledgment sent before tool execution[0m
[32m15:48:30.444[0m | [1mINFO    [0m | [36msrc.conversation.graph.executor[0m:[36mexecute[0m | [1mInvoking MCP tool[0m
[32m15:48:30.444[0m | [1mINFO    [0m | [36msrc.conversation.graph.executor[0m:[36mexecute[0m | [1m[DIAG] Calling MCP tool: tool=move, args={'direction': 'up', 'distance': 0.1, 'angle': 15.0}[0m
[32m15:48:30.447[0m | [1mINFO    [0m | [36msrc.mcp.stdio_client[0m:[36m_stderr_loop[0m | [1m[moveit stderr] [DIAG] MCP call_tool: name=move, args={'direction': 'up', 'distance': 0.1, 'angle': 15.0}[0m
[move_group-9] [INFO] [1765399710.453043339] [moveit_move_group_default_capabilities.plan_service_capability]: Received new planning service request...
[move_group-9] [INFO] [1765399710.453889551] [moveit.ompl_planning.model_based_planning_context]: Planner configuration 'arm' will use planner 'geometric::RRTConnect'. Additional configuration parameters will be set when the planner is constructed.
[move_group-9] [INFO] [1765399710.494333352] [moveit_move_group_default_capabilities.execute_trajectory_action_capability]: Received goal request
[move_group-9] [INFO] [1765399710.494415897] [moveit_move_group_default_capabilities.execute_trajectory_action_capability]: Execution request received
[move_group-9] [INFO] [1765399710.494439674] [moveit.plugins.moveit_simple_controller_manager]: Returned 2 controllers in list
[move_group-9] [INFO] [1765399710.494456030] [moveit.plugins.moveit_simple_controller_manager]: Returned 2 controllers in list
[move_group-9] [INFO] [1765399710.494510697] [moveit_ros.trajectory_execution_manager]: Validating trajectory with allowed_start_tolerance 0.01
[move_group-9] [INFO] [1765399710.495608308] [moveit_ros.trajectory_execution_manager]: Starting trajectory execution ...
[move_group-9] [INFO] [1765399710.495635184] [moveit.plugins.moveit_simple_controller_manager]: Returned 2 controllers in list
[move_group-9] [INFO] [1765399710.495649018] [moveit.plugins.moveit_simple_controller_manager]: Returned 2 controllers in list
[move_group-9] [INFO] [1765399710.495727321] [moveit.simple_controller_manager.follow_joint_trajectory_controller_handle]: sending trajectory to joint_trajectory_controller
[ros2_control_node-1] [INFO] [1765399710.495889865] [joint_trajectory_controller]: Received new action goal
[ros2_control_node-1] [INFO] [1765399710.495917316] [joint_trajectory_controller]: Accepted new action goal
[move_group-9] [INFO] [1765399710.496024776] [moveit.simple_controller_manager.follow_joint_trajectory_controller_handle]: joint_trajectory_controller started execution
[move_group-9] [INFO] [1765399710.496032433] [moveit.simple_controller_manager.follow_joint_trajectory_controller_handle]: Goal request accepted!
[ros2_control_node-1] [INFO] [1765399716.481508639] [joint_trajectory_controller]: Goal reached, success!
[move_group-9] [INFO] [1765399716.496121748] [moveit.simple_controller_manager.follow_joint_trajectory_controller_handle]: Controller 'joint_trajectory_controller' successfully finished
[move_group-9] [INFO] [1765399716.498569765] [moveit_ros.trajectory_execution_manager]: Completed trajectory execution with status SUCCEEDED ...
[move_group-9] [INFO] [1765399716.498635867] [moveit_move_group_default_capabilities.execute_trajectory_action_capability]: Execution completed: SUCCEEDED
[32m15:48:36.502[0m | [1mINFO    [0m | [36msrc.config.logging[0m:[36mlog_mcp_event[0m | [1mMCP event: tool_invoked[0m
[32m15:48:36.502[0m | [1mINFO    [0m | [36msrc.conversation.graph.executor[0m:[36mexecute[0m | [1m[DIAG] MCP response: tool=move, result={'content': [{'type': 'text', 'text': '{\n  "success": true,\n  "message": "Moved to pose (0.059, 0.403, 0.301)",\n  "start_pose": {\n    "x": 0.0595,\n    "y": 0.4028,\n    "z": 0.2005\n  },\n  "end_pose": {\n    "x": 0.0582,\n    "y": 0.4034,\n    "z": 0.2998\n  },\n  "duration_ms": 6052.12,\n  "d[0m
[32m15:48:36.503[0m | [1mINFO    [0m | [36msrc.conversation.graph.runner[0m:[36mrun_turn[0m | [1mVerification required after tool execution[0m
[32m15:48:36.503[0m | [1mINFO    [0m | [36msrc.audio.single_utterance_processor[0m:[36msynthesize[0m | [1mSynthesizing single utterance response[0m
[32m15:48:36.503[0m | [1mINFO    [0m | [36msrc.config.logging[0m:[36mlog_audio_event[0m | [1mAudio event: tts_request[0m
[32m15:48:36.911[0m | [1mINFO    [0m | [36msrc.config.logging[0m:[36mlog_audio_event[0m | [1mAudio event: tts_success[0m
[32m15:48:36.911[0m | [1mINFO    [0m | [36msrc.config.logging[0m:[36mlog_audio_event[0m | [1mAudio event: single_utterance_synthesis[0m
[32m15:48:36.911[0m | [1mINFO    [0m | [36msrc.audio.single_utterance_processor[0m:[36msynthesize[0m | [1mSingle utterance synthesis completed[0m
[32m15:48:36.911[0m | [1mINFO    [0m | [36msrc.conversation.graph.responder[0m:[36mrespond[0m | [1mResponder prepared final output[0m
[32m15:48:36.912[0m | [1mINFO    [0m | [36msrc.conversation.state_machine[0m:[36mtransition_to[0m | [1mState transition completed[0m
[32m15:48:36.924[0m | [1mINFO    [0m | [36msrc.conversation.models[0m:[36mlog_snapshot[0m | [1mTurn metrics updated[0m
[32m15:48:36.924[0m | [1mINFO    [0m | [36msrc.config.logging[0m:[36mlog_conversation_event[0m | [1mConversation event: turn_complete[0m
[32m15:48:36.924[0m | [1mINFO    [0m | [36msrc.conversation.state_machine[0m:[36mtransition_to[0m | [1mState transition completed[0m
[32m15:48:36.930[0m | [1mINFO    [0m | [36msrc.api.websocket[0m:[36m_send_conversation_result[0m | [1mConversation turn completed for session b67a1c02-d403-435c-830a-985553e8ff41[0m
[32m15:48:36.930[0m | [1mINFO    [0m | [36msrc.api.websocket[0m:[36m_process_streaming_turn[0m | [1mStarting streaming turn for session b67a1c02-d403-435c-830a-985553e8ff41[0m
[32m15:48:36.930[0m | [1mINFO    [0m | [36msrc.config.logging[0m:[36mlog_conversation_event[0m | [1mConversation event: turn_start[0m
[32m15:48:36.931[0m | [1mINFO    [0m | [36msrc.conversation.state_machine[0m:[36mtransition_to[0m | [1mState transition completed[0m
[32m15:48:36.931[0m | [1mINFO    [0m | [36msrc.config.logging[0m:[36mlog_audio_event[0m | [1mAudio event: streaming_transcription_start[0m
[32m15:48:36.931[0m | [1mINFO    [0m | [36msrc.audio.single_utterance_processor[0m:[36mtranscribe_stream[0m | [1mStarting real-time stream transcription with V2 Recognizer...[0m
[32m15:48:36.931[0m | [1mINFO    [0m | [36msrc.config.logging[0m:[36mlog_audio_event[0m | [1mAudio event: stt_streaming_start[0m
[32m15:48:44.203[0m | [1mINFO    [0m | [36msrc.config.logging[0m:[36mlog_audio_event[0m | [1mAudio event: stt_streaming_event[0m
[32m15:48:44.225[0m | [1mINFO    [0m | [36msrc.audio.single_utterance_processor[0m:[36mtranscribe_stream[0m | [1mFinal transcript received from stream[0m
[32m15:48:44.225[0m | [1mINFO    [0m | [36msrc.config.logging[0m:[36mlog_audio_event[0m | [1mAudio event: streaming_transcription_success[0m
[32m15:48:44.225[0m | [1mINFO    [0m | [36msrc.api.websocket[0m:[36mon_transcript[0m | [1mSent early transcript: A good and then go back, just a little bit....[0m
[32m15:48:44.225[0m | [1mINFO    [0m | [36msrc.conversation.state_machine[0m:[36mtransition_to[0m | [1mState transition completed[0m
[32m15:48:44.225[0m | [1mINFO    [0m | [36msrc.conversation.single_utterance_engine[0m:[36mprocess_conversation_turn[0m | [1mSpeech transcribed via stream[0m
[32m15:48:44.226[0m | [1mINFO    [0m | [36msrc.conversation.graph.runner[0m:[36mrun_turn[0m | [1mVerification pending - passing to planner for LLM classification[0m
[32m15:48:45.444[0m | [1mINFO    [0m | [36msrc.conversation.graph.runner[0m:[36mrun_turn[0m | [1mPhase 11: Processing verification response via LLM[0m
[32m15:48:45.444[0m | [1mINFO    [0m | [36msrc.conversation.graph.runner[0m:[36mrun_turn[0m | [1mNew instruction during verification, proceeding with tool[0m
[32m15:48:45.444[0m | [1mINFO    [0m | [36msrc.conversation.graph.runner[0m:[36mrun_turn[0m | [1m[DIAG] Planner tool decision: tool_name=move, tool_args={'direction': 'backward', 'distance': 0.1}[0m
[32m15:48:45.444[0m | [1mINFO    [0m | [36msrc.audio.single_utterance_processor[0m:[36msynthesize[0m | [1mSynthesizing single utterance response[0m
[32m15:48:45.444[0m | [1mINFO    [0m | [36msrc.config.logging[0m:[36mlog_audio_event[0m | [1mAudio event: tts_request[0m
[32m15:48:45.650[0m | [1mINFO    [0m | [36msrc.config.logging[0m:[36mlog_audio_event[0m | [1mAudio event: tts_success[0m
[32m15:48:45.651[0m | [1mINFO    [0m | [36msrc.config.logging[0m:[36mlog_audio_event[0m | [1mAudio event: single_utterance_synthesis[0m
[32m15:48:45.651[0m | [1mINFO    [0m | [36msrc.audio.single_utterance_processor[0m:[36msynthesize[0m | [1mSingle utterance synthesis completed[0m
[32m15:48:45.656[0m | [1mINFO    [0m | [36msrc.api.websocket[0m:[36mon_acknowledgment[0m | [1mSent acknowledgment for session b67a1c02-d403-435c-830a-985553e8ff41: Ok, moving backward.[0m
[32m15:48:45.656[0m | [1mINFO    [0m | [36msrc.conversation.graph.runner[0m:[36mrun_turn[0m | [1mAcknowledgment sent before tool execution[0m
[32m15:48:45.656[0m | [1mINFO    [0m | [36msrc.conversation.graph.executor[0m:[36mexecute[0m | [1mInvoking MCP tool[0m
[32m15:48:45.657[0m | [1mINFO    [0m | [36msrc.conversation.graph.executor[0m:[36mexecute[0m | [1m[DIAG] Calling MCP tool: tool=move, args={'direction': 'backward', 'distance': 0.1, 'angle': 15.0}[0m
[32m15:48:45.660[0m | [1mINFO    [0m | [36msrc.mcp.stdio_client[0m:[36m_stderr_loop[0m | [1m[moveit stderr] [DIAG] MCP call_tool: name=move, args={'direction': 'backward', 'distance': 0.1, 'angle': 15.0}[0m
[move_group-9] [INFO] [1765399725.666716732] [moveit_move_group_default_capabilities.plan_service_capability]: Received new planning service request...
[move_group-9] [INFO] [1765399725.667245317] [moveit.ompl_planning.model_based_planning_context]: Planner configuration 'arm' will use planner 'geometric::RRTConnect'. Additional configuration parameters will be set when the planner is constructed.
[move_group-9] [INFO] [1765399725.682284450] [moveit_move_group_default_capabilities.execute_trajectory_action_capability]: Received goal request
[move_group-9] [INFO] [1765399725.682369094] [moveit_move_group_default_capabilities.execute_trajectory_action_capability]: Execution request received
[move_group-9] [INFO] [1765399725.682390682] [moveit.plugins.moveit_simple_controller_manager]: Returned 2 controllers in list
[move_group-9] [INFO] [1765399725.682406918] [moveit.plugins.moveit_simple_controller_manager]: Returned 2 controllers in list
[move_group-9] [INFO] [1765399725.682453208] [moveit_ros.trajectory_execution_manager]: Validating trajectory with allowed_start_tolerance 0.01
[move_group-9] [INFO] [1765399725.683581266] [moveit_ros.trajectory_execution_manager]: Starting trajectory execution ...
[move_group-9] [INFO] [1765399725.683619774] [moveit.plugins.moveit_simple_controller_manager]: Returned 2 controllers in list
[move_group-9] [INFO] [1765399725.683644356] [moveit.plugins.moveit_simple_controller_manager]: Returned 2 controllers in list
[move_group-9] [INFO] [1765399725.683742796] [moveit.simple_controller_manager.follow_joint_trajectory_controller_handle]: sending trajectory to joint_trajectory_controller
[ros2_control_node-1] [INFO] [1765399725.683899348] [joint_trajectory_controller]: Received new action goal
[ros2_control_node-1] [INFO] [1765399725.683951086] [joint_trajectory_controller]: Accepted new action goal
[move_group-9] [INFO] [1765399725.684075956] [moveit.simple_controller_manager.follow_joint_trajectory_controller_handle]: joint_trajectory_controller started execution
[move_group-9] [INFO] [1765399725.684094343] [moveit.simple_controller_manager.follow_joint_trajectory_controller_handle]: Goal request accepted!
[ros2_control_node-1] [INFO] [1765399726.730502632] [joint_trajectory_controller]: Goal reached, success!
[move_group-9] [INFO] [1765399726.734293439] [moveit.simple_controller_manager.follow_joint_trajectory_controller_handle]: Controller 'joint_trajectory_controller' successfully finished
[move_group-9] [INFO] [1765399726.736598177] [moveit_ros.trajectory_execution_manager]: Completed trajectory execution with status SUCCEEDED ...
[move_group-9] [INFO] [1765399726.736640399] [moveit_move_group_default_capabilities.execute_trajectory_action_capability]: Execution completed: SUCCEEDED
[32m15:48:46.741[0m | [1mINFO    [0m | [36msrc.config.logging[0m:[36mlog_mcp_event[0m | [1mMCP event: tool_invoked[0m
[32m15:48:46.741[0m | [1mINFO    [0m | [36msrc.conversation.graph.executor[0m:[36mexecute[0m | [1m[DIAG] MCP response: tool=move, result={'content': [{'type': 'text', 'text': '{\n  "success": true,\n  "message": "Moved to pose (-0.042, 0.403, 0.300)",\n  "start_pose": {\n    "x": 0.0582,\n    "y": 0.4034,\n    "z": 0.2998\n  },\n  "end_pose": {\n    "x": -0.0437,\n    "y": 0.4037,\n    "z": 0.2997\n  },\n  "duration_ms": 1078.24,\n  [0m
[32m15:48:46.741[0m | [1mINFO    [0m | [36msrc.conversation.graph.runner[0m:[36mrun_turn[0m | [1mVerification required after tool execution[0m
[32m15:48:46.741[0m | [1mINFO    [0m | [36msrc.audio.single_utterance_processor[0m:[36msynthesize[0m | [1mSynthesizing single utterance response[0m
[32m15:48:46.741[0m | [1mINFO    [0m | [36msrc.config.logging[0m:[36mlog_audio_event[0m | [1mAudio event: tts_request[0m
[32m15:48:47.047[0m | [1mINFO    [0m | [36msrc.config.logging[0m:[36mlog_audio_event[0m | [1mAudio event: tts_success[0m
[32m15:48:47.048[0m | [1mINFO    [0m | [36msrc.config.logging[0m:[36mlog_audio_event[0m | [1mAudio event: single_utterance_synthesis[0m
[32m15:48:47.048[0m | [1mINFO    [0m | [36msrc.audio.single_utterance_processor[0m:[36msynthesize[0m | [1mSingle utterance synthesis completed[0m
[32m15:48:47.048[0m | [1mINFO    [0m | [36msrc.conversation.graph.responder[0m:[36mrespond[0m | [1mResponder prepared final output[0m
[32m15:48:47.048[0m | [1mINFO    [0m | [36msrc.conversation.state_machine[0m:[36mtransition_to[0m | [1mState transition completed[0m
[32m15:48:47.059[0m | [1mINFO    [0m | [36msrc.conversation.models[0m:[36mlog_snapshot[0m | [1mTurn metrics updated[0m
[32m15:48:47.059[0m | [1mINFO    [0m | [36msrc.config.logging[0m:[36mlog_conversation_event[0m | [1mConversation event: turn_complete[0m
[32m15:48:47.059[0m | [1mINFO    [0m | [36msrc.conversation.state_machine[0m:[36mtransition_to[0m | [1mState transition completed[0m
[32m15:48:47.063[0m | [1mINFO    [0m | [36msrc.api.websocket[0m:[36m_send_conversation_result[0m | [1mConversation turn completed for session b67a1c02-d403-435c-830a-985553e8ff41[0m
[32m15:48:47.063[0m | [1mINFO    [0m | [36msrc.api.websocket[0m:[36m_process_streaming_turn[0m | [1mStarting streaming turn for session b67a1c02-d403-435c-830a-985553e8ff41[0m
[32m15:48:47.063[0m | [1mINFO    [0m | [36msrc.config.logging[0m:[36mlog_conversation_event[0m | [1mConversation event: turn_start[0m
[32m15:48:47.063[0m | [1mINFO    [0m | [36msrc.conversation.state_machine[0m:[36mtransition_to[0m | [1mState transition completed[0m
[32m15:48:47.063[0m | [1mINFO    [0m | [36msrc.config.logging[0m:[36mlog_audio_event[0m | [1mAudio event: streaming_transcription_start[0m
[32m15:48:47.063[0m | [1mINFO    [0m | [36msrc.audio.single_utterance_processor[0m:[36mtranscribe_stream[0m | [1mStarting real-time stream transcription with V2 Recognizer...[0m
[32m15:48:47.063[0m | [1mINFO    [0m | [36msrc.config.logging[0m:[36mlog_audio_event[0m | [1mAudio event: stt_streaming_start[0m
[32m15:48:53.182[0m | [1mINFO    [0m | [36msrc.config.logging[0m:[36mlog_mcp_event[0m | [1mMCP event: health_check[0m
[32m15:48:57.053[0m | [1mINFO    [0m | [36msrc.config.logging[0m:[36mlog_audio_event[0m | [1mAudio event: stt_streaming_event[0m
[32m15:48:57.084[0m | [1mINFO    [0m | [36msrc.audio.single_utterance_processor[0m:[36mtranscribe_stream[0m | [1mFinal transcript received from stream[0m
[32m15:48:57.084[0m | [1mINFO    [0m | [36msrc.config.logging[0m:[36mlog_audio_event[0m | [1mAudio event: streaming_transcription_success[0m
[32m15:48:57.084[0m | [1mINFO    [0m | [36msrc.api.websocket[0m:[36mon_transcript[0m | [1mSent early transcript: Okay, try to get the butthole....[0m
[32m15:48:57.084[0m | [1mINFO    [0m | [36msrc.conversation.state_machine[0m:[36mtransition_to[0m | [1mState transition completed[0m
[32m15:48:57.085[0m | [1mINFO    [0m | [36msrc.conversation.single_utterance_engine[0m:[36mprocess_conversation_turn[0m | [1mSpeech transcribed via stream[0m
[32m15:48:57.085[0m | [1mINFO    [0m | [36msrc.conversation.graph.runner[0m:[36mrun_turn[0m | [1mVerification pending - passing to planner for LLM classification[0m
[32m15:48:58.316[0m | [1mINFO    [0m | [36msrc.conversation.graph.runner[0m:[36mrun_turn[0m | [1mPhase 11: Processing verification response via LLM[0m
[32m15:48:58.316[0m | [1mINFO    [0m | [36msrc.conversation.graph.runner[0m:[36mrun_turn[0m | [1mUnknown/other instruction type, clearing verification[0m
[32m15:48:58.316[0m | [1mINFO    [0m | [36msrc.audio.single_utterance_processor[0m:[36msynthesize[0m | [1mSynthesizing single utterance response[0m
[32m15:48:58.316[0m | [1mINFO    [0m | [36msrc.config.logging[0m:[36mlog_audio_event[0m | [1mAudio event: tts_request[0m
[32m15:48:58.319[0m | [1mINFO    [0m | [36msrc.api.websocket[0m:[36m_handle_message[0m | [1m🎯 Processing WebSocket message[0m
[32m15:48:58.319[0m | [1mINFO    [0m | [36msrc.api.websocket[0m:[36m_handle_message[0m | [1m🏓 Handling ping for session b67a1c02-d403-435c-830a-985553e8ff41[0m
[32m15:48:58.319[0m | [1mINFO    [0m | [36msrc.api.websocket[0m:[36m_handle_message[0m | [1m✅ ping handled successfully for session b67a1c02-d403-435c-830a-985553e8ff41[0m
[32m15:48:58.627[0m | [1mINFO    [0m | [36msrc.config.logging[0m:[36mlog_audio_event[0m | [1mAudio event: tts_success[0m
[32m15:48:58.628[0m | [1mINFO    [0m | [36msrc.config.logging[0m:[36mlog_audio_event[0m | [1mAudio event: single_utterance_synthesis[0m
[32m15:48:58.628[0m | [1mINFO    [0m | [36msrc.audio.single_utterance_processor[0m:[36msynthesize[0m | [1mSingle utterance synthesis completed[0m
[32m15:48:58.628[0m | [1mINFO    [0m | [36msrc.conversation.graph.responder[0m:[36mrespond[0m | [1mResponder prepared final output[0m
[32m15:48:58.628[0m | [1mINFO    [0m | [36msrc.conversation.state_machine[0m:[36mtransition_to[0m | [1mState transition completed[0m
[32m15:48:58.641[0m | [1mINFO    [0m | [36msrc.conversation.models[0m:[36mlog_snapshot[0m | [1mTurn metrics updated[0m
[32m15:48:58.642[0m | [1mINFO    [0m | [36msrc.config.logging[0m:[36mlog_conversation_event[0m | [1mConversation event: turn_complete[0m
[32m15:48:58.642[0m | [1mINFO    [0m | [36msrc.conversation.state_machine[0m:[36mtransition_to[0m | [1mState transition completed[0m
[32m15:48:58.659[0m | [1mINFO    [0m | [36msrc.api.websocket[0m:[36m_send_conversation_result[0m | [1mConversation turn completed for session b67a1c02-d403-435c-830a-985553e8ff41[0m
[32m15:48:58.659[0m | [1mINFO    [0m | [36msrc.api.websocket[0m:[36m_process_streaming_turn[0m | [1mStarting streaming turn for session b67a1c02-d403-435c-830a-985553e8ff41[0m
[32m15:48:58.660[0m | [1mINFO    [0m | [36msrc.config.logging[0m:[36mlog_conversation_event[0m | [1mConversation event: turn_start[0m
[32m15:48:58.660[0m | [1mINFO    [0m | [36msrc.conversation.state_machine[0m:[36mtransition_to[0m | [1mState transition completed[0m
[32m15:48:58.660[0m | [1mINFO    [0m | [36msrc.config.logging[0m:[36mlog_audio_event[0m | [1mAudio event: streaming_transcription_start[0m
[32m15:48:58.660[0m | [1mINFO    [0m | [36msrc.audio.single_utterance_processor[0m:[36mtranscribe_stream[0m | [1mStarting real-time stream transcription with V2 Recognizer...[0m
[32m15:48:58.660[0m | [1mINFO    [0m | [36msrc.config.logging[0m:[36mlog_audio_event[0m | [1mAudio event: stt_streaming_start[0m
[32m15:49:08.083[0m | [1mINFO    [0m | [36msrc.config.logging[0m:[36mlog_audio_event[0m | [1mAudio event: stt_streaming_event[0m
[32m15:49:08.104[0m | [1mINFO    [0m | [36msrc.audio.single_utterance_processor[0m:[36mtranscribe_stream[0m | [1mFinal transcript received from stream[0m
[32m15:49:08.105[0m | [1mINFO    [0m | [36msrc.config.logging[0m:[36mlog_audio_event[0m | [1mAudio event: streaming_transcription_success[0m
[32m15:49:08.105[0m | [1mINFO    [0m | [36msrc.api.websocket[0m:[36mon_transcript[0m | [1mSent early transcript: Open your hand....[0m
[32m15:49:08.105[0m | [1mINFO    [0m | [36msrc.conversation.state_machine[0m:[36mtransition_to[0m | [1mState transition completed[0m
[32m15:49:08.105[0m | [1mINFO    [0m | [36msrc.conversation.single_utterance_engine[0m:[36mprocess_conversation_turn[0m | [1mSpeech transcribed via stream[0m
[32m15:49:09.168[0m | [1mINFO    [0m | [36msrc.conversation.graph.runner[0m:[36mrun_turn[0m | [1m[DIAG] Planner tool decision: tool_name=open_gripper, tool_args={}[0m
[32m15:49:09.168[0m | [1mINFO    [0m | [36msrc.audio.single_utterance_processor[0m:[36msynthesize[0m | [1mSynthesizing single utterance response[0m
[32m15:49:09.168[0m | [1mINFO    [0m | [36msrc.config.logging[0m:[36mlog_audio_event[0m | [1mAudio event: tts_request[0m
[32m15:49:09.409[0m | [1mINFO    [0m | [36msrc.config.logging[0m:[36mlog_audio_event[0m | [1mAudio event: tts_success[0m
[32m15:49:09.409[0m | [1mINFO    [0m | [36msrc.config.logging[0m:[36mlog_audio_event[0m | [1mAudio event: single_utterance_synthesis[0m
[32m15:49:09.409[0m | [1mINFO    [0m | [36msrc.audio.single_utterance_processor[0m:[36msynthesize[0m | [1mSingle utterance synthesis completed[0m
[32m15:49:09.416[0m | [1mINFO    [0m | [36msrc.api.websocket[0m:[36mon_acknowledgment[0m | [1mSent acknowledgment for session b67a1c02-d403-435c-830a-985553e8ff41: Ok, opening the gripper.[0m
[32m15:49:09.416[0m | [1mINFO    [0m | [36msrc.conversation.graph.runner[0m:[36mrun_turn[0m | [1mAcknowledgment sent before tool execution[0m
[32m15:49:09.416[0m | [1mINFO    [0m | [36msrc.conversation.graph.executor[0m:[36mexecute[0m | [1mInvoking MCP tool[0m
[32m15:49:09.416[0m | [1mINFO    [0m | [36msrc.conversation.graph.executor[0m:[36mexecute[0m | [1m[DIAG] Calling MCP tool: tool=open_gripper, args={}[0m
[32m15:49:09.418[0m | [1mINFO    [0m | [36msrc.mcp.stdio_client[0m:[36m_stderr_loop[0m | [1m[moveit stderr] [DIAG] MCP call_tool: name=open_gripper, args={}[0m
[ros2_control_node-1] [INFO] [1765399749.419284829] [gen3_lite_2f_gripper_controller]: Received & accepted new action goal
[32m15:49:10.022[0m | [1mINFO    [0m | [36msrc.config.logging[0m:[36mlog_mcp_event[0m | [1mMCP event: tool_invoked[0m
[32m15:49:10.022[0m | [1mINFO    [0m | [36msrc.conversation.graph.executor[0m:[36mexecute[0m | [1m[DIAG] MCP response: tool=open_gripper, result={'content': [{'type': 'text', 'text': '{\n  "success": true,\n  "message": "Gripper opened successfully",\n  "action": "open",\n  "duration_ms": 601.77\n}'}], 'isError': False}[0m
[32m15:49:10.022[0m | [1mINFO    [0m | [36msrc.conversation.graph.runner[0m:[36mrun_turn[0m | [1mVerification required after tool execution[0m
[32m15:49:10.022[0m | [1mINFO    [0m | [36msrc.audio.single_utterance_processor[0m:[36msynthesize[0m | [1mSynthesizing single utterance response[0m
[32m15:49:10.023[0m | [1mINFO    [0m | [36msrc.config.logging[0m:[36mlog_audio_event[0m | [1mAudio event: tts_request[0m
[32m15:49:10.402[0m | [1mINFO    [0m | [36msrc.config.logging[0m:[36mlog_audio_event[0m | [1mAudio event: tts_success[0m
[32m15:49:10.402[0m | [1mINFO    [0m | [36msrc.config.logging[0m:[36mlog_audio_event[0m | [1mAudio event: single_utterance_synthesis[0m
[32m15:49:10.402[0m | [1mINFO    [0m | [36msrc.audio.single_utterance_processor[0m:[36msynthesize[0m | [1mSingle utterance synthesis completed[0m
[32m15:49:10.402[0m | [1mINFO    [0m | [36msrc.conversation.graph.responder[0m:[36mrespond[0m | [1mResponder prepared final output[0m
[32m15:49:10.402[0m | [1mINFO    [0m | [36msrc.conversation.state_machine[0m:[36mtransition_to[0m | [1mState transition completed[0m
[32m15:49:10.414[0m | [1mINFO    [0m | [36msrc.conversation.models[0m:[36mlog_snapshot[0m | [1mTurn metrics updated[0m
[32m15:49:10.414[0m | [1mINFO    [0m | [36msrc.config.logging[0m:[36mlog_conversation_event[0m | [1mConversation event: turn_complete[0m
[32m15:49:10.414[0m | [1mINFO    [0m | [36msrc.conversation.state_machine[0m:[36mtransition_to[0m | [1mState transition completed[0m
[32m15:49:10.422[0m | [1mINFO    [0m | [36msrc.api.websocket[0m:[36m_send_conversation_result[0m | [1mConversation turn completed for session b67a1c02-d403-435c-830a-985553e8ff41[0m
[32m15:49:10.422[0m | [1mINFO    [0m | [36msrc.api.websocket[0m:[36m_process_streaming_turn[0m | [1mStarting streaming turn for session b67a1c02-d403-435c-830a-985553e8ff41[0m
[32m15:49:10.422[0m | [1mINFO    [0m | [36msrc.config.logging[0m:[36mlog_conversation_event[0m | [1mConversation event: turn_start[0m
[32m15:49:10.422[0m | [1mINFO    [0m | [36msrc.conversation.state_machine[0m:[36mtransition_to[0m | [1mState transition completed[0m
[32m15:49:10.422[0m | [1mINFO    [0m | [36msrc.config.logging[0m:[36mlog_audio_event[0m | [1mAudio event: streaming_transcription_start[0m
[32m15:49:10.422[0m | [1mINFO    [0m | [36msrc.audio.single_utterance_processor[0m:[36mtranscribe_stream[0m | [1mStarting real-time stream transcription with V2 Recognizer...[0m
[32m15:49:10.422[0m | [1mINFO    [0m | [36msrc.config.logging[0m:[36mlog_audio_event[0m | [1mAudio event: stt_streaming_start[0m
[32m15:49:22.752[0m | [1mINFO    [0m | [36msrc.config.logging[0m:[36mlog_audio_event[0m | [1mAudio event: stt_streaming_event[0m
[32m15:49:22.789[0m | [1mINFO    [0m | [36msrc.config.logging[0m:[36mlog_audio_event[0m | [1mAudio event: streaming_transcription_success[0m
[32m15:49:22.789[0m | [1mINFO    [0m | [36msrc.conversation.single_utterance_engine[0m:[36mprocess_conversation_turn[0m | [1mTurn ended without transcript (cancelled or no speech)[0m
[32m15:49:22.789[0m | [1mINFO    [0m | [36msrc.conversation.state_machine[0m:[36mtransition_to[0m | [1mState transition completed[0m
[32m15:49:22.790[0m | [1mINFO    [0m | [36msrc.api.websocket[0m:[36m_send_conversation_result[0m | [1mConversation turn completed for session b67a1c02-d403-435c-830a-985553e8ff41[0m
[32m15:49:22.790[0m | [1mINFO    [0m | [36msrc.api.websocket[0m:[36m_process_streaming_turn[0m | [1mStarting streaming turn for session b67a1c02-d403-435c-830a-985553e8ff41[0m
[32m15:49:22.790[0m | [1mINFO    [0m | [36msrc.config.logging[0m:[36mlog_conversation_event[0m | [1mConversation event: turn_start[0m
[32m15:49:22.790[0m | [1mINFO    [0m | [36msrc.conversation.state_machine[0m:[36mtransition_to[0m | [1mState transition completed[0m
[32m15:49:22.790[0m | [1mINFO    [0m | [36msrc.config.logging[0m:[36mlog_audio_event[0m | [1mAudio event: streaming_transcription_start[0m
[32m15:49:22.790[0m | [1mINFO    [0m | [36msrc.audio.single_utterance_processor[0m:[36mtranscribe_stream[0m | [1mStarting real-time stream transcription with V2 Recognizer...[0m
[32m15:49:22.790[0m | [1mINFO    [0m | [36msrc.config.logging[0m:[36mlog_audio_event[0m | [1mAudio event: stt_streaming_start[0m
[32m15:49:27.653[0m | [1mINFO    [0m | [36msrc.api.websocket[0m:[36m_handle_message[0m | [1m🎯 Processing WebSocket message[0m
[32m15:49:27.654[0m | [1mINFO    [0m | [36msrc.api.websocket[0m:[36m_handle_message[0m | [1m🏓 Handling ping for session b67a1c02-d403-435c-830a-985553e8ff41[0m
[32m15:49:27.654[0m | [1mINFO    [0m | [36msrc.api.websocket[0m:[36m_handle_message[0m | [1m✅ ping handled successfully for session b67a1c02-d403-435c-830a-985553e8ff41[0m
[32m15:49:27.871[0m | [1mINFO    [0m | [36msrc.config.logging[0m:[36mlog_audio_event[0m | [1mAudio event: stt_streaming_event[0m
[32m15:49:27.894[0m | [1mINFO    [0m | [36msrc.audio.single_utterance_processor[0m:[36mtranscribe_stream[0m | [1mFinal transcript received from stream[0m
[32m15:49:27.894[0m | [1mINFO    [0m | [36msrc.config.logging[0m:[36mlog_audio_event[0m | [1mAudio event: streaming_transcription_success[0m
[32m15:49:27.894[0m | [1mINFO    [0m | [36msrc.api.websocket[0m:[36mon_transcript[0m | [1mSent early transcript: Go down a little bit....[0m
[32m15:49:27.894[0m | [1mINFO    [0m | [36msrc.conversation.state_machine[0m:[36mtransition_to[0m | [1mState transition completed[0m
[32m15:49:27.894[0m | [1mINFO    [0m | [36msrc.conversation.single_utterance_engine[0m:[36mprocess_conversation_turn[0m | [1mSpeech transcribed via stream[0m
[32m15:49:27.895[0m | [1mINFO    [0m | [36msrc.conversation.graph.runner[0m:[36mrun_turn[0m | [1mVerification pending - passing to planner for LLM classification[0m
[32m15:49:29.153[0m | [1mINFO    [0m | [36msrc.conversation.graph.runner[0m:[36mrun_turn[0m | [1mPhase 11: Processing verification response via LLM[0m
[32m15:49:29.153[0m | [1mINFO    [0m | [36msrc.conversation.graph.runner[0m:[36mrun_turn[0m | [1mNew instruction during verification, proceeding with tool[0m
[32m15:49:29.153[0m | [1mINFO    [0m | [36msrc.conversation.graph.runner[0m:[36mrun_turn[0m | [1m[DIAG] Planner tool decision: tool_name=move, tool_args={'direction': 'down', 'distance': 0.1}[0m
[32m15:49:29.153[0m | [1mINFO    [0m | [36msrc.audio.single_utterance_processor[0m:[36msynthesize[0m | [1mSynthesizing single utterance response[0m
[32m15:49:29.153[0m | [1mINFO    [0m | [36msrc.config.logging[0m:[36mlog_audio_event[0m | [1mAudio event: tts_request[0m
[32m15:49:29.320[0m | [1mINFO    [0m | [36msrc.config.logging[0m:[36mlog_audio_event[0m | [1mAudio event: tts_success[0m
[32m15:49:29.321[0m | [1mINFO    [0m | [36msrc.config.logging[0m:[36mlog_audio_event[0m | [1mAudio event: single_utterance_synthesis[0m
[32m15:49:29.321[0m | [1mINFO    [0m | [36msrc.audio.single_utterance_processor[0m:[36msynthesize[0m | [1mSingle utterance synthesis completed[0m
[32m15:49:29.325[0m | [1mINFO    [0m | [36msrc.api.websocket[0m:[36mon_acknowledgment[0m | [1mSent acknowledgment for session b67a1c02-d403-435c-830a-985553e8ff41: Ok, moving down.[0m
[32m15:49:29.325[0m | [1mINFO    [0m | [36msrc.conversation.graph.runner[0m:[36mrun_turn[0m | [1mAcknowledgment sent before tool execution[0m
[32m15:49:29.325[0m | [1mINFO    [0m | [36msrc.conversation.graph.executor[0m:[36mexecute[0m | [1mInvoking MCP tool[0m
[32m15:49:29.325[0m | [1mINFO    [0m | [36msrc.conversation.graph.executor[0m:[36mexecute[0m | [1m[DIAG] Calling MCP tool: tool=move, args={'direction': 'down', 'distance': 0.1, 'angle': 15.0}[0m
[32m15:49:29.329[0m | [1mINFO    [0m | [36msrc.mcp.stdio_client[0m:[36m_stderr_loop[0m | [1m[moveit stderr] [DIAG] MCP call_tool: name=move, args={'direction': 'down', 'distance': 0.1, 'angle': 15.0}[0m
[move_group-9] [INFO] [1765399769.337615567] [moveit_move_group_default_capabilities.plan_service_capability]: Received new planning service request...
[move_group-9] [INFO] [1765399769.338339786] [moveit.ompl_planning.model_based_planning_context]: Planner configuration 'arm' will use planner 'geometric::RRTConnect'. Additional configuration parameters will be set when the planner is constructed.
[move_group-9] [INFO] [1765399769.376344637] [moveit_move_group_default_capabilities.execute_trajectory_action_capability]: Received goal request
[move_group-9] [INFO] [1765399769.376400504] [moveit_move_group_default_capabilities.execute_trajectory_action_capability]: Execution request received
[move_group-9] [INFO] [1765399769.376415857] [moveit.plugins.moveit_simple_controller_manager]: Returned 2 controllers in list
[move_group-9] [INFO] [1765399769.376424559] [moveit.plugins.moveit_simple_controller_manager]: Returned 2 controllers in list
[move_group-9] [INFO] [1765399769.376452441] [moveit_ros.trajectory_execution_manager]: Validating trajectory with allowed_start_tolerance 0.01
[move_group-9] [INFO] [1765399769.377581006] [moveit_ros.trajectory_execution_manager]: Starting trajectory execution ...
[move_group-9] [INFO] [1765399769.377621908] [moveit.plugins.moveit_simple_controller_manager]: Returned 2 controllers in list
[move_group-9] [INFO] [1765399769.377644003] [moveit.plugins.moveit_simple_controller_manager]: Returned 2 controllers in list
[move_group-9] [INFO] [1765399769.377742315] [moveit.simple_controller_manager.follow_joint_trajectory_controller_handle]: sending trajectory to joint_trajectory_controller
[ros2_control_node-1] [INFO] [1765399769.377929306] [joint_trajectory_controller]: Received new action goal
[ros2_control_node-1] [INFO] [1765399769.377959251] [joint_trajectory_controller]: Accepted new action goal
[move_group-9] [INFO] [1765399769.378088922] [moveit.simple_controller_manager.follow_joint_trajectory_controller_handle]: joint_trajectory_controller started execution
[move_group-9] [INFO] [1765399769.378097146] [moveit.simple_controller_manager.follow_joint_trajectory_controller_handle]: Goal request accepted!
[ros2_control_node-1] [INFO] [1765399774.539493034] [joint_trajectory_controller]: Goal reached, success!
[move_group-9] [INFO] [1765399774.578188717] [moveit.simple_controller_manager.follow_joint_trajectory_controller_handle]: Controller 'joint_trajectory_controller' successfully finished
[move_group-9] [INFO] [1765399774.580605806] [moveit_ros.trajectory_execution_manager]: Completed trajectory execution with status SUCCEEDED ...
[move_group-9] [INFO] [1765399774.580680919] [moveit_move_group_default_capabilities.execute_trajectory_action_capability]: Execution completed: SUCCEEDED
[32m15:49:34.587[0m | [1mINFO    [0m | [36msrc.config.logging[0m:[36mlog_mcp_event[0m | [1mMCP event: tool_invoked[0m
[32m15:49:34.587[0m | [1mINFO    [0m | [36msrc.conversation.graph.executor[0m:[36mexecute[0m | [1m[DIAG] MCP response: tool=move, result={'content': [{'type': 'text', 'text': '{\n  "success": true,\n  "message": "Moved to pose (-0.042, 0.404, 0.200)",\n  "start_pose": {\n    "x": -0.0422,\n    "y": 0.4038,\n    "z": 0.2998\n  },\n  "end_pose": {\n    "x": -0.0398,\n    "y": 0.4041,\n    "z": 0.1991\n  },\n  "duration_ms": 5252.55,\n [0m
[32m15:49:34.588[0m | [1mINFO    [0m | [36msrc.conversation.graph.runner[0m:[36mrun_turn[0m | [1mVerification required after tool execution[0m
[32m15:49:34.588[0m | [1mINFO    [0m | [36msrc.audio.single_utterance_processor[0m:[36msynthesize[0m | [1mSynthesizing single utterance response[0m
[32m15:49:34.588[0m | [1mINFO    [0m | [36msrc.config.logging[0m:[36mlog_audio_event[0m | [1mAudio event: tts_request[0m
[32m15:49:34.868[0m | [1mINFO    [0m | [36msrc.config.logging[0m:[36mlog_audio_event[0m | [1mAudio event: tts_success[0m
[32m15:49:34.868[0m | [1mINFO    [0m | [36msrc.config.logging[0m:[36mlog_audio_event[0m | [1mAudio event: single_utterance_synthesis[0m
[32m15:49:34.868[0m | [1mINFO    [0m | [36msrc.audio.single_utterance_processor[0m:[36msynthesize[0m | [1mSingle utterance synthesis completed[0m
[32m15:49:34.869[0m | [1mINFO    [0m | [36msrc.conversation.graph.responder[0m:[36mrespond[0m | [1mResponder prepared final output[0m
[32m15:49:34.869[0m | [1mINFO    [0m | [36msrc.conversation.state_machine[0m:[36mtransition_to[0m | [1mState transition completed[0m
[32m15:49:34.881[0m | [1mINFO    [0m | [36msrc.conversation.models[0m:[36mlog_snapshot[0m | [1mTurn metrics updated[0m
[32m15:49:34.881[0m | [1mINFO    [0m | [36msrc.config.logging[0m:[36mlog_conversation_event[0m | [1mConversation event: turn_complete[0m
[32m15:49:34.882[0m | [1mINFO    [0m | [36msrc.conversation.state_machine[0m:[36mtransition_to[0m | [1mState transition completed[0m
[32m15:49:34.885[0m | [1mINFO    [0m | [36msrc.api.websocket[0m:[36m_send_conversation_result[0m | [1mConversation turn completed for session b67a1c02-d403-435c-830a-985553e8ff41[0m
[32m15:49:34.886[0m | [1mINFO    [0m | [36msrc.api.websocket[0m:[36m_process_streaming_turn[0m | [1mStarting streaming turn for session b67a1c02-d403-435c-830a-985553e8ff41[0m
[32m15:49:34.886[0m | [1mINFO    [0m | [36msrc.config.logging[0m:[36mlog_conversation_event[0m | [1mConversation event: turn_start[0m
[32m15:49:34.886[0m | [1mINFO    [0m | [36msrc.conversation.state_machine[0m:[36mtransition_to[0m | [1mState transition completed[0m
[32m15:49:34.886[0m | [1mINFO    [0m | [36msrc.config.logging[0m:[36mlog_audio_event[0m | [1mAudio event: streaming_transcription_start[0m
[32m15:49:34.886[0m | [1mINFO    [0m | [36msrc.audio.single_utterance_processor[0m:[36mtranscribe_stream[0m | [1mStarting real-time stream transcription with V2 Recognizer...[0m
[32m15:49:34.886[0m | [1mINFO    [0m | [36msrc.config.logging[0m:[36mlog_audio_event[0m | [1mAudio event: stt_streaming_start[0m
[32m15:49:44.963[0m | [1mINFO    [0m | [36msrc.config.logging[0m:[36mlog_audio_event[0m | [1mAudio event: stt_streaming_event[0m
[32m15:49:44.998[0m | [1mINFO    [0m | [36msrc.config.logging[0m:[36mlog_audio_event[0m | [1mAudio event: streaming_transcription_success[0m
[32m15:49:44.999[0m | [1mINFO    [0m | [36msrc.conversation.single_utterance_engine[0m:[36mprocess_conversation_turn[0m | [1mTurn ended without transcript (cancelled or no speech)[0m
[32m15:49:44.999[0m | [1mINFO    [0m | [36msrc.conversation.state_machine[0m:[36mtransition_to[0m | [1mState transition completed[0m
[32m15:49:44.999[0m | [1mINFO    [0m | [36msrc.api.websocket[0m:[36m_send_conversation_result[0m | [1mConversation turn completed for session b67a1c02-d403-435c-830a-985553e8ff41[0m
[32m15:49:44.999[0m | [1mINFO    [0m | [36msrc.api.websocket[0m:[36m_process_streaming_turn[0m | [1mStarting streaming turn for session b67a1c02-d403-435c-830a-985553e8ff41[0m
[32m15:49:44.999[0m | [1mINFO    [0m | [36msrc.config.logging[0m:[36mlog_conversation_event[0m | [1mConversation event: turn_start[0m
[32m15:49:44.999[0m | [1mINFO    [0m | [36msrc.conversation.state_machine[0m:[36mtransition_to[0m | [1mState transition completed[0m
[32m15:49:44.999[0m | [1mINFO    [0m | [36msrc.config.logging[0m:[36mlog_audio_event[0m | [1mAudio event: streaming_transcription_start[0m
[32m15:49:44.999[0m | [1mINFO    [0m | [36msrc.audio.single_utterance_processor[0m:[36mtranscribe_stream[0m | [1mStarting real-time stream transcription with V2 Recognizer...[0m
[32m15:49:45.000[0m | [1mINFO    [0m | [36msrc.config.logging[0m:[36mlog_audio_event[0m | [1mAudio event: stt_streaming_start[0m
[32m15:49:47.946[0m | [1mINFO    [0m | [36msrc.config.logging[0m:[36mlog_audio_event[0m | [1mAudio event: stt_streaming_event[0m
[32m15:49:47.995[0m | [1mINFO    [0m | [36msrc.audio.single_utterance_processor[0m:[36mtranscribe_stream[0m | [1mFinal transcript received from stream[0m
[32m15:49:47.995[0m | [1mINFO    [0m | [36msrc.config.logging[0m:[36mlog_audio_event[0m | [1mAudio event: streaming_transcription_success[0m
[32m15:49:47.995[0m | [1mINFO    [0m | [36msrc.api.websocket[0m:[36mon_transcript[0m | [1mSent early transcript: Turn....[0m
[32m15:49:47.995[0m | [1mINFO    [0m | [36msrc.conversation.state_machine[0m:[36mtransition_to[0m | [1mState transition completed[0m
[32m15:49:47.995[0m | [1mINFO    [0m | [36msrc.conversation.single_utterance_engine[0m:[36mprocess_conversation_turn[0m | [1mSpeech transcribed via stream[0m
[32m15:49:47.996[0m | [1mINFO    [0m | [36msrc.conversation.graph.runner[0m:[36mrun_turn[0m | [1mVerification pending - passing to planner for LLM classification[0m
[32m15:49:49.001[0m | [1mINFO    [0m | [36msrc.conversation.graph.runner[0m:[36mrun_turn[0m | [1mPhase 11: Processing verification response via LLM[0m
[32m15:49:49.001[0m | [1mINFO    [0m | [36msrc.conversation.graph.runner[0m:[36mrun_turn[0m | [1mNew instruction during verification, proceeding with tool[0m
[32m15:49:49.001[0m | [1mINFO    [0m | [36msrc.conversation.graph.runner[0m:[36mrun_turn[0m | [1m[DIAG] Planner tool decision: tool_name=rotate_gripper, tool_args={'direction': 'cw'}[0m
[32m15:49:49.001[0m | [1mINFO    [0m | [36msrc.audio.single_utterance_processor[0m:[36msynthesize[0m | [1mSynthesizing single utterance response[0m
[32m15:49:49.002[0m | [1mINFO    [0m | [36msrc.config.logging[0m:[36mlog_audio_event[0m | [1mAudio event: tts_request[0m
[32m15:49:49.207[0m | [1mINFO    [0m | [36msrc.config.logging[0m:[36mlog_audio_event[0m | [1mAudio event: tts_success[0m
[32m15:49:49.208[0m | [1mINFO    [0m | [36msrc.config.logging[0m:[36mlog_audio_event[0m | [1mAudio event: single_utterance_synthesis[0m
[32m15:49:49.208[0m | [1mINFO    [0m | [36msrc.audio.single_utterance_processor[0m:[36msynthesize[0m | [1mSingle utterance synthesis completed[0m
[32m15:49:49.214[0m | [1mINFO    [0m | [36msrc.api.websocket[0m:[36mon_acknowledgment[0m | [1mSent acknowledgment for session b67a1c02-d403-435c-830a-985553e8ff41: Ok, working on that.[0m
[32m15:49:49.214[0m | [1mINFO    [0m | [36msrc.conversation.graph.runner[0m:[36mrun_turn[0m | [1mAcknowledgment sent before tool execution[0m
[32m15:49:49.214[0m | [1mINFO    [0m | [36msrc.conversation.graph.executor[0m:[36mexecute[0m | [1mInvoking MCP tool[0m
[32m15:49:49.215[0m | [1mINFO    [0m | [36msrc.conversation.graph.executor[0m:[36mexecute[0m | [1m[DIAG] Calling MCP tool: tool=rotate_gripper, args={'direction': 'cw', 'angle': 30.0}[0m
[32m15:49:49.218[0m | [1mINFO    [0m | [36msrc.mcp.stdio_client[0m:[36m_stderr_loop[0m | [1m[moveit stderr] [DIAG] MCP call_tool: name=rotate_gripper, args={'direction': 'cw', 'angle': 30.0}[0m
[ros2_control_node-1] [INFO] [1765399789.219608253] [joint_trajectory_controller]: Received new action goal
[ros2_control_node-1] [INFO] [1765399789.219650171] [joint_trajectory_controller]: Accepted new action goal
[ros2_control_node-1] [INFO] [1765399791.221507946] [joint_trajectory_controller]: Goal reached, success!
[32m15:49:57.653[0m | [1mINFO    [0m | [36msrc.api.websocket[0m:[36m_handle_message[0m | [1m🎯 Processing WebSocket message[0m
[32m15:49:57.654[0m | [1mINFO    [0m | [36msrc.api.websocket[0m:[36m_handle_message[0m | [1m🏓 Handling ping for session b67a1c02-d403-435c-830a-985553e8ff41[0m
[32m15:49:57.654[0m | [1mINFO    [0m | [36msrc.api.websocket[0m:[36m_handle_message[0m | [1m✅ ping handled successfully for session b67a1c02-d403-435c-830a-985553e8ff41[0m
[32m15:49:58.185[0m | [33m[1mWARNING [0m | [36msrc.mcp.stdio_client[0m:[36mhealth_check[0m | [33m[1mHealth check timeout for moveit[0m
[ros2_control_node-1] [INFO] [1765399800.237909606] [joint_trajectory_controller]: Received new action goal
[ros2_control_node-1] [INFO] [1765399800.237971807] [joint_trajectory_controller]: Accepted new action goal
[ros2_control_node-1] [INFO] [1765399802.238450668] [joint_trajectory_controller]: Goal reached, success!
[ros2_control_node-1] [INFO] [1765399811.255514114] [joint_trajectory_controller]: Received new action goal
[ros2_control_node-1] [INFO] [1765399811.255556617] [joint_trajectory_controller]: Accepted new action goal
[ros2_control_node-1] [INFO] [1765399813.256489337] [joint_trajectory_controller]: Goal reached, success!
[32m15:50:21.273[0m | [1mINFO    [0m | [36msrc.config.logging[0m:[36mlog_mcp_event[0m | [1mMCP event: tool_invoked[0m
[32m15:50:21.273[0m | [1mINFO    [0m | [36msrc.conversation.graph.executor[0m:[36mexecute[0m | [1m[DIAG] MCP response: tool=rotate_gripper, result={'content': [{'type': 'text', 'text': '{\n  "success": false,\n  "message": "Timeout waiting for goal acceptance",\n  "direction": "cw",\n  "angle_degrees": 30.0,\n  "start_joint_6_rad": -0.6241,\n  "end_joint_6_rad": -1.1477,\n  "actual_rotation_deg": -30.0,\n  "duration_ms": 32052.77\n}'}], 'isErr[0m
[32m15:50:21.273[0m | [33m[1mWARNING [0m | [36msrc.conversation.graph.executor[0m:[36mexecute[0m | [33m[1mTool reported error payload[0m
[32m15:50:21.273[0m | [33m[1mWARNING [0m | [36msrc.conversation.graph.runner[0m:[36mrun_turn[0m | [33m[1mTool execution failed - stopping turn[0m
[32m15:50:21.273[0m | [1mINFO    [0m | [36msrc.audio.single_utterance_processor[0m:[36msynthesize[0m | [1mSynthesizing single utterance response[0m
[32m15:50:21.273[0m | [1mINFO    [0m | [36msrc.config.logging[0m:[36mlog_audio_event[0m | [1mAudio event: tts_request[0m
[32m15:50:21.751[0m | [1mINFO    [0m | [36msrc.config.logging[0m:[36mlog_audio_event[0m | [1mAudio event: tts_success[0m
[32m15:50:21.751[0m | [1mINFO    [0m | [36msrc.config.logging[0m:[36mlog_audio_event[0m | [1mAudio event: single_utterance_synthesis[0m
[32m15:50:21.751[0m | [1mINFO    [0m | [36msrc.audio.single_utterance_processor[0m:[36msynthesize[0m | [1mSingle utterance synthesis completed[0m
[32m15:50:21.751[0m | [1mINFO    [0m | [36msrc.conversation.graph.responder[0m:[36mrespond[0m | [1mResponder prepared final output[0m
[32m15:50:21.752[0m | [1mINFO    [0m | [36msrc.conversation.state_machine[0m:[36mtransition_to[0m | [1mState transition completed[0m
[32m15:50:21.763[0m | [1mINFO    [0m | [36msrc.conversation.models[0m:[36mlog_snapshot[0m | [1mTurn metrics updated[0m
[32m15:50:21.763[0m | [1mINFO    [0m | [36msrc.config.logging[0m:[36mlog_conversation_event[0m | [1mConversation event: turn_complete[0m
[32m15:50:21.763[0m | [1mINFO    [0m | [36msrc.conversation.state_machine[0m:[36mtransition_to[0m | [1mState transition completed[0m
[32m15:50:21.772[0m | [1mINFO    [0m | [36msrc.api.websocket[0m:[36m_send_conversation_result[0m | [1mConversation turn completed for session b67a1c02-d403-435c-830a-985553e8ff41[0m
[32m15:50:21.772[0m | [1mINFO    [0m | [36msrc.api.websocket[0m:[36m_process_streaming_turn[0m | [1mStarting streaming turn for session b67a1c02-d403-435c-830a-985553e8ff41[0m
[32m15:50:21.772[0m | [1mINFO    [0m | [36msrc.config.logging[0m:[36mlog_conversation_event[0m | [1mConversation event: turn_start[0m
[32m15:50:21.772[0m | [1mINFO    [0m | [36msrc.conversation.state_machine[0m:[36mtransition_to[0m | [1mState transition completed[0m
[32m15:50:21.772[0m | [1mINFO    [0m | [36msrc.config.logging[0m:[36mlog_audio_event[0m | [1mAudio event: streaming_transcription_start[0m
[32m15:50:21.772[0m | [1mINFO    [0m | [36msrc.audio.single_utterance_processor[0m:[36mtranscribe_stream[0m | [1mStarting real-time stream transcription with V2 Recognizer...[0m
[32m15:50:21.772[0m | [1mINFO    [0m | [36msrc.config.logging[0m:[36mlog_audio_event[0m | [1mAudio event: stt_streaming_start[0m
[32m15:50:27.654[0m | [1mINFO    [0m | [36msrc.api.websocket[0m:[36m_handle_message[0m | [1m🎯 Processing WebSocket message[0m
[32m15:50:27.654[0m | [1mINFO    [0m | [36msrc.api.websocket[0m:[36m_handle_message[0m | [1m🏓 Handling ping for session b67a1c02-d403-435c-830a-985553e8ff41[0m
[32m15:50:27.654[0m | [1mINFO    [0m | [36msrc.api.websocket[0m:[36m_handle_message[0m | [1m✅ ping handled successfully for session b67a1c02-d403-435c-830a-985553e8ff41[0m
[32m15:50:33.440[0m | [1mINFO    [0m | [36msrc.config.logging[0m:[36mlog_audio_event[0m | [1mAudio event: stt_streaming_event[0m
[32m15:50:33.471[0m | [1mINFO    [0m | [36msrc.audio.single_utterance_processor[0m:[36mtranscribe_stream[0m | [1mFinal transcript received from stream[0m
[32m15:50:33.472[0m | [1mINFO    [0m | [36msrc.config.logging[0m:[36mlog_audio_event[0m | [1mAudio event: streaming_transcription_success[0m
[32m15:50:33.472[0m | [1mINFO    [0m | [36msrc.api.websocket[0m:[36mon_transcript[0m | [1mSent early transcript: Go down. Go down....[0m
[32m15:50:33.472[0m | [1mINFO    [0m | [36msrc.conversation.state_machine[0m:[36mtransition_to[0m | [1mState transition completed[0m
[32m15:50:33.472[0m | [1mINFO    [0m | [36msrc.conversation.single_utterance_engine[0m:[36mprocess_conversation_turn[0m | [1mSpeech transcribed via stream[0m
[32m15:50:34.671[0m | [1mINFO    [0m | [36msrc.conversation.graph.runner[0m:[36mrun_turn[0m | [1m[DIAG] Planner tool decision: tool_name=move, tool_args={'direction': 'down', 'distance': 0.2}[0m
[32m15:50:34.671[0m | [1mINFO    [0m | [36msrc.audio.single_utterance_processor[0m:[36msynthesize[0m | [1mSynthesizing single utterance response[0m
[32m15:50:34.671[0m | [1mINFO    [0m | [36msrc.config.logging[0m:[36mlog_audio_event[0m | [1mAudio event: tts_request[0m
[32m15:50:34.951[0m | [1mINFO    [0m | [36msrc.config.logging[0m:[36mlog_audio_event[0m | [1mAudio event: tts_success[0m
[32m15:50:34.951[0m | [1mINFO    [0m | [36msrc.config.logging[0m:[36mlog_audio_event[0m | [1mAudio event: single_utterance_synthesis[0m
[32m15:50:34.951[0m | [1mINFO    [0m | [36msrc.audio.single_utterance_processor[0m:[36msynthesize[0m | [1mSingle utterance synthesis completed[0m
[32m15:50:34.957[0m | [1mINFO    [0m | [36msrc.api.websocket[0m:[36mon_acknowledgment[0m | [1mSent acknowledgment for session b67a1c02-d403-435c-830a-985553e8ff41: Ok, moving down.[0m
[32m15:50:34.957[0m | [1mINFO    [0m | [36msrc.conversation.graph.runner[0m:[36mrun_turn[0m | [1mAcknowledgment sent before tool execution[0m
[32m15:50:34.958[0m | [1mINFO    [0m | [36msrc.conversation.graph.executor[0m:[36mexecute[0m | [1mInvoking MCP tool[0m
[32m15:50:34.958[0m | [1mINFO    [0m | [36msrc.conversation.graph.executor[0m:[36mexecute[0m | [1m[DIAG] Calling MCP tool: tool=move, args={'direction': 'down', 'distance': 0.2, 'angle': 15.0}[0m
[32m15:50:34.963[0m | [1mINFO    [0m | [36msrc.mcp.stdio_client[0m:[36m_stderr_loop[0m | [1m[moveit stderr] [DIAG] MCP call_tool: name=move, args={'direction': 'down', 'distance': 0.2, 'angle': 15.0}[0m
[move_group-9] [INFO] [1765399834.972665092] [moveit_move_group_default_capabilities.plan_service_capability]: Received new planning service request...
[move_group-9] [INFO] [1765399834.972973443] [moveit.ompl_planning.model_based_planning_context]: Planner configuration 'arm' will use planner 'geometric::RRTConnect'. Additional configuration parameters will be set when the planner is constructed.
[move_group-9] [INFO] [1765399835.003587430] [moveit_move_group_default_capabilities.execute_trajectory_action_capability]: Received goal request
[move_group-9] [INFO] [1765399835.003641766] [moveit_move_group_default_capabilities.execute_trajectory_action_capability]: Execution request received
[move_group-9] [INFO] [1765399835.003653874] [moveit.plugins.moveit_simple_controller_manager]: Returned 2 controllers in list
[move_group-9] [INFO] [1765399835.003662580] [moveit.plugins.moveit_simple_controller_manager]: Returned 2 controllers in list
[move_group-9] [INFO] [1765399835.003687829] [moveit_ros.trajectory_execution_manager]: Validating trajectory with allowed_start_tolerance 0.01
[move_group-9] [INFO] [1765399835.004655917] [moveit_ros.trajectory_execution_manager]: Starting trajectory execution ...
[move_group-9] [INFO] [1765399835.004694458] [moveit.plugins.moveit_simple_controller_manager]: Returned 2 controllers in list
[move_group-9] [INFO] [1765399835.004715582] [moveit.plugins.moveit_simple_controller_manager]: Returned 2 controllers in list
[move_group-9] [INFO] [1765399835.004812586] [moveit.simple_controller_manager.follow_joint_trajectory_controller_handle]: sending trajectory to joint_trajectory_controller
[ros2_control_node-1] [INFO] [1765399835.005012031] [joint_trajectory_controller]: Received new action goal
[ros2_control_node-1] [INFO] [1765399835.005053096] [joint_trajectory_controller]: Accepted new action goal
[move_group-9] [INFO] [1765399835.005199500] [moveit.simple_controller_manager.follow_joint_trajectory_controller_handle]: joint_trajectory_controller started execution
[move_group-9] [INFO] [1765399835.005206623] [moveit.simple_controller_manager.follow_joint_trajectory_controller_handle]: Goal request accepted!
[ros2_control_node-1] [INFO] [1765399838.879483343] [joint_trajectory_controller]: Goal reached, success!
[move_group-9] [INFO] [1765399838.905347954] [moveit.simple_controller_manager.follow_joint_trajectory_controller_handle]: Controller 'joint_trajectory_controller' successfully finished
[move_group-9] [INFO] [1765399838.907602891] [moveit_ros.trajectory_execution_manager]: Completed trajectory execution with status SUCCEEDED ...
[move_group-9] [INFO] [1765399838.907667184] [moveit_move_group_default_capabilities.execute_trajectory_action_capability]: Execution completed: SUCCEEDED
[32m15:50:38.911[0m | [1mINFO    [0m | [36msrc.config.logging[0m:[36mlog_mcp_event[0m | [1mMCP event: tool_invoked[0m
[32m15:50:38.912[0m | [1mINFO    [0m | [36msrc.conversation.graph.executor[0m:[36mexecute[0m | [1m[DIAG] MCP response: tool=move, result={'content': [{'type': 'text', 'text': '{\n  "success": true,\n  "message": "Moved to pose (-0.040, 0.404, 0.020)",\n  "start_pose": {\n    "x": -0.0398,\n    "y": 0.4041,\n    "z": 0.1991\n  },\n  "end_pose": {\n    "x": -0.0395,\n    "y": 0.404,\n    "z": 0.0244\n  },\n  "duration_ms": 3945.63,\n  [0m
[32m15:50:38.912[0m | [1mINFO    [0m | [36msrc.conversation.graph.runner[0m:[36mrun_turn[0m | [1mVerification required after tool execution[0m
[32m15:50:38.912[0m | [1mINFO    [0m | [36msrc.audio.single_utterance_processor[0m:[36msynthesize[0m | [1mSynthesizing single utterance response[0m
[32m15:50:38.912[0m | [1mINFO    [0m | [36msrc.config.logging[0m:[36mlog_audio_event[0m | [1mAudio event: tts_request[0m
[32m15:50:39.174[0m | [1mINFO    [0m | [36msrc.config.logging[0m:[36mlog_audio_event[0m | [1mAudio event: tts_success[0m
[32m15:50:39.175[0m | [1mINFO    [0m | [36msrc.config.logging[0m:[36mlog_audio_event[0m | [1mAudio event: single_utterance_synthesis[0m
[32m15:50:39.175[0m | [1mINFO    [0m | [36msrc.audio.single_utterance_processor[0m:[36msynthesize[0m | [1mSingle utterance synthesis completed[0m
[32m15:50:39.175[0m | [1mINFO    [0m | [36msrc.conversation.graph.responder[0m:[36mrespond[0m | [1mResponder prepared final output[0m
[32m15:50:39.175[0m | [1mINFO    [0m | [36msrc.conversation.state_machine[0m:[36mtransition_to[0m | [1mState transition completed[0m
[32m15:50:39.188[0m | [1mINFO    [0m | [36msrc.conversation.models[0m:[36mlog_snapshot[0m | [1mTurn metrics updated[0m
[32m15:50:39.188[0m | [1mINFO    [0m | [36msrc.config.logging[0m:[36mlog_conversation_event[0m | [1mConversation event: turn_complete[0m
[32m15:50:39.188[0m | [1mINFO    [0m | [36msrc.conversation.state_machine[0m:[36mtransition_to[0m | [1mState transition completed[0m
[32m15:50:39.192[0m | [1mINFO    [0m | [36msrc.api.websocket[0m:[36m_send_conversation_result[0m | [1mConversation turn completed for session b67a1c02-d403-435c-830a-985553e8ff41[0m
[32m15:50:39.192[0m | [1mINFO    [0m | [36msrc.api.websocket[0m:[36m_process_streaming_turn[0m | [1mStarting streaming turn for session b67a1c02-d403-435c-830a-985553e8ff41[0m
[32m15:50:39.192[0m | [1mINFO    [0m | [36msrc.config.logging[0m:[36mlog_conversation_event[0m | [1mConversation event: turn_start[0m
[32m15:50:39.193[0m | [1mINFO    [0m | [36msrc.conversation.state_machine[0m:[36mtransition_to[0m | [1mState transition completed[0m
[32m15:50:39.193[0m | [1mINFO    [0m | [36msrc.config.logging[0m:[36mlog_audio_event[0m | [1mAudio event: streaming_transcription_start[0m
[32m15:50:39.193[0m | [1mINFO    [0m | [36msrc.audio.single_utterance_processor[0m:[36mtranscribe_stream[0m | [1mStarting real-time stream transcription with V2 Recognizer...[0m
[32m15:50:39.193[0m | [1mINFO    [0m | [36msrc.config.logging[0m:[36mlog_audio_event[0m | [1mAudio event: stt_streaming_start[0m
[32m15:50:48.110[0m | [1mINFO    [0m | [36msrc.config.logging[0m:[36mlog_audio_event[0m | [1mAudio event: stt_streaming_event[0m
[32m15:50:48.129[0m | [1mINFO    [0m | [36msrc.audio.single_utterance_processor[0m:[36mtranscribe_stream[0m | [1mFinal transcript received from stream[0m
[32m15:50:48.129[0m | [1mINFO    [0m | [36msrc.config.logging[0m:[36mlog_audio_event[0m | [1mAudio event: streaming_transcription_success[0m
[32m15:50:48.130[0m | [1mINFO    [0m | [36msrc.api.websocket[0m:[36mon_transcript[0m | [1mSent early transcript: I think that's good move forward....[0m
[32m15:50:48.130[0m | [1mINFO    [0m | [36msrc.conversation.state_machine[0m:[36mtransition_to[0m | [1mState transition completed[0m
[32m15:50:48.130[0m | [1mINFO    [0m | [36msrc.conversation.single_utterance_engine[0m:[36mprocess_conversation_turn[0m | [1mSpeech transcribed via stream[0m
[32m15:50:48.130[0m | [1mINFO    [0m | [36msrc.conversation.graph.runner[0m:[36mrun_turn[0m | [1mVerification pending - passing to planner for LLM classification[0m
[32m15:50:49.292[0m | [1mINFO    [0m | [36msrc.conversation.graph.runner[0m:[36mrun_turn[0m | [1mPhase 11: Processing verification response via LLM[0m
[32m15:50:49.292[0m | [1mINFO    [0m | [36msrc.conversation.graph.runner[0m:[36mrun_turn[0m | [1mNew instruction during verification, proceeding with tool[0m
[32m15:50:49.293[0m | [1mINFO    [0m | [36msrc.conversation.graph.runner[0m:[36mrun_turn[0m | [1m[DIAG] Planner tool decision: tool_name=move, tool_args={'direction': 'forward', 'distance': 0.2}[0m
[32m15:50:49.293[0m | [1mINFO    [0m | [36msrc.audio.single_utterance_processor[0m:[36msynthesize[0m | [1mSynthesizing single utterance response[0m
[32m15:50:49.293[0m | [1mINFO    [0m | [36msrc.config.logging[0m:[36mlog_audio_event[0m | [1mAudio event: tts_request[0m
[32m15:50:49.723[0m | [1mINFO    [0m | [36msrc.config.logging[0m:[36mlog_audio_event[0m | [1mAudio event: tts_success[0m
[32m15:50:49.723[0m | [1mINFO    [0m | [36msrc.config.logging[0m:[36mlog_audio_event[0m | [1mAudio event: single_utterance_synthesis[0m
[32m15:50:49.723[0m | [1mINFO    [0m | [36msrc.audio.single_utterance_processor[0m:[36msynthesize[0m | [1mSingle utterance synthesis completed[0m
[32m15:50:49.727[0m | [1mINFO    [0m | [36msrc.api.websocket[0m:[36mon_acknowledgment[0m | [1mSent acknowledgment for session b67a1c02-d403-435c-830a-985553e8ff41: Ok, moving forward.[0m
[32m15:50:49.727[0m | [1mINFO    [0m | [36msrc.conversation.graph.runner[0m:[36mrun_turn[0m | [1mAcknowledgment sent before tool execution[0m
[32m15:50:49.727[0m | [1mINFO    [0m | [36msrc.conversation.graph.executor[0m:[36mexecute[0m | [1mInvoking MCP tool[0m
[32m15:50:49.727[0m | [1mINFO    [0m | [36msrc.conversation.graph.executor[0m:[36mexecute[0m | [1m[DIAG] Calling MCP tool: tool=move, args={'direction': 'forward', 'distance': 0.2, 'angle': 15.0}[0m
[32m15:50:49.730[0m | [1mINFO    [0m | [36msrc.mcp.stdio_client[0m:[36m_stderr_loop[0m | [1m[moveit stderr] [DIAG] MCP call_tool: name=move, args={'direction': 'forward', 'distance': 0.2, 'angle': 15.0}[0m
[move_group-9] [INFO] [1765399849.736298761] [moveit_move_group_default_capabilities.plan_service_capability]: Received new planning service request...
[move_group-9] [INFO] [1765399849.737178189] [moveit.ompl_planning.model_based_planning_context]: Planner configuration 'arm' will use planner 'geometric::RRTConnect'. Additional configuration parameters will be set when the planner is constructed.
[move_group-9] [INFO] [1765399849.760077149] [moveit_move_group_default_capabilities.execute_trajectory_action_capability]: Received goal request
[move_group-9] [INFO] [1765399849.760135707] [moveit_move_group_default_capabilities.execute_trajectory_action_capability]: Execution request received
[move_group-9] [INFO] [1765399849.760152977] [moveit.plugins.moveit_simple_controller_manager]: Returned 2 controllers in list
[move_group-9] [INFO] [1765399849.760164915] [moveit.plugins.moveit_simple_controller_manager]: Returned 2 controllers in list
[move_group-9] [INFO] [1765399849.760205070] [moveit_ros.trajectory_execution_manager]: Validating trajectory with allowed_start_tolerance 0.01
[move_group-9] [INFO] [1765399849.760591610] [moveit_ros.trajectory_execution_manager]: Starting trajectory execution ...
[move_group-9] [INFO] [1765399849.760631978] [moveit.plugins.moveit_simple_controller_manager]: Returned 2 controllers in list
[move_group-9] [INFO] [1765399849.760653052] [moveit.plugins.moveit_simple_controller_manager]: Returned 2 controllers in list
[move_group-9] [INFO] [1765399849.760750309] [moveit.simple_controller_manager.follow_joint_trajectory_controller_handle]: sending trajectory to joint_trajectory_controller
[ros2_control_node-1] [INFO] [1765399849.760930577] [joint_trajectory_controller]: Received new action goal
[ros2_control_node-1] [INFO] [1765399849.760966719] [joint_trajectory_controller]: Accepted new action goal
[move_group-9] [INFO] [1765399849.761049850] [moveit.simple_controller_manager.follow_joint_trajectory_controller_handle]: joint_trajectory_controller started execution
[move_group-9] [INFO] [1765399849.761063738] [moveit.simple_controller_manager.follow_joint_trajectory_controller_handle]: Goal request accepted!
[ros2_control_node-1] [INFO] [1765399854.727486588] [joint_trajectory_controller]: Goal reached, success!
[move_group-9] [INFO] [1765399854.761219648] [moveit.simple_controller_manager.follow_joint_trajectory_controller_handle]: Controller 'joint_trajectory_controller' successfully finished
[move_group-9] [INFO] [1765399854.763591633] [moveit_ros.trajectory_execution_manager]: Completed trajectory execution with status SUCCEEDED ...
[move_group-9] [INFO] [1765399854.763638559] [moveit_move_group_default_capabilities.execute_trajectory_action_capability]: Execution completed: SUCCEEDED
[32m15:50:54.766[0m | [1mINFO    [0m | [36msrc.config.logging[0m:[36mlog_mcp_event[0m | [1mMCP event: tool_invoked[0m
[32m15:50:54.767[0m | [1mINFO    [0m | [36msrc.conversation.graph.executor[0m:[36mexecute[0m | [1m[DIAG] MCP response: tool=move, result={'content': [{'type': 'text', 'text': '{\n  "success": true,\n  "message": "Moved to pose (0.161, 0.404, 0.024)",\n  "start_pose": {\n    "x": -0.0395,\n    "y": 0.404,\n    "z": 0.0244\n  },\n  "end_pose": {\n    "x": 0.0779,\n    "y": 0.4727,\n    "z": 0.0354\n  },\n  "duration_ms": 5033.8,\n  "di[0m
[32m15:50:54.767[0m | [1mINFO    [0m | [36msrc.conversation.graph.runner[0m:[36mrun_turn[0m | [1mVerification required after tool execution[0m
[32m15:50:54.767[0m | [1mINFO    [0m | [36msrc.audio.single_utterance_processor[0m:[36msynthesize[0m | [1mSynthesizing single utterance response[0m
[32m15:50:54.767[0m | [1mINFO    [0m | [36msrc.config.logging[0m:[36mlog_audio_event[0m | [1mAudio event: tts_request[0m
[32m15:50:54.935[0m | [1mINFO    [0m | [36msrc.config.logging[0m:[36mlog_audio_event[0m | [1mAudio event: tts_success[0m
[32m15:50:54.936[0m | [1mINFO    [0m | [36msrc.config.logging[0m:[36mlog_audio_event[0m | [1mAudio event: single_utterance_synthesis[0m
[32m15:50:54.936[0m | [1mINFO    [0m | [36msrc.audio.single_utterance_processor[0m:[36msynthesize[0m | [1mSingle utterance synthesis completed[0m
[32m15:50:54.936[0m | [1mINFO    [0m | [36msrc.conversation.graph.responder[0m:[36mrespond[0m | [1mResponder prepared final output[0m
[32m15:50:54.936[0m | [1mINFO    [0m | [36msrc.conversation.state_machine[0m:[36mtransition_to[0m | [1mState transition completed[0m
[32m15:50:54.951[0m | [1mINFO    [0m | [36msrc.conversation.models[0m:[36mlog_snapshot[0m | [1mTurn metrics updated[0m
[32m15:50:54.951[0m | [1mINFO    [0m | [36msrc.config.logging[0m:[36mlog_conversation_event[0m | [1mConversation event: turn_complete[0m
[32m15:50:54.951[0m | [1mINFO    [0m | [36msrc.conversation.state_machine[0m:[36mtransition_to[0m | [1mState transition completed[0m
[32m15:50:54.960[0m | [1mINFO    [0m | [36msrc.api.websocket[0m:[36m_send_conversation_result[0m | [1mConversation turn completed for session b67a1c02-d403-435c-830a-985553e8ff41[0m
[32m15:50:54.960[0m | [1mINFO    [0m | [36msrc.api.websocket[0m:[36m_process_streaming_turn[0m | [1mStarting streaming turn for session b67a1c02-d403-435c-830a-985553e8ff41[0m
[32m15:50:54.960[0m | [1mINFO    [0m | [36msrc.config.logging[0m:[36mlog_conversation_event[0m | [1mConversation event: turn_start[0m
[32m15:50:54.961[0m | [1mINFO    [0m | [36msrc.conversation.state_machine[0m:[36mtransition_to[0m | [1mState transition completed[0m
[32m15:50:54.961[0m | [1mINFO    [0m | [36msrc.config.logging[0m:[36mlog_audio_event[0m | [1mAudio event: streaming_transcription_start[0m
[32m15:50:54.961[0m | [1mINFO    [0m | [36msrc.audio.single_utterance_processor[0m:[36mtranscribe_stream[0m | [1mStarting real-time stream transcription with V2 Recognizer...[0m
[32m15:50:54.961[0m | [1mINFO    [0m | [36msrc.config.logging[0m:[36mlog_audio_event[0m | [1mAudio event: stt_streaming_start[0m
[32m15:50:57.654[0m | [1mINFO    [0m | [36msrc.api.websocket[0m:[36m_handle_message[0m | [1m🎯 Processing WebSocket message[0m
[32m15:50:57.654[0m | [1mINFO    [0m | [36msrc.api.websocket[0m:[36m_handle_message[0m | [1m🏓 Handling ping for session b67a1c02-d403-435c-830a-985553e8ff41[0m
[32m15:50:57.655[0m | [1mINFO    [0m | [36msrc.api.websocket[0m:[36m_handle_message[0m | [1m✅ ping handled successfully for session b67a1c02-d403-435c-830a-985553e8ff41[0m
[32m15:50:58.192[0m | [1mINFO    [0m | [36msrc.config.logging[0m:[36mlog_mcp_event[0m | [1mMCP event: health_check[0m
[32m15:51:01.478[0m | [1mINFO    [0m | [36msrc.config.logging[0m:[36mlog_audio_event[0m | [1mAudio event: stt_streaming_event[0m
[32m15:51:01.500[0m | [1mINFO    [0m | [36msrc.audio.single_utterance_processor[0m:[36mtranscribe_stream[0m | [1mFinal transcript received from stream[0m
[32m15:51:01.501[0m | [1mINFO    [0m | [36msrc.config.logging[0m:[36mlog_audio_event[0m | [1mAudio event: streaming_transcription_success[0m
[32m15:51:01.501[0m | [1mINFO    [0m | [36msrc.api.websocket[0m:[36mon_transcript[0m | [1mSent early transcript: Go up. Go up....[0m
[32m15:51:01.501[0m | [1mINFO    [0m | [36msrc.conversation.state_machine[0m:[36mtransition_to[0m | [1mState transition completed[0m
[32m15:51:01.501[0m | [1mINFO    [0m | [36msrc.conversation.single_utterance_engine[0m:[36mprocess_conversation_turn[0m | [1mSpeech transcribed via stream[0m
[32m15:51:01.502[0m | [1mINFO    [0m | [36msrc.conversation.graph.runner[0m:[36mrun_turn[0m | [1mVerification pending - passing to planner for LLM classification[0m
[32m15:51:02.436[0m | [1mINFO    [0m | [36msrc.conversation.graph.runner[0m:[36mrun_turn[0m | [1mPhase 11: Processing verification response via LLM[0m
[32m15:51:02.436[0m | [1mINFO    [0m | [36msrc.conversation.graph.runner[0m:[36mrun_turn[0m | [1mNew instruction during verification, proceeding with tool[0m
[32m15:51:02.436[0m | [1mINFO    [0m | [36msrc.conversation.graph.runner[0m:[36mrun_turn[0m | [1m[DIAG] Planner tool decision: tool_name=move, tool_args={'direction': 'up', 'distance': 0.2}[0m
[32m15:51:02.436[0m | [1mINFO    [0m | [36msrc.audio.single_utterance_processor[0m:[36msynthesize[0m | [1mSynthesizing single utterance response[0m
[32m15:51:02.437[0m | [1mINFO    [0m | [36msrc.config.logging[0m:[36mlog_audio_event[0m | [1mAudio event: tts_request[0m
[32m15:51:02.657[0m | [1mINFO    [0m | [36msrc.config.logging[0m:[36mlog_audio_event[0m | [1mAudio event: tts_success[0m
[32m15:51:02.657[0m | [1mINFO    [0m | [36msrc.config.logging[0m:[36mlog_audio_event[0m | [1mAudio event: single_utterance_synthesis[0m
[32m15:51:02.657[0m | [1mINFO    [0m | [36msrc.audio.single_utterance_processor[0m:[36msynthesize[0m | [1mSingle utterance synthesis completed[0m
[32m15:51:02.660[0m | [1mINFO    [0m | [36msrc.api.websocket[0m:[36mon_acknowledgment[0m | [1mSent acknowledgment for session b67a1c02-d403-435c-830a-985553e8ff41: Ok, moving up.[0m
[32m15:51:02.660[0m | [1mINFO    [0m | [36msrc.conversation.graph.runner[0m:[36mrun_turn[0m | [1mAcknowledgment sent before tool execution[0m
[32m15:51:02.660[0m | [1mINFO    [0m | [36msrc.conversation.graph.executor[0m:[36mexecute[0m | [1mInvoking MCP tool[0m
[32m15:51:02.660[0m | [1mINFO    [0m | [36msrc.conversation.graph.executor[0m:[36mexecute[0m | [1m[DIAG] Calling MCP tool: tool=move, args={'direction': 'up', 'distance': 0.2, 'angle': 15.0}[0m
[32m15:51:02.664[0m | [1mINFO    [0m | [36msrc.mcp.stdio_client[0m:[36m_stderr_loop[0m | [1m[moveit stderr] [DIAG] MCP call_tool: name=move, args={'direction': 'up', 'distance': 0.2, 'angle': 15.0}[0m
[move_group-9] [INFO] [1765399862.668203161] [moveit_move_group_default_capabilities.plan_service_capability]: Received new planning service request...
[move_group-9] [INFO] [1765399862.668990717] [moveit.ompl_planning.model_based_planning_context]: Planner configuration 'arm' will use planner 'geometric::RRTConnect'. Additional configuration parameters will be set when the planner is constructed.
[move_group-9] [INFO] [1765399862.701200644] [moveit_move_group_default_capabilities.execute_trajectory_action_capability]: Received goal request
[move_group-9] [INFO] [1765399862.701251211] [moveit_move_group_default_capabilities.execute_trajectory_action_capability]: Execution request received
[move_group-9] [INFO] [1765399862.701264065] [moveit.plugins.moveit_simple_controller_manager]: Returned 2 controllers in list
[move_group-9] [INFO] [1765399862.701272648] [moveit.plugins.moveit_simple_controller_manager]: Returned 2 controllers in list
[move_group-9] [INFO] [1765399862.701298444] [moveit_ros.trajectory_execution_manager]: Validating trajectory with allowed_start_tolerance 0.01
[move_group-9] [INFO] [1765399862.701557776] [moveit_ros.trajectory_execution_manager]: Starting trajectory execution ...
[move_group-9] [INFO] [1765399862.701579099] [moveit.plugins.moveit_simple_controller_manager]: Returned 2 controllers in list
[move_group-9] [INFO] [1765399862.701588297] [moveit.plugins.moveit_simple_controller_manager]: Returned 2 controllers in list
[move_group-9] [INFO] [1765399862.701655628] [moveit.simple_controller_manager.follow_joint_trajectory_controller_handle]: sending trajectory to joint_trajectory_controller
[ros2_control_node-1] [INFO] [1765399862.701794038] [joint_trajectory_controller]: Received new action goal
[ros2_control_node-1] [INFO] [1765399862.701823919] [joint_trajectory_controller]: Accepted new action goal
[move_group-9] [INFO] [1765399862.701975485] [moveit.simple_controller_manager.follow_joint_trajectory_controller_handle]: joint_trajectory_controller started execution
[move_group-9] [INFO] [1765399862.702013136] [moveit.simple_controller_manager.follow_joint_trajectory_controller_handle]: Goal request accepted!
[ros2_control_node-1] [INFO] [1765399867.666485607] [joint_trajectory_controller]: Goal reached, success!
[move_group-9] [INFO] [1765399867.702238942] [moveit.simple_controller_manager.follow_joint_trajectory_controller_handle]: Controller 'joint_trajectory_controller' successfully finished
[move_group-9] [INFO] [1765399867.704562729] [moveit_ros.trajectory_execution_manager]: Completed trajectory execution with status SUCCEEDED ...
[move_group-9] [INFO] [1765399867.704630456] [moveit_move_group_default_capabilities.execute_trajectory_action_capability]: Execution completed: SUCCEEDED
[32m15:51:07.708[0m | [1mINFO    [0m | [36msrc.config.logging[0m:[36mlog_mcp_event[0m | [1mMCP event: tool_invoked[0m
[32m15:51:07.708[0m | [1mINFO    [0m | [36msrc.conversation.graph.executor[0m:[36mexecute[0m | [1m[DIAG] MCP response: tool=move, result={'content': [{'type': 'text', 'text': '{\n  "success": true,\n  "message": "Moved to pose (0.078, 0.473, 0.235)",\n  "start_pose": {\n    "x": 0.078,\n    "y": 0.4727,\n    "z": 0.0354\n  },\n  "end_pose": {\n    "x": 0.0729,\n    "y": 0.4737,\n    "z": 0.0362\n  },\n  "duration_ms": 5041.84,\n  "di[0m
[32m15:51:07.708[0m | [1mINFO    [0m | [36msrc.conversation.graph.runner[0m:[36mrun_turn[0m | [1mVerification required after tool execution[0m
[32m15:51:07.709[0m | [1mINFO    [0m | [36msrc.audio.single_utterance_processor[0m:[36msynthesize[0m | [1mSynthesizing single utterance response[0m
[32m15:51:07.709[0m | [1mINFO    [0m | [36msrc.config.logging[0m:[36mlog_audio_event[0m | [1mAudio event: tts_request[0m
[32m15:51:07.950[0m | [1mINFO    [0m | [36msrc.config.logging[0m:[36mlog_audio_event[0m | [1mAudio event: tts_success[0m
[32m15:51:07.950[0m | [1mINFO    [0m | [36msrc.config.logging[0m:[36mlog_audio_event[0m | [1mAudio event: single_utterance_synthesis[0m
[32m15:51:07.950[0m | [1mINFO    [0m | [36msrc.audio.single_utterance_processor[0m:[36msynthesize[0m | [1mSingle utterance synthesis completed[0m
[32m15:51:07.950[0m | [1mINFO    [0m | [36msrc.conversation.graph.responder[0m:[36mrespond[0m | [1mResponder prepared final output[0m
[32m15:51:07.951[0m | [1mINFO    [0m | [36msrc.conversation.state_machine[0m:[36mtransition_to[0m | [1mState transition completed[0m
[32m15:51:07.963[0m | [1mINFO    [0m | [36msrc.conversation.models[0m:[36mlog_snapshot[0m | [1mTurn metrics updated[0m
[32m15:51:07.963[0m | [1mINFO    [0m | [36msrc.config.logging[0m:[36mlog_conversation_event[0m | [1mConversation event: turn_complete[0m
[32m15:51:07.963[0m | [1mINFO    [0m | [36msrc.conversation.state_machine[0m:[36mtransition_to[0m | [1mState transition completed[0m
[32m15:51:07.968[0m | [1mINFO    [0m | [36msrc.api.websocket[0m:[36m_send_conversation_result[0m | [1mConversation turn completed for session b67a1c02-d403-435c-830a-985553e8ff41[0m
[32m15:51:07.968[0m | [1mINFO    [0m | [36msrc.api.websocket[0m:[36m_process_streaming_turn[0m | [1mStarting streaming turn for session b67a1c02-d403-435c-830a-985553e8ff41[0m
[32m15:51:07.968[0m | [1mINFO    [0m | [36msrc.config.logging[0m:[36mlog_conversation_event[0m | [1mConversation event: turn_start[0m
[32m15:51:07.968[0m | [1mINFO    [0m | [36msrc.conversation.state_machine[0m:[36mtransition_to[0m | [1mState transition completed[0m
[32m15:51:07.968[0m | [1mINFO    [0m | [36msrc.config.logging[0m:[36mlog_audio_event[0m | [1mAudio event: streaming_transcription_start[0m
[32m15:51:07.969[0m | [1mINFO    [0m | [36msrc.audio.single_utterance_processor[0m:[36mtranscribe_stream[0m | [1mStarting real-time stream transcription with V2 Recognizer...[0m
[32m15:51:07.969[0m | [1mINFO    [0m | [36msrc.config.logging[0m:[36mlog_audio_event[0m | [1mAudio event: stt_streaming_start[0m
[32m15:51:18.762[0m | [1mINFO    [0m | [36msrc.config.logging[0m:[36mlog_audio_event[0m | [1mAudio event: stt_streaming_event[0m
[32m15:51:18.795[0m | [1mINFO    [0m | [36msrc.config.logging[0m:[36mlog_audio_event[0m | [1mAudio event: streaming_transcription_success[0m
[32m15:51:18.795[0m | [1mINFO    [0m | [36msrc.conversation.single_utterance_engine[0m:[36mprocess_conversation_turn[0m | [1mTurn ended without transcript (cancelled or no speech)[0m
[32m15:51:18.795[0m | [1mINFO    [0m | [36msrc.conversation.state_machine[0m:[36mtransition_to[0m | [1mState transition completed[0m
[32m15:51:18.795[0m | [1mINFO    [0m | [36msrc.api.websocket[0m:[36m_send_conversation_result[0m | [1mConversation turn completed for session b67a1c02-d403-435c-830a-985553e8ff41[0m
[32m15:51:18.795[0m | [1mINFO    [0m | [36msrc.api.websocket[0m:[36m_process_streaming_turn[0m | [1mStarting streaming turn for session b67a1c02-d403-435c-830a-985553e8ff41[0m
[32m15:51:18.796[0m | [1mINFO    [0m | [36msrc.config.logging[0m:[36mlog_conversation_event[0m | [1mConversation event: turn_start[0m
[32m15:51:18.796[0m | [1mINFO    [0m | [36msrc.conversation.state_machine[0m:[36mtransition_to[0m | [1mState transition completed[0m
[32m15:51:18.796[0m | [1mINFO    [0m | [36msrc.config.logging[0m:[36mlog_audio_event[0m | [1mAudio event: streaming_transcription_start[0m
[32m15:51:18.796[0m | [1mINFO    [0m | [36msrc.audio.single_utterance_processor[0m:[36mtranscribe_stream[0m | [1mStarting real-time stream transcription with V2 Recognizer...[0m
[32m15:51:18.796[0m | [1mINFO    [0m | [36msrc.config.logging[0m:[36mlog_audio_event[0m | [1mAudio event: stt_streaming_start[0m
[32m15:51:27.125[0m | [1mINFO    [0m | [36msrc.config.logging[0m:[36mlog_audio_event[0m | [1mAudio event: stt_streaming_event[0m
[32m15:51:27.157[0m | [1mINFO    [0m | [36msrc.config.logging[0m:[36mlog_audio_event[0m | [1mAudio event: streaming_transcription_success[0m
[32m15:51:27.157[0m | [1mINFO    [0m | [36msrc.conversation.single_utterance_engine[0m:[36mprocess_conversation_turn[0m | [1mTurn ended without transcript (cancelled or no speech)[0m
[32m15:51:27.157[0m | [1mINFO    [0m | [36msrc.conversation.state_machine[0m:[36mtransition_to[0m | [1mState transition completed[0m
[32m15:51:27.158[0m | [1mINFO    [0m | [36msrc.api.websocket[0m:[36m_send_conversation_result[0m | [1mConversation turn completed for session b67a1c02-d403-435c-830a-985553e8ff41[0m
[32m15:51:27.158[0m | [1mINFO    [0m | [36msrc.api.websocket[0m:[36m_process_streaming_turn[0m | [1mStarting streaming turn for session b67a1c02-d403-435c-830a-985553e8ff41[0m
[32m15:51:27.158[0m | [1mINFO    [0m | [36msrc.config.logging[0m:[36mlog_conversation_event[0m | [1mConversation event: turn_start[0m
[32m15:51:27.158[0m | [1mINFO    [0m | [36msrc.conversation.state_machine[0m:[36mtransition_to[0m | [1mState transition completed[0m
[32m15:51:27.158[0m | [1mINFO    [0m | [36msrc.config.logging[0m:[36mlog_audio_event[0m | [1mAudio event: streaming_transcription_start[0m
[32m15:51:27.158[0m | [1mINFO    [0m | [36msrc.audio.single_utterance_processor[0m:[36mtranscribe_stream[0m | [1mStarting real-time stream transcription with V2 Recognizer...[0m
[32m15:51:27.158[0m | [1mINFO    [0m | [36msrc.config.logging[0m:[36mlog_audio_event[0m | [1mAudio event: stt_streaming_start[0m
[32m15:51:27.653[0m | [1mINFO    [0m | [36msrc.api.websocket[0m:[36m_handle_message[0m | [1m🎯 Processing WebSocket message[0m
[32m15:51:27.653[0m | [1mINFO    [0m | [36msrc.api.websocket[0m:[36m_handle_message[0m | [1m🏓 Handling ping for session b67a1c02-d403-435c-830a-985553e8ff41[0m
[32m15:51:27.654[0m | [1mINFO    [0m | [36msrc.api.websocket[0m:[36m_handle_message[0m | [1m✅ ping handled successfully for session b67a1c02-d403-435c-830a-985553e8ff41[0m
[32m15:51:29.806[0m | [1mINFO    [0m | [36msrc.config.logging[0m:[36mlog_audio_event[0m | [1mAudio event: stt_streaming_event[0m
[32m15:51:29.826[0m | [1mINFO    [0m | [36msrc.audio.single_utterance_processor[0m:[36mtranscribe_stream[0m | [1mFinal transcript received from stream[0m
[32m15:51:29.826[0m | [1mINFO    [0m | [36msrc.config.logging[0m:[36mlog_audio_event[0m | [1mAudio event: streaming_transcription_success[0m
[32m15:51:29.827[0m | [1mINFO    [0m | [36msrc.api.websocket[0m:[36mon_transcript[0m | [1mSent early transcript: Erase again....[0m
[32m15:51:29.827[0m | [1mINFO    [0m | [36msrc.conversation.state_machine[0m:[36mtransition_to[0m | [1mState transition completed[0m
[32m15:51:29.827[0m | [1mINFO    [0m | [36msrc.conversation.single_utterance_engine[0m:[36mprocess_conversation_turn[0m | [1mSpeech transcribed via stream[0m
[32m15:51:29.828[0m | [1mINFO    [0m | [36msrc.conversation.graph.runner[0m:[36mrun_turn[0m | [1mVerification pending - passing to planner for LLM classification[0m
[32m15:51:30.752[0m | [1mINFO    [0m | [36msrc.conversation.graph.runner[0m:[36mrun_turn[0m | [1mPhase 11: Processing verification response via LLM[0m
[32m15:51:30.752[0m | [1mINFO    [0m | [36msrc.conversation.graph.runner[0m:[36mrun_turn[0m | [1mUnknown/other instruction type, clearing verification[0m
[32m15:51:30.752[0m | [1mINFO    [0m | [36msrc.audio.single_utterance_processor[0m:[36msynthesize[0m | [1mSynthesizing single utterance response[0m
[32m15:51:30.752[0m | [1mINFO    [0m | [36msrc.config.logging[0m:[36mlog_audio_event[0m | [1mAudio event: tts_request[0m
[32m15:51:31.111[0m | [1mINFO    [0m | [36msrc.config.logging[0m:[36mlog_audio_event[0m | [1mAudio event: tts_success[0m
[32m15:51:31.111[0m | [1mINFO    [0m | [36msrc.config.logging[0m:[36mlog_audio_event[0m | [1mAudio event: single_utterance_synthesis[0m
[32m15:51:31.111[0m | [1mINFO    [0m | [36msrc.audio.single_utterance_processor[0m:[36msynthesize[0m | [1mSingle utterance synthesis completed[0m
[32m15:51:31.112[0m | [1mINFO    [0m | [36msrc.conversation.graph.responder[0m:[36mrespond[0m | [1mResponder prepared final output[0m
[32m15:51:31.112[0m | [1mINFO    [0m | [36msrc.conversation.state_machine[0m:[36mtransition_to[0m | [1mState transition completed[0m
[32m15:51:31.125[0m | [1mINFO    [0m | [36msrc.conversation.models[0m:[36mlog_snapshot[0m | [1mTurn metrics updated[0m
[32m15:51:31.125[0m | [1mINFO    [0m | [36msrc.config.logging[0m:[36mlog_conversation_event[0m | [1mConversation event: turn_complete[0m
[32m15:51:31.125[0m | [1mINFO    [0m | [36msrc.conversation.state_machine[0m:[36mtransition_to[0m | [1mState transition completed[0m
[32m15:51:31.134[0m | [1mINFO    [0m | [36msrc.api.websocket[0m:[36m_send_conversation_result[0m | [1mConversation turn completed for session b67a1c02-d403-435c-830a-985553e8ff41[0m
[32m15:51:31.134[0m | [1mINFO    [0m | [36msrc.api.websocket[0m:[36m_process_streaming_turn[0m | [1mStarting streaming turn for session b67a1c02-d403-435c-830a-985553e8ff41[0m
[32m15:51:31.135[0m | [1mINFO    [0m | [36msrc.config.logging[0m:[36mlog_conversation_event[0m | [1mConversation event: turn_start[0m
[32m15:51:31.135[0m | [1mINFO    [0m | [36msrc.conversation.state_machine[0m:[36mtransition_to[0m | [1mState transition completed[0m
[32m15:51:31.135[0m | [1mINFO    [0m | [36msrc.config.logging[0m:[36mlog_audio_event[0m | [1mAudio event: streaming_transcription_start[0m
[32m15:51:31.135[0m | [1mINFO    [0m | [36msrc.audio.single_utterance_processor[0m:[36mtranscribe_stream[0m | [1mStarting real-time stream transcription with V2 Recognizer...[0m
[32m15:51:31.135[0m | [1mINFO    [0m | [36msrc.config.logging[0m:[36mlog_audio_event[0m | [1mAudio event: stt_streaming_start[0m
[32m15:51:36.599[0m | [1mINFO    [0m | [36msrc.config.logging[0m:[36mlog_audio_event[0m | [1mAudio event: stt_streaming_event[0m
[32m15:51:36.621[0m | [1mINFO    [0m | [36msrc.audio.single_utterance_processor[0m:[36mtranscribe_stream[0m | [1mFinal transcript received from stream[0m
[32m15:51:36.621[0m | [1mINFO    [0m | [36msrc.config.logging[0m:[36mlog_audio_event[0m | [1mAudio event: streaming_transcription_success[0m
[32m15:51:36.622[0m | [1mINFO    [0m | [36msrc.api.websocket[0m:[36mon_transcript[0m | [1mSent early transcript: Raise up....[0m
[32m15:51:36.622[0m | [1mINFO    [0m | [36msrc.conversation.state_machine[0m:[36mtransition_to[0m | [1mState transition completed[0m
[32m15:51:36.622[0m | [1mINFO    [0m | [36msrc.conversation.single_utterance_engine[0m:[36mprocess_conversation_turn[0m | [1mSpeech transcribed via stream[0m
[32m15:51:37.800[0m | [1mINFO    [0m | [36msrc.conversation.graph.runner[0m:[36mrun_turn[0m | [1m[DIAG] Planner tool decision: tool_name=move, tool_args={'direction': 'up', 'distance': 0.2}[0m
[32m15:51:37.800[0m | [1mINFO    [0m | [36msrc.audio.single_utterance_processor[0m:[36msynthesize[0m | [1mSynthesizing single utterance response[0m
[32m15:51:37.800[0m | [1mINFO    [0m | [36msrc.config.logging[0m:[36mlog_audio_event[0m | [1mAudio event: tts_request[0m
[32m15:51:37.998[0m | [1mINFO    [0m | [36msrc.config.logging[0m:[36mlog_audio_event[0m | [1mAudio event: tts_success[0m
[32m15:51:37.999[0m | [1mINFO    [0m | [36msrc.config.logging[0m:[36mlog_audio_event[0m | [1mAudio event: single_utterance_synthesis[0m
[32m15:51:37.999[0m | [1mINFO    [0m | [36msrc.audio.single_utterance_processor[0m:[36msynthesize[0m | [1mSingle utterance synthesis completed[0m
[32m15:51:38.002[0m | [1mINFO    [0m | [36msrc.api.websocket[0m:[36mon_acknowledgment[0m | [1mSent acknowledgment for session b67a1c02-d403-435c-830a-985553e8ff41: Ok, moving up.[0m
[32m15:51:38.002[0m | [1mINFO    [0m | [36msrc.conversation.graph.runner[0m:[36mrun_turn[0m | [1mAcknowledgment sent before tool execution[0m
[32m15:51:38.002[0m | [1mINFO    [0m | [36msrc.conversation.graph.executor[0m:[36mexecute[0m | [1mInvoking MCP tool[0m
[32m15:51:38.002[0m | [1mINFO    [0m | [36msrc.conversation.graph.executor[0m:[36mexecute[0m | [1m[DIAG] Calling MCP tool: tool=move, args={'direction': 'up', 'distance': 0.2, 'angle': 15.0}[0m
[32m15:51:38.007[0m | [1mINFO    [0m | [36msrc.mcp.stdio_client[0m:[36m_stderr_loop[0m | [1m[moveit stderr] [DIAG] MCP call_tool: name=move, args={'direction': 'up', 'distance': 0.2, 'angle': 15.0}[0m
[move_group-9] [INFO] [1765399898.011232510] [moveit_move_group_default_capabilities.plan_service_capability]: Received new planning service request...
[move_group-9] [INFO] [1765399898.011623746] [moveit.ompl_planning.model_based_planning_context]: Planner configuration 'arm' will use planner 'geometric::RRTConnect'. Additional configuration parameters will be set when the planner is constructed.
[move_group-9] [INFO] [1765399898.060966901] [moveit_move_group_default_capabilities.execute_trajectory_action_capability]: Received goal request
[move_group-9] [INFO] [1765399898.061017279] [moveit_move_group_default_capabilities.execute_trajectory_action_capability]: Execution request received
[move_group-9] [INFO] [1765399898.061030190] [moveit.plugins.moveit_simple_controller_manager]: Returned 2 controllers in list
[move_group-9] [INFO] [1765399898.061038949] [moveit.plugins.moveit_simple_controller_manager]: Returned 2 controllers in list
[move_group-9] [INFO] [1765399898.061067834] [moveit_ros.trajectory_execution_manager]: Validating trajectory with allowed_start_tolerance 0.01
[move_group-9] [INFO] [1765399898.061589949] [moveit_ros.trajectory_execution_manager]: Starting trajectory execution ...
[move_group-9] [INFO] [1765399898.061630340] [moveit.plugins.moveit_simple_controller_manager]: Returned 2 controllers in list
[move_group-9] [INFO] [1765399898.061650459] [moveit.plugins.moveit_simple_controller_manager]: Returned 2 controllers in list
[move_group-9] [INFO] [1765399898.061752253] [moveit.simple_controller_manager.follow_joint_trajectory_controller_handle]: sending trajectory to joint_trajectory_controller
[ros2_control_node-1] [INFO] [1765399898.061946544] [joint_trajectory_controller]: Received new action goal
[ros2_control_node-1] [INFO] [1765399898.061985751] [joint_trajectory_controller]: Accepted new action goal
[move_group-9] [INFO] [1765399898.062074236] [moveit.simple_controller_manager.follow_joint_trajectory_controller_handle]: joint_trajectory_controller started execution
[move_group-9] [INFO] [1765399898.062083386] [moveit.simple_controller_manager.follow_joint_trajectory_controller_handle]: Goal request accepted!
[ros2_control_node-1] [INFO] [1765399902.589487731] [joint_trajectory_controller]: Goal reached, success!
[move_group-9] [INFO] [1765399902.612500777] [moveit.simple_controller_manager.follow_joint_trajectory_controller_handle]: Controller 'joint_trajectory_controller' successfully finished
[move_group-9] [INFO] [1765399902.615669095] [moveit_ros.trajectory_execution_manager]: Completed trajectory execution with status SUCCEEDED ...
[move_group-9] [INFO] [1765399902.615823393] [moveit_move_group_default_capabilities.execute_trajectory_action_capability]: Execution completed: SUCCEEDED
[32m15:51:42.621[0m | [1mINFO    [0m | [36msrc.config.logging[0m:[36mlog_mcp_event[0m | [1mMCP event: tool_invoked[0m
[32m15:51:42.621[0m | [1mINFO    [0m | [36msrc.conversation.graph.executor[0m:[36mexecute[0m | [1m[DIAG] MCP response: tool=move, result={'content': [{'type': 'text', 'text': '{\n  "success": true,\n  "message": "Moved to pose (0.073, 0.474, 0.236)",\n  "start_pose": {\n    "x": 0.0729,\n    "y": 0.4737,\n    "z": 0.0362\n  },\n  "end_pose": {\n    "x": 0.0729,\n    "y": 0.4737,\n    "z": 0.0362\n  },\n  "duration_ms": 4609.87,\n  "d[0m
[32m15:51:42.621[0m | [1mINFO    [0m | [36msrc.conversation.graph.runner[0m:[36mrun_turn[0m | [1mVerification required after tool execution[0m
[32m15:51:42.621[0m | [1mINFO    [0m | [36msrc.audio.single_utterance_processor[0m:[36msynthesize[0m | [1mSynthesizing single utterance response[0m
[32m15:51:42.622[0m | [1mINFO    [0m | [36msrc.config.logging[0m:[36mlog_audio_event[0m | [1mAudio event: tts_request[0m
[32m15:51:42.971[0m | [1mINFO    [0m | [36msrc.config.logging[0m:[36mlog_audio_event[0m | [1mAudio event: tts_success[0m
[32m15:51:42.972[0m | [1mINFO    [0m | [36msrc.config.logging[0m:[36mlog_audio_event[0m | [1mAudio event: single_utterance_synthesis[0m
[32m15:51:42.972[0m | [1mINFO    [0m | [36msrc.audio.single_utterance_processor[0m:[36msynthesize[0m | [1mSingle utterance synthesis completed[0m
[32m15:51:42.972[0m | [1mINFO    [0m | [36msrc.conversation.graph.responder[0m:[36mrespond[0m | [1mResponder prepared final output[0m
[32m15:51:42.973[0m | [1mINFO    [0m | [36msrc.conversation.state_machine[0m:[36mtransition_to[0m | [1mState transition completed[0m
[32m15:51:42.986[0m | [1mINFO    [0m | [36msrc.conversation.models[0m:[36mlog_snapshot[0m | [1mTurn metrics updated[0m
[32m15:51:42.987[0m | [1mINFO    [0m | [36msrc.config.logging[0m:[36mlog_conversation_event[0m | [1mConversation event: turn_complete[0m
[32m15:51:42.987[0m | [1mINFO    [0m | [36msrc.conversation.state_machine[0m:[36mtransition_to[0m | [1mState transition completed[0m
[32m15:51:42.993[0m | [1mINFO    [0m | [36msrc.api.websocket[0m:[36m_send_conversation_result[0m | [1mConversation turn completed for session b67a1c02-d403-435c-830a-985553e8ff41[0m
[32m15:51:42.993[0m | [1mINFO    [0m | [36msrc.api.websocket[0m:[36m_process_streaming_turn[0m | [1mStarting streaming turn for session b67a1c02-d403-435c-830a-985553e8ff41[0m
[32m15:51:42.993[0m | [1mINFO    [0m | [36msrc.config.logging[0m:[36mlog_conversation_event[0m | [1mConversation event: turn_start[0m
[32m15:51:42.993[0m | [1mINFO    [0m | [36msrc.conversation.state_machine[0m:[36mtransition_to[0m | [1mState transition completed[0m
[32m15:51:42.994[0m | [1mINFO    [0m | [36msrc.config.logging[0m:[36mlog_audio_event[0m | [1mAudio event: streaming_transcription_start[0m
[32m15:51:42.994[0m | [1mINFO    [0m | [36msrc.audio.single_utterance_processor[0m:[36mtranscribe_stream[0m | [1mStarting real-time stream transcription with V2 Recognizer...[0m
[32m15:51:42.994[0m | [1mINFO    [0m | [36msrc.config.logging[0m:[36mlog_audio_event[0m | [1mAudio event: stt_streaming_start[0m
[32m15:51:49.905[0m | [1mINFO    [0m | [36msrc.api.websocket[0m:[36m_handle_message[0m | [1m🎯 Processing WebSocket message[0m
[32m15:51:49.905[0m | [1mINFO    [0m | [36msrc.api.websocket[0m:[36m_handle_message[0m | [1m🛑 Handling stop_conversation for session b67a1c02-d403-435c-830a-985553e8ff41[0m
[32m15:51:49.905[0m | [1mINFO    [0m | [36msrc.api.websocket[0m:[36m_handle_stop_conversation[0m | [1mStopping conversation for session b67a1c02-d403-435c-830a-985553e8ff41[0m
[32m15:51:49.905[0m | [1mINFO    [0m | [36msrc.api.websocket[0m:[36m_handle_stop_conversation[0m | [1mConversation stopped cleanly for session b67a1c02-d403-435c-830a-985553e8ff41[0m
[32m15:51:49.906[0m | [1mINFO    [0m | [36msrc.api.websocket[0m:[36m_handle_message[0m | [1m✅ stop_conversation handled successfully for session b67a1c02-d403-435c-830a-985553e8ff41[0m
[32m15:51:49.906[0m | [1mINFO    [0m | [36msrc.audio.stt[0m:[36mcancellation_monitor[0m | [1mSTT streaming cancelled by user request (background monitor)[0m
[32m15:51:49.906[0m | [1mINFO    [0m | [36msrc.conversation.state_machine[0m:[36mtransition_to[0m | [1mState transition completed[0m
[32m15:51:55.326[0m | [1mINFO    [0m | [36msrc.mcp.discovery[0m:[36mdiscover_mcps[0m | [1mStarting MCP server discovery...[0m
[32m15:51:55.327[0m | [1mINFO    [0m | [36msrc.mcp.config_loader[0m:[36mload_mcp_config[0m | [1mLoaded MCP server config: moveit (stdio)[0m
[32m15:51:55.327[0m | [1mINFO    [0m | [36msrc.mcp.config_loader[0m:[36mload_mcp_config[0m | [1mSuccessfully loaded 1 MCP server configurations from /home/snickers/Documents/git-repos/hri-social-learner-manipulator/conversational_engine/mcp-config.json[0m
[32m15:51:55.327[0m | [1mINFO    [0m | [36msrc.mcp.discovery[0m:[36mdiscover_mcps[0m | [1mConfig file discovery found 1 servers[0m
[32m15:51:55.327[0m | [1mINFO    [0m | [36msrc.mcp.discovery[0m:[36mdiscover_mcps[0m | [1mMCP discovery completed. Active servers: 1[0m
[32m15:51:57.653[0m | [1mINFO    [0m | [36msrc.api.websocket[0m:[36m_handle_message[0m | [1m🎯 Processing WebSocket message[0m
[32m15:51:57.654[0m | [1mINFO    [0m | [36msrc.api.websocket[0m:[36m_handle_message[0m | [1m🏓 Handling ping for session b67a1c02-d403-435c-830a-985553e8ff41[0m
[32m15:51:57.654[0m | [1mINFO    [0m | [36msrc.api.websocket[0m:[36m_handle_message[0m | [1m✅ ping handled successfully for session b67a1c02-d403-435c-830a-985553e8ff41[0m
[32m15:51:58.195[0m | [1mINFO    [0m | [36msrc.config.logging[0m:[36mlog_mcp_event[0m | [1mMCP event: health_check[0m
[ros2_control_node-1] terminate called after throwing an instance of 'std::runtime_error'
[ros2_control_node-1]   what():  timeout detected: BaseCyclicClient::RefreshFeedback
[ros2_control_node-1] 
[ros2_control_node-1] Stack trace (most recent call last) in thread 15426:
[ros2_control_node-1] #16   Object "", at 0xffffffffffffffff, in 
[ros2_control_node-1] #15   Source "../sysdeps/unix/sysv/linux/x86_64/clone3.S", line 81, in __clone3 [0x71ed71d268bf]
[ros2_control_node-1] #14   Source "./nptl/pthread_create.c", line 442, in start_thread [0x71ed71c94ac2]
[ros2_control_node-1] #13   Object "/usr/lib/x86_64-linux-gnu/libstdc++.so.6.0.30", at 0x71ed720dc252, in 
[ros2_control_node-1] #12   Object "/home/snickers/ros2_ws/install/controller_manager/lib/controller_manager/ros2_control_node", at 0x5686361a4050, in main::{lambda()#1}::operator()() const
[ros2_control_node-1] #11   Object "/home/snickers/ros2_ws/install/controller_manager/lib/libcontroller_manager.so", at 0x71ed72648084, in controller_manager::ControllerManager::write(rclcpp::Time const&, rclcpp::Duration const&)
[ros2_control_node-1] #10   Object "/home/snickers/ros2_ws/install/hardware_interface/lib/libhardware_interface.so", at 0x71ed71faab7c, in hardware_interface::ResourceManager::write(rclcpp::Time const&, rclcpp::Duration const&)
[ros2_control_node-1] #9    Object "/home/snickers/ros2_ws/install/hardware_interface/lib/libhardware_interface.so", at 0x71ed71fe23af, in hardware_interface::System::write(rclcpp::Time const&, rclcpp::Duration const&)
[ros2_control_node-1] #8    Object "/home/snickers/ros2_ws/install/kortex_driver/lib/libkortex_driver.so", at 0x71ed504002f3, in kortex_driver::KortexMultiInterfaceHardware::write(rclcpp::Time const&, rclcpp::Duration const&)
[ros2_control_node-1] #7    Object "/home/snickers/ros2_ws/install/kortex_driver/lib/libkortex_driver.so", at 0x71ed505722e3, in Kinova::Api::BaseCyclic::BaseCyclicClient::RefreshFeedback(unsigned int, Kinova::Api::RouterClientSendOptions const&)
[ros2_control_node-1] #6    Object "/usr/lib/x86_64-linux-gnu/libstdc++.so.6.0.30", at 0x71ed720ae4d7, in __cxa_throw
[ros2_control_node-1] #5    Object "/usr/lib/x86_64-linux-gnu/libstdc++.so.6.0.30", at 0x71ed720ae276, in std::terminate()
[ros2_control_node-1] #4    Object "/usr/lib/x86_64-linux-gnu/libstdc++.so.6.0.30", at 0x71ed720ae20b, in 
[ros2_control_node-1] #3    Object "/usr/lib/x86_64-linux-gnu/libstdc++.so.6.0.30", at 0x71ed720a2b9d, in 
[ros2_control_node-1] #2    Source "./stdlib/abort.c", line 79, in abort [0x71ed71c287f2]
[ros2_control_node-1] #1    Source "../sysdeps/posix/raise.c", line 26, in raise [0x71ed71c42475]
[ros2_control_node-1] #0  | Source "./nptl/pthread_kill.c", line 89, in __pthread_kill_internal
[ros2_control_node-1]     | Source "./nptl/pthread_kill.c", line 78, in __pthread_kill_implementation
[ros2_control_node-1]       Source "./nptl/pthread_kill.c", line 44, in __pthread_kill [0x71ed71c969fc]
[ros2_control_node-1] Aborted (Signal sent by tkill() 15372 1000)
[ERROR] [ros2_control_node-1]: process has died [pid 15372, exit code -6, cmd '/home/snickers/ros2_ws/install/controller_manager/lib/controller_manager/ros2_control_node --ros-args -r __ns:=/ --params-file /home/snickers/ros2_ws/install/kortex_description/share/kortex_description/arms/gen3_lite/6dof/config/ros2_controllers.yaml -r ~/robot_description:=/robot_description'].
[32m15:52:27.655[0m | [1mINFO    [0m | [36msrc.api.websocket[0m:[36m_handle_message[0m | [1m🎯 Processing WebSocket message[0m
[32m15:52:27.655[0m | [1mINFO    [0m | [36msrc.api.websocket[0m:[36m_handle_message[0m | [1m🏓 Handling ping for session b67a1c02-d403-435c-830a-985553e8ff41[0m
[32m15:52:27.655[0m | [1mINFO    [0m | [36msrc.api.websocket[0m:[36m_handle_message[0m | [1m✅ ping handled successfully for session b67a1c02-d403-435c-830a-985553e8ff41[0m
