
[0;36m================================================================================[0m
[0;36m  HRI Social Learner Manipulator - Full System Startup[0m
[0;36m  Phase 4: Human-in-the-Loop Testing[0m
[0;36m================================================================================[0m

[1;33m================================================================================[0m
[1;33m  HARDWARE MODE ENABLED - Connecting to real Kinova robot[0m
[1;33m  Robot IP: 192.168.1.10[0m
[1;33m  NOTE: ARM MOTION TESTING ONLY - Camera not included[0m
[1;33m================================================================================[0m


[0;34m>>> Setting up ROS 2 environment...[0m

[0;32m[OK][0m Sourced ROS 2 Humble
not found: "/root/ros2_ws/install/local_setup.bash"
[0;32m[OK][0m Sourced project workspace: /home/snickers/Documents/git-repos/hri-social-learner-manipulator/install
[0;32m[OK][0m Sourced ros2_ws (Kinova packages)

[0;34m>>> Cleaning up stale processes from previous runs...[0m

[0;36m[INFO][0m Cleaning up 14 stale FastRTPS shared memory files...
The daemon is not running
[0;36m[INFO][0m Waiting for processes to terminate...
[0;32m[OK][0m Cleaned up 1 stale process group(s)

[0;34m>>> Checking prerequisites...[0m

[0;32m[OK][0m ROS 2 found: 
[0;32m[OK][0m Python 3 found: Python 3.10.12
[0;32m[OK][0m Perception MCP server found
[0;32m[OK][0m MoveIt MCP server found
[0;32m[OK][0m Conversational engine found
[0;32m[OK][0m GOOGLE_API_KEY exported from .env file
[0;32m[OK][0m All prerequisites satisfied

[0;34m>>> Starting HARDWARE MODE (Real Kinova Robot)...[0m

[0;36m[INFO][0m Robot IP: 192.168.1.10
[1;33m[WARN][0m NOTE: Camera not included - ARM MOTION TESTING ONLY
[0;36m[INFO][0m Checking network connectivity to robot...
[0;32m[OK][0m Robot is reachable at 192.168.1.10
[0;36m[INFO][0m Launching manipulation_scene.launch.py (hardware_mode=true)...
[0;36m[INFO][0m Waiting for ros2_kortex driver to initialize (20 seconds)...
[INFO] [launch]: All log files can be found below /home/snickers/.ros/log/2025-12-10-16-20-16-012468-snickers-jammy-20773
[INFO] [launch]: Default logging verbosity is set to INFO
warning: Using load_yaml() directly is deprecated. Use xacro.load_yaml() instead.
[INFO] [launch.user]: HARDWARE MODE: Connecting to Kinova Gen3 Lite at 192.168.1.10
[DEBUG] Saved resolved YAML to: /home/snickers/ros2_ws/install/kortex_description/share/kortex_description/arms/gen3_lite/6dof/config/ros2_controllers.yaml
[INFO] [ros2_control_node-1]: process started with pid [20778]
[INFO] [robot_state_publisher-2]: process started with pid [20780]
[INFO] [spawner-3]: process started with pid [20782]
[INFO] [spawner-4]: process started with pid [20784]
[INFO] [spawner-5]: process started with pid [20786]
[INFO] [spawner-6]: process started with pid [20788]
[INFO] [spawner-7]: process started with pid [20790]
[INFO] [robot_state_publisher-8]: process started with pid [20792]
[INFO] [move_group-9]: process started with pid [20794]
[ros2_control_node-1] [INFO] [1765401616.772015064] [controller_manager]: Subscribing to '~/robot_description' topic for robot description file.
[ros2_control_node-1] [INFO] [1765401616.773304069] [controller_manager]: update rate is 1000 Hz
[ros2_control_node-1] [INFO] [1765401616.773333448] [controller_manager]: Spawning controller_manager RT thread with scheduler priority: 50
[ros2_control_node-1] [WARN] [1765401616.773414324] [controller_manager]: Could not enable FIFO RT scheduling policy: with error number <1>(Operation not permitted). See [https://control.ros.org/master/doc/ros2_control/controller_manager/doc/userdoc.html] for details on how to enable realtime scheduling.
[robot_state_publisher-8] [INFO] [1765401616.781820990] [robot_state_publisher]: got segment arm_link
[robot_state_publisher-8] [INFO] [1765401616.781895684] [robot_state_publisher]: got segment base_link
[robot_state_publisher-8] [INFO] [1765401616.781901288] [robot_state_publisher]: got segment dummy_link
[robot_state_publisher-8] [INFO] [1765401616.781904202] [robot_state_publisher]: got segment end_effector_link
[robot_state_publisher-8] [INFO] [1765401616.781906946] [robot_state_publisher]: got segment forearm_link
[robot_state_publisher-8] [INFO] [1765401616.781909491] [robot_state_publisher]: got segment gripper_base_link
[robot_state_publisher-8] [INFO] [1765401616.781912075] [robot_state_publisher]: got segment left_finger_dist_link
[robot_state_publisher-8] [INFO] [1765401616.781914692] [robot_state_publisher]: got segment left_finger_prox_link
[robot_state_publisher-8] [INFO] [1765401616.781917046] [robot_state_publisher]: got segment lower_wrist_link
[robot_state_publisher-8] [INFO] [1765401616.781919491] [robot_state_publisher]: got segment right_finger_dist_link
[robot_state_publisher-8] [INFO] [1765401616.781921962] [robot_state_publisher]: got segment right_finger_prox_link
[robot_state_publisher-8] [INFO] [1765401616.781924347] [robot_state_publisher]: got segment shoulder_link
[robot_state_publisher-8] [INFO] [1765401616.781929821] [robot_state_publisher]: got segment tool_frame
[robot_state_publisher-8] [INFO] [1765401616.781933774] [robot_state_publisher]: got segment upper_wrist_link
[robot_state_publisher-8] [INFO] [1765401616.781937427] [robot_state_publisher]: got segment world
[robot_state_publisher-8] [INFO] [1765401616.781939927] [robot_state_publisher]: got segment wrist_camera_link
[robot_state_publisher-8] [INFO] [1765401616.781942302] [robot_state_publisher]: got segment wrist_camera_optical_frame
[ros2_control_node-1] [INFO] [1765401616.782069207] [controller_manager]: Received robot description file.
[ros2_control_node-1] [INFO] [1765401616.782431845] [resource_manager]: Loading hardware 'KortexMultiInterfaceHardware' 
[spawner-6] [INFO] [1765401616.783033705] [spawner_fault_controller]: waiting for service /controller_manager/list_controllers to become available...
[move_group-9] [INFO] [1765401616.783819162] [moveit_rdf_loader.rdf_loader]: Loaded robot model in 0.0254634 seconds
[move_group-9] [INFO] [1765401616.783862183] [moveit_robot_model.robot_model]: Loading robot model 'gen3_lite_gen3_lite_2f'...
[move_group-9] [INFO] [1765401616.783867420] [moveit_robot_model.robot_model]: No root/virtual joint specified in SRDF. Assuming fixed joint
[spawner-7] [INFO] [1765401616.784530330] [spawner_gen3_lite_2f_gripper_controller]: waiting for service /controller_manager/list_controllers to become available...
[robot_state_publisher-2] [INFO] [1765401616.785735985] [robot_state_publisher]: got segment arm_link
[robot_state_publisher-2] [INFO] [1765401616.785852320] [robot_state_publisher]: got segment base_link
[robot_state_publisher-2] [INFO] [1765401616.785865926] [robot_state_publisher]: got segment dummy_link
[robot_state_publisher-2] [INFO] [1765401616.785875950] [robot_state_publisher]: got segment end_effector_link
[robot_state_publisher-2] [INFO] [1765401616.785885059] [robot_state_publisher]: got segment forearm_link
[robot_state_publisher-2] [INFO] [1765401616.785893548] [robot_state_publisher]: got segment gripper_base_link
[robot_state_publisher-2] [INFO] [1765401616.785902214] [robot_state_publisher]: got segment left_finger_dist_link
[robot_state_publisher-2] [INFO] [1765401616.785911029] [robot_state_publisher]: got segment left_finger_prox_link
[robot_state_publisher-2] [INFO] [1765401616.785919258] [robot_state_publisher]: got segment lower_wrist_link
[robot_state_publisher-2] [INFO] [1765401616.785933352] [robot_state_publisher]: got segment right_finger_dist_link
[robot_state_publisher-2] [INFO] [1765401616.785942959] [robot_state_publisher]: got segment right_finger_prox_link
[robot_state_publisher-2] [INFO] [1765401616.785951043] [robot_state_publisher]: got segment shoulder_link
[robot_state_publisher-2] [INFO] [1765401616.785959113] [robot_state_publisher]: got segment tool_frame
[robot_state_publisher-2] [INFO] [1765401616.785967407] [robot_state_publisher]: got segment upper_wrist_link
[robot_state_publisher-2] [INFO] [1765401616.785975475] [robot_state_publisher]: got segment world
[spawner-4] [INFO] [1765401616.790532281] [spawner_joint_trajectory_controller]: waiting for service /controller_manager/list_controllers to become available...
[spawner-3] [INFO] [1765401616.790878968] [spawner_joint_state_broadcaster]: waiting for service /controller_manager/list_controllers to become available...
[ros2_control_node-1] [INFO] [1765401616.791462554] [KortexMultiInterfaceHardware]: Setting severity threshold to DEBUG
[ros2_control_node-1] [INFO] [1765401616.791534846] [resource_manager]: Initialize hardware 'KortexMultiInterfaceHardware' 
[ros2_control_node-1] [INFO] [1765401616.791552536] [KortexMultiInterfaceHardware]: Configuring Hardware Interface
[ros2_control_node-1] [INFO] [1765401616.791583038] [KortexMultiInterfaceHardware]: Robot ip is '192.168.1.10'
[ros2_control_node-1] [INFO] [1765401616.791589407] [KortexMultiInterfaceHardware]: Username is 'admin'
[ros2_control_node-1] [INFO] [1765401616.791597792] [KortexMultiInterfaceHardware]: Port used '10000'
[ros2_control_node-1] [INFO] [1765401616.791603103] [KortexMultiInterfaceHardware]: Realtime port used '10001'
[ros2_control_node-1] [INFO] [1765401616.791608049] [KortexMultiInterfaceHardware]: Session inactivity timeout is '60000'
[ros2_control_node-1] [INFO] [1765401616.791613391] [KortexMultiInterfaceHardware]: Connection inactivity timeout is '2000'
[ros2_control_node-1] [INFO] [1765401616.791618389] [KortexMultiInterfaceHardware]: Gripper joint name is 'right_finger_bottom_joint'
[ros2_control_node-1] [INFO] [1765401616.791623079] [KortexMultiInterfaceHardware]: Listing all keys in hardware_parameters:
[ros2_control_node-1] [INFO] [1765401616.791628924] [KortexMultiInterfaceHardware]: Prefix is 
[ros2_control_node-1] [INFO] [1765401616.791634986] [KortexMultiInterfaceHardware]: updated gripper joint name is right_finger_bottom_joint
[ros2_control_node-1] [INFO] [1765401616.791650011] [KortexMultiInterfaceHardware]: Connecting to robot at 192.168.1.10
[ros2_control_node-1] [INFO] [1765401616.792266719] [KortexMultiInterfaceHardware]: Creating session for communication
[spawner-5] [INFO] [1765401616.793775462] [spawner_twist_controller]: waiting for service /controller_manager/list_controllers to become available...
[ros2_control_node-1] [INFO] [1765401616.848552436] [KortexMultiInterfaceHardware]: Session created
[move_group-9] [WARN] [1765401616.950916970] [moveit_robot_model.robot_model]: Could not identify parent group for end-effector 'end_effector'
[move_group-9] [INFO] [1765401617.425431965] [moveit_ros.planning_scene_monitor.planning_scene_monitor]: Publishing maintained planning scene on 'monitored_planning_scene'
[move_group-9] [INFO] [1765401617.425543311] [moveit.ros_planning_interface.moveit_cpp]: Listening to 'joint_states' for joint states
[move_group-9] [INFO] [1765401617.425980687] [moveit_ros.current_state_monitor]: Listening to joint states on topic 'joint_states'
[move_group-9] [INFO] [1765401617.426186227] [moveit_ros.planning_scene_monitor.planning_scene_monitor]: Listening to '/attached_collision_object' for attached collision objects
[move_group-9] [INFO] [1765401617.426196051] [moveit_ros.planning_scene_monitor.planning_scene_monitor]: Starting planning scene monitor
[move_group-9] [INFO] [1765401617.426373634] [moveit_ros.planning_scene_monitor.planning_scene_monitor]: Listening to '/planning_scene'
[move_group-9] [INFO] [1765401617.426386491] [moveit_ros.planning_scene_monitor.planning_scene_monitor]: Starting world geometry update monitor for collision objects, attached objects, octomap updates.
[move_group-9] [INFO] [1765401617.426614989] [moveit_ros.planning_scene_monitor.planning_scene_monitor]: Listening to 'collision_object'
[move_group-9] [INFO] [1765401617.426804439] [moveit_ros.planning_scene_monitor.planning_scene_monitor]: Listening to 'planning_scene_world' for planning scene world geometry
[move_group-9] [WARN] [1765401617.427121917] [moveit.ros.occupancy_map_monitor.middleware_handle]: Resolution not specified for Octomap. Assuming resolution = 0.1 instead
[move_group-9] [ERROR] [1765401617.427135812] [moveit.ros.occupancy_map_monitor.middleware_handle]: No 3D sensor plugin(s) defined for octomap updates
[ros2_control_node-1] [INFO] [1765401617.433377872] [KortexMultiInterfaceHardware]: Actuator count reported by robot is '6'
[ros2_control_node-1] [INFO] [1765401617.433412660] [KortexMultiInterfaceHardware]: Using internal bus communication for gripper!
[ros2_control_node-1] [INFO] [1765401617.433418896] [KortexMultiInterfaceHardware]: Hardware Interface successfully configured
[ros2_control_node-1] [INFO] [1765401617.433438197] [resource_manager]: Successful initialization of hardware 'KortexMultiInterfaceHardware'
[ros2_control_node-1] [DEBUG] [1765401617.433450043] [KortexMultiInterfaceHardware]: export_state_interfaces for joint: joint_1
[ros2_control_node-1] [DEBUG] [1765401617.433458193] [KortexMultiInterfaceHardware]: export_state_interfaces for joint: joint_2
[ros2_control_node-1] [DEBUG] [1765401617.433463080] [KortexMultiInterfaceHardware]: export_state_interfaces for joint: joint_3
[ros2_control_node-1] [DEBUG] [1765401617.433467536] [KortexMultiInterfaceHardware]: export_state_interfaces for joint: joint_4
[ros2_control_node-1] [DEBUG] [1765401617.433471680] [KortexMultiInterfaceHardware]: export_state_interfaces for joint: joint_5
[ros2_control_node-1] [DEBUG] [1765401617.433476117] [KortexMultiInterfaceHardware]: export_state_interfaces for joint: joint_6
[ros2_control_node-1] [DEBUG] [1765401617.433480126] [KortexMultiInterfaceHardware]: export_state_interfaces for joint: right_finger_bottom_joint
[ros2_control_node-1] [INFO] [1765401617.433521507] [KortexMultiInterfaceHardware]: Gripper max vel and effort configured
[ros2_control_node-1] [INFO] [1765401617.433610984] [resource_manager]: 'configure' hardware 'KortexMultiInterfaceHardware' 
[ros2_control_node-1] [INFO] [1765401617.433620775] [resource_manager]: Successful 'configure' of hardware 'KortexMultiInterfaceHardware'
[ros2_control_node-1] [INFO] [1765401617.433636345] [resource_manager]: 'activate' hardware 'KortexMultiInterfaceHardware' 
[ros2_control_node-1] [INFO] [1765401617.433642455] [KortexMultiInterfaceHardware]: Activating KortexMultiInterfaceHardware...
[ros2_control_node-1] [INFO] [1765401617.434090040] [KortexMultiInterfaceHardware]: Gripper initial position is '-1.268950'.
[ros2_control_node-1] [INFO] [1765401617.434133352] [KortexMultiInterfaceHardware]: Initialize interconnect command to current gripper position
[ros2_control_node-1] [INFO] [1765401617.434570411] [KortexMultiInterfaceHardware]: KortexMultiInterfaceHardware successfully activated!
[ros2_control_node-1] [INFO] [1765401617.434583120] [resource_manager]: Successful 'activate' of hardware 'KortexMultiInterfaceHardware'
[ros2_control_node-1] [DEBUG] [1765401617.435030081] [KortexMultiInterfaceHardware]: Fault was not recognized on the robot but combination of Control Mode and Active State are not supported!
[ros2_control_node-1] [DEBUG] [1765401617.435593029] [KortexMultiInterfaceHardware]: No controller active in LOW_LEVEL_SERVOING mode !
[ros2_control_node-1] [DEBUG] [1765401617.435989805] [KortexMultiInterfaceHardware]: No controller active in LOW_LEVEL_SERVOING mode !
[ros2_control_node-1] [DEBUG] [1765401617.436266675] [KortexMultiInterfaceHardware]: No controller active in LOW_LEVEL_SERVOING mode !
[ros2_control_node-1] [DEBUG] [1765401617.436575982] [KortexMultiInterfaceHardware]: No controller active in LOW_LEVEL_SERVOING mode !
[ros2_control_node-1] [DEBUG] [1765401617.437016734] [KortexMultiInterfaceHardware]: No controller active in LOW_LEVEL_SERVOING mode !
[ros2_control_node-1] [DEBUG] [1765401617.437344379] [KortexMultiInterfaceHardware]: No controller active in LOW_LEVEL_SERVOING mode !
[ros2_control_node-1] [DEBUG] [1765401617.437653264] [KortexMultiInterfaceHardware]: No controller active in LOW_LEVEL_SERVOING mode !
[ros2_control_node-1] [DEBUG] [1765401617.437976328] [KortexMultiInterfaceHardware]: No controller active in LOW_LEVEL_SERVOING mode !
[ros2_control_node-1] [DEBUG] [1765401617.438305835] [KortexMultiInterfaceHardware]: No controller active in LOW_LEVEL_SERVOING mode !
[ros2_control_node-1] [INFO] [1765401617.438485122] [controller_manager]: Received robot description file.
[ros2_control_node-1] [WARN] [1765401617.438504567] [controller_manager]: ResourceManager has already loaded an urdf file. Ignoring attempt to reload a robot description file.
[ros2_control_node-1] [DEBUG] [1765401617.438570707] [KortexMultiInterfaceHardware]: No controller active in LOW_LEVEL_SERVOING mode !
[ros2_control_node-1] [DEBUG] [1765401617.438948107] [KortexMultiInterfaceHardware]: No controller active in LOW_LEVEL_SERVOING mode !
[ros2_control_node-1] [DEBUG] [1765401617.439172160] [KortexMultiInterfaceHardware]: No controller active in LOW_LEVEL_SERVOING mode !
[ros2_control_node-1] [DEBUG] [1765401617.439419862] [KortexMultiInterfaceHardware]: No controller active in LOW_LEVEL_SERVOING mode !
[ros2_control_node-1] [DEBUG] [1765401617.439649312] [KortexMultiInterfaceHardware]: No controller active in LOW_LEVEL_SERVOING mode !
[ros2_control_node-1] [DEBUG] [1765401617.439945599] [KortexMultiInterfaceHardware]: No controller active in LOW_LEVEL_SERVOING mode !
[ros2_control_node-1] [DEBUG] [1765401617.440214117] [KortexMultiInterfaceHardware]: No controller active in LOW_LEVEL_SERVOING mode !
[ros2_control_node-1] [DEBUG] [1765401617.440462856] [KortexMultiInterfaceHardware]: No controller active in LOW_LEVEL_SERVOING mode !
[ros2_control_node-1] [DEBUG] [1765401617.440902014] [KortexMultiInterfaceHardware]: No controller active in LOW_LEVEL_SERVOING mode !
[ros2_control_node-1] [DEBUG] [1765401617.441150786] [KortexMultiInterfaceHardware]: No controller active in LOW_LEVEL_SERVOING mode !
[ros2_control_node-1] [DEBUG] [1765401617.441401544] [KortexMultiInterfaceHardware]: No controller active in LOW_LEVEL_SERVOING mode !
[ros2_control_node-1] [DEBUG] [1765401617.441653927] [KortexMultiInterfaceHardware]: No controller active in LOW_LEVEL_SERVOING mode !
[ros2_control_node-1] [DEBUG] [1765401617.441948037] [KortexMultiInterfaceHardware]: No controller active in LOW_LEVEL_SERVOING mode !
[ros2_control_node-1] [DEBUG] [1765401617.442170345] [KortexMultiInterfaceHardware]: No controller active in LOW_LEVEL_SERVOING mode !
[ros2_control_node-1] [DEBUG] [1765401617.442402702] [KortexMultiInterfaceHardware]: No controller active in LOW_LEVEL_SERVOING mode !
[ros2_control_node-1] [DEBUG] [1765401617.442631057] [KortexMultiInterfaceHardware]: No controller active in LOW_LEVEL_SERVOING mode !
[ros2_control_node-1] [DEBUG] [1765401617.442973727] [KortexMultiInterfaceHardware]: No controller active in LOW_LEVEL_SERVOING mode !
[ros2_control_node-1] [DEBUG] [1765401617.443213399] [KortexMultiInterfaceHardware]: No controller active in LOW_LEVEL_SERVOING mode !
[ros2_control_node-1] [DEBUG] [1765401617.443462387] [KortexMultiInterfaceHardware]: No controller active in LOW_LEVEL_SERVOING mode !
[ros2_control_node-1] [DEBUG] [1765401617.443957944] [KortexMultiInterfaceHardware]: No controller active in LOW_LEVEL_SERVOING mode !
[ros2_control_node-1] [DEBUG] [1765401617.444213016] [KortexMultiInterfaceHardware]: No controller active in LOW_LEVEL_SERVOING mode !
[ros2_control_node-1] [DEBUG] [1765401617.444484906] [KortexMultiInterfaceHardware]: No controller active in LOW_LEVEL_SERVOING mode !
[ros2_control_node-1] [DEBUG] [1765401617.444920067] [KortexMultiInterfaceHardware]: No controller active in LOW_LEVEL_SERVOING mode !
[ros2_control_node-1] [DEBUG] [1765401617.445150271] [KortexMultiInterfaceHardware]: No controller active in LOW_LEVEL_SERVOING mode !
[ros2_control_node-1] [DEBUG] [1765401617.445400294] [KortexMultiInterfaceHardware]: No controller active in LOW_LEVEL_SERVOING mode !
[ros2_control_node-1] [DEBUG] [1765401617.445628925] [KortexMultiInterfaceHardware]: No controller active in LOW_LEVEL_SERVOING mode !
[ros2_control_node-1] [DEBUG] [1765401617.445942664] [KortexMultiInterfaceHardware]: No controller active in LOW_LEVEL_SERVOING mode !
[ros2_control_node-1] [DEBUG] [1765401617.446172508] [KortexMultiInterfaceHardware]: No controller active in LOW_LEVEL_SERVOING mode !
[ros2_control_node-1] [DEBUG] [1765401617.446420623] [KortexMultiInterfaceHardware]: No controller active in LOW_LEVEL_SERVOING mode !
[ros2_control_node-1] [DEBUG] [1765401617.446649606] [KortexMultiInterfaceHardware]: No controller active in LOW_LEVEL_SERVOING mode !
[ros2_control_node-1] [DEBUG] [1765401617.446947187] [KortexMultiInterfaceHardware]: No controller active in LOW_LEVEL_SERVOING mode !
[ros2_control_node-1] [DEBUG] [1765401617.447170926] [KortexMultiInterfaceHardware]: No controller active in LOW_LEVEL_SERVOING mode !
[ros2_control_node-1] [DEBUG] [1765401617.447420836] [KortexMultiInterfaceHardware]: No controller active in LOW_LEVEL_SERVOING mode !
[ros2_control_node-1] [DEBUG] [1765401617.447649355] [KortexMultiInterfaceHardware]: No controller active in LOW_LEVEL_SERVOING mode !
[ros2_control_node-1] [DEBUG] [1765401617.447947546] [KortexMultiInterfaceHardware]: No controller active in LOW_LEVEL_SERVOING mode !
[ros2_control_node-1] [DEBUG] [1765401617.448191535] [KortexMultiInterfaceHardware]: No controller active in LOW_LEVEL_SERVOING mode !
[ros2_control_node-1] [DEBUG] [1765401617.448441565] [KortexMultiInterfaceHardware]: No controller active in LOW_LEVEL_SERVOING mode !
[ros2_control_node-1] [DEBUG] [1765401617.448670626] [KortexMultiInterfaceHardware]: No controller active in LOW_LEVEL_SERVOING mode !
[ros2_control_node-1] [DEBUG] [1765401617.448942275] [KortexMultiInterfaceHardware]: No controller active in LOW_LEVEL_SERVOING mode !
[ros2_control_node-1] [DEBUG] [1765401617.449170441] [KortexMultiInterfaceHardware]: No controller active in LOW_LEVEL_SERVOING mode !
[ros2_control_node-1] [DEBUG] [1765401617.449420227] [KortexMultiInterfaceHardware]: No controller active in LOW_LEVEL_SERVOING mode !
[ros2_control_node-1] [DEBUG] [1765401617.449649285] [KortexMultiInterfaceHardware]: No controller active in LOW_LEVEL_SERVOING mode !
[ros2_control_node-1] [DEBUG] [1765401617.449941885] [KortexMultiInterfaceHardware]: No controller active in LOW_LEVEL_SERVOING mode !
[ros2_control_node-1] [DEBUG] [1765401617.450170501] [KortexMultiInterfaceHardware]: No controller active in LOW_LEVEL_SERVOING mode !
[ros2_control_node-1] [DEBUG] [1765401617.450420720] [KortexMultiInterfaceHardware]: No controller active in LOW_LEVEL_SERVOING mode !
[ros2_control_node-1] [DEBUG] [1765401617.450650038] [KortexMultiInterfaceHardware]: No controller active in LOW_LEVEL_SERVOING mode !
[ros2_control_node-1] [DEBUG] [1765401617.450941843] [KortexMultiInterfaceHardware]: No controller active in LOW_LEVEL_SERVOING mode !
[ros2_control_node-1] [DEBUG] [1765401617.451175374] [KortexMultiInterfaceHardware]: No controller active in LOW_LEVEL_SERVOING mode !
[ros2_control_node-1] [DEBUG] [1765401617.451421092] [KortexMultiInterfaceHardware]: No controller active in LOW_LEVEL_SERVOING mode !
[ros2_control_node-1] [DEBUG] [1765401617.451649747] [KortexMultiInterfaceHardware]: No controller active in LOW_LEVEL_SERVOING mode !
[ros2_control_node-1] [DEBUG] [1765401617.451943732] [KortexMultiInterfaceHardware]: No controller active in LOW_LEVEL_SERVOING mode !
[ros2_control_node-1] [DEBUG] [1765401617.452173191] [KortexMultiInterfaceHardware]: No controller active in LOW_LEVEL_SERVOING mode !
[ros2_control_node-1] [DEBUG] [1765401617.452421739] [KortexMultiInterfaceHardware]: No controller active in LOW_LEVEL_SERVOING mode !
[ros2_control_node-1] [DEBUG] [1765401617.452650317] [KortexMultiInterfaceHardware]: No controller active in LOW_LEVEL_SERVOING mode !
[ros2_control_node-1] [DEBUG] [1765401617.452941949] [KortexMultiInterfaceHardware]: No controller active in LOW_LEVEL_SERVOING mode !
[ros2_control_node-1] [DEBUG] [1765401617.453171432] [KortexMultiInterfaceHardware]: No controller active in LOW_LEVEL_SERVOING mode !
[ros2_control_node-1] [DEBUG] [1765401617.453421166] [KortexMultiInterfaceHardware]: No controller active in LOW_LEVEL_SERVOING mode !
[ros2_control_node-1] [DEBUG] [1765401617.453652777] [KortexMultiInterfaceHardware]: No controller active in LOW_LEVEL_SERVOING mode !
[ros2_control_node-1] [DEBUG] [1765401617.453951680] [KortexMultiInterfaceHardware]: No controller active in LOW_LEVEL_SERVOING mode !
[ros2_control_node-1] [DEBUG] [1765401617.454176935] [KortexMultiInterfaceHardware]: No controller active in LOW_LEVEL_SERVOING mode !
[ros2_control_node-1] [DEBUG] [1765401617.454447094] [KortexMultiInterfaceHardware]: No controller active in LOW_LEVEL_SERVOING mode !
[ros2_control_node-1] [DEBUG] [1765401617.454673113] [KortexMultiInterfaceHardware]: No controller active in LOW_LEVEL_SERVOING mode !
[ros2_control_node-1] [DEBUG] [1765401617.454965246] [KortexMultiInterfaceHardware]: No controller active in LOW_LEVEL_SERVOING mode !
[ros2_control_node-1] [DEBUG] [1765401617.455215564] [KortexMultiInterfaceHardware]: No controller active in LOW_LEVEL_SERVOING mode !
[ros2_control_node-1] [DEBUG] [1765401617.455463943] [KortexMultiInterfaceHardware]: No controller active in LOW_LEVEL_SERVOING mode !
[ros2_control_node-1] [DEBUG] [1765401617.455969424] [KortexMultiInterfaceHardware]: No controller active in LOW_LEVEL_SERVOING mode !
[ros2_control_node-1] [DEBUG] [1765401617.456236706] [KortexMultiInterfaceHardware]: No controller active in LOW_LEVEL_SERVOING mode !
[ros2_control_node-1] [DEBUG] [1765401617.456464143] [KortexMultiInterfaceHardware]: No controller active in LOW_LEVEL_SERVOING mode !
[ros2_control_node-1] [DEBUG] [1765401617.456967638] [KortexMultiInterfaceHardware]: No controller active in LOW_LEVEL_SERVOING mode !
[ros2_control_node-1] [DEBUG] [1765401617.457233929] [KortexMultiInterfaceHardware]: No controller active in LOW_LEVEL_SERVOING mode !
[ros2_control_node-1] [DEBUG] [1765401617.457484439] [KortexMultiInterfaceHardware]: No controller active in LOW_LEVEL_SERVOING mode !
[ros2_control_node-1] [DEBUG] [1765401617.457980074] [KortexMultiInterfaceHardware]: No controller active in LOW_LEVEL_SERVOING mode !
[ros2_control_node-1] [DEBUG] [1765401617.458256897] [KortexMultiInterfaceHardware]: No controller active in LOW_LEVEL_SERVOING mode !
[ros2_control_node-1] [DEBUG] [1765401617.458489454] [KortexMultiInterfaceHardware]: No controller active in LOW_LEVEL_SERVOING mode !
[ros2_control_node-1] [DEBUG] [1765401617.458966544] [KortexMultiInterfaceHardware]: No controller active in LOW_LEVEL_SERVOING mode !
[ros2_control_node-1] [DEBUG] [1765401617.459257347] [KortexMultiInterfaceHardware]: No controller active in LOW_LEVEL_SERVOING mode !
[ros2_control_node-1] [DEBUG] [1765401617.459505943] [KortexMultiInterfaceHardware]: No controller active in LOW_LEVEL_SERVOING mode !
[ros2_control_node-1] [DEBUG] [1765401617.460001449] [KortexMultiInterfaceHardware]: No controller active in LOW_LEVEL_SERVOING mode !
[ros2_control_node-1] [DEBUG] [1765401617.460256613] [KortexMultiInterfaceHardware]: No controller active in LOW_LEVEL_SERVOING mode !
[ros2_control_node-1] [DEBUG] [1765401617.460505332] [KortexMultiInterfaceHardware]: No controller active in LOW_LEVEL_SERVOING mode !
[ros2_control_node-1] [DEBUG] [1765401617.460957554] [KortexMultiInterfaceHardware]: No controller active in LOW_LEVEL_SERVOING mode !
[ros2_control_node-1] [DEBUG] [1765401617.461215019] [KortexMultiInterfaceHardware]: No controller active in LOW_LEVEL_SERVOING mode !
[ros2_control_node-1] [DEBUG] [1765401617.461447806] [KortexMultiInterfaceHardware]: No controller active in LOW_LEVEL_SERVOING mode !
[ros2_control_node-1] [DEBUG] [1765401617.461675094] [KortexMultiInterfaceHardware]: No controller active in LOW_LEVEL_SERVOING mode !
[ros2_control_node-1] [DEBUG] [1765401617.461945260] [KortexMultiInterfaceHardware]: No controller active in LOW_LEVEL_SERVOING mode !
[ros2_control_node-1] [DEBUG] [1765401617.462173247] [KortexMultiInterfaceHardware]: No controller active in LOW_LEVEL_SERVOING mode !
[ros2_control_node-1] [DEBUG] [1765401617.462445980] [KortexMultiInterfaceHardware]: No controller active in LOW_LEVEL_SERVOING mode !
[ros2_control_node-1] [DEBUG] [1765401617.462672486] [KortexMultiInterfaceHardware]: No controller active in LOW_LEVEL_SERVOING mode !
[ros2_control_node-1] [DEBUG] [1765401617.462944788] [KortexMultiInterfaceHardware]: No controller active in LOW_LEVEL_SERVOING mode !
[ros2_control_node-1] [DEBUG] [1765401617.463173144] [KortexMultiInterfaceHardware]: No controller active in LOW_LEVEL_SERVOING mode !
[ros2_control_node-1] [DEBUG] [1765401617.463423326] [KortexMultiInterfaceHardware]: No controller active in LOW_LEVEL_SERVOING mode !
[ros2_control_node-1] [DEBUG] [1765401617.463654194] [KortexMultiInterfaceHardware]: No controller active in LOW_LEVEL_SERVOING mode !
[ros2_control_node-1] [DEBUG] [1765401617.463945133] [KortexMultiInterfaceHardware]: No controller active in LOW_LEVEL_SERVOING mode !
[ros2_control_node-1] [DEBUG] [1765401617.464174191] [KortexMultiInterfaceHardware]: No controller active in LOW_LEVEL_SERVOING mode !
[ros2_control_node-1] [DEBUG] [1765401617.464423692] [KortexMultiInterfaceHardware]: No controller active in LOW_LEVEL_SERVOING mode !
[ros2_control_node-1] [DEBUG] [1765401617.464651790] [KortexMultiInterfaceHardware]: No controller active in LOW_LEVEL_SERVOING mode !
[ros2_control_node-1] [DEBUG] [1765401617.464942633] [KortexMultiInterfaceHardware]: No controller active in LOW_LEVEL_SERVOING mode !
[ros2_control_node-1] [DEBUG] [1765401617.465173666] [KortexMultiInterfaceHardware]: No controller active in LOW_LEVEL_SERVOING mode !
[ros2_control_node-1] [DEBUG] [1765401617.465423443] [KortexMultiInterfaceHardware]: No controller active in LOW_LEVEL_SERVOING mode !
[ros2_control_node-1] [DEBUG] [1765401617.465675312] [KortexMultiInterfaceHardware]: No controller active in LOW_LEVEL_SERVOING mode !
[ros2_control_node-1] [DEBUG] [1765401617.465944855] [KortexMultiInterfaceHardware]: No controller active in LOW_LEVEL_SERVOING mode !
[ros2_control_node-1] [DEBUG] [1765401617.466172354] [KortexMultiInterfaceHardware]: No controller active in LOW_LEVEL_SERVOING mode !
[ros2_control_node-1] [DEBUG] [1765401617.466423407] [KortexMultiInterfaceHardware]: No controller active in LOW_LEVEL_SERVOING mode !
[ros2_control_node-1] [DEBUG] [1765401617.466652716] [KortexMultiInterfaceHardware]: No controller active in LOW_LEVEL_SERVOING mode !
[ros2_control_node-1] [DEBUG] [1765401617.466943045] [KortexMultiInterfaceHardware]: No controller active in LOW_LEVEL_SERVOING mode !
[ros2_control_node-1] [DEBUG] [1765401617.467173576] [KortexMultiInterfaceHardware]: No controller active in LOW_LEVEL_SERVOING mode !
[ros2_control_node-1] [DEBUG] [1765401617.467423232] [KortexMultiInterfaceHardware]: No controller active in LOW_LEVEL_SERVOING mode !
[ros2_control_node-1] [DEBUG] [1765401617.467652173] [KortexMultiInterfaceHardware]: No controller active in LOW_LEVEL_SERVOING mode !
[ros2_control_node-1] [DEBUG] [1765401617.467944263] [KortexMultiInterfaceHardware]: No controller active in LOW_LEVEL_SERVOING mode !
[ros2_control_node-1] [DEBUG] [1765401617.468172749] [KortexMultiInterfaceHardware]: No controller active in LOW_LEVEL_SERVOING mode !
[ros2_control_node-1] [DEBUG] [1765401617.468423737] [KortexMultiInterfaceHardware]: No controller active in LOW_LEVEL_SERVOING mode !
[ros2_control_node-1] [DEBUG] [1765401617.468651874] [KortexMultiInterfaceHardware]: No controller active in LOW_LEVEL_SERVOING mode !
[ros2_control_node-1] [DEBUG] [1765401617.468967265] [KortexMultiInterfaceHardware]: No controller active in LOW_LEVEL_SERVOING mode !
[ros2_control_node-1] [DEBUG] [1765401617.469215441] [KortexMultiInterfaceHardware]: No controller active in LOW_LEVEL_SERVOING mode !
[ros2_control_node-1] [DEBUG] [1765401617.469463855] [KortexMultiInterfaceHardware]: No controller active in LOW_LEVEL_SERVOING mode !
[ros2_control_node-1] [DEBUG] [1765401617.469961867] [KortexMultiInterfaceHardware]: No controller active in LOW_LEVEL_SERVOING mode !
[ros2_control_node-1] [DEBUG] [1765401617.470307081] [KortexMultiInterfaceHardware]: No controller active in LOW_LEVEL_SERVOING mode !
[ros2_control_node-1] [DEBUG] [1765401617.470574313] [KortexMultiInterfaceHardware]: No controller active in LOW_LEVEL_SERVOING mode !
[ros2_control_node-1] [DEBUG] [1765401617.471030739] [KortexMultiInterfaceHardware]: No controller active in LOW_LEVEL_SERVOING mode !
[ros2_control_node-1] [DEBUG] [1765401617.471324955] [KortexMultiInterfaceHardware]: No controller active in LOW_LEVEL_SERVOING mode !
[ros2_control_node-1] [DEBUG] [1765401617.471614141] [KortexMultiInterfaceHardware]: No controller active in LOW_LEVEL_SERVOING mode !
[ros2_control_node-1] [DEBUG] [1765401617.471990505] [KortexMultiInterfaceHardware]: No controller active in LOW_LEVEL_SERVOING mode !
[ros2_control_node-1] [DEBUG] [1765401617.472276733] [KortexMultiInterfaceHardware]: No controller active in LOW_LEVEL_SERVOING mode !
[ros2_control_node-1] [DEBUG] [1765401617.472547482] [KortexMultiInterfaceHardware]: No controller active in LOW_LEVEL_SERVOING mode !
[ros2_control_node-1] [DEBUG] [1765401617.473015716] [KortexMultiInterfaceHardware]: No controller active in LOW_LEVEL_SERVOING mode !
[ros2_control_node-1] [DEBUG] [1765401617.473303928] [KortexMultiInterfaceHardware]: No controller active in LOW_LEVEL_SERVOING mode !
[ros2_control_node-1] [DEBUG] [1765401617.473551330] [KortexMultiInterfaceHardware]: No controller active in LOW_LEVEL_SERVOING mode !
[ros2_control_node-1] [DEBUG] [1765401617.473972623] [KortexMultiInterfaceHardware]: No controller active in LOW_LEVEL_SERVOING mode !
[ros2_control_node-1] [DEBUG] [1765401617.474236369] [KortexMultiInterfaceHardware]: No controller active in LOW_LEVEL_SERVOING mode !
[ros2_control_node-1] [DEBUG] [1765401617.474486286] [KortexMultiInterfaceHardware]: No controller active in LOW_LEVEL_SERVOING mode !
[ros2_control_node-1] [DEBUG] [1765401617.474956024] [KortexMultiInterfaceHardware]: No controller active in LOW_LEVEL_SERVOING mode !
[ros2_control_node-1] [DEBUG] [1765401617.475195214] [KortexMultiInterfaceHardware]: No controller active in LOW_LEVEL_SERVOING mode !
[ros2_control_node-1] [DEBUG] [1765401617.475444351] [KortexMultiInterfaceHardware]: No controller active in LOW_LEVEL_SERVOING mode !
[ros2_control_node-1] [DEBUG] [1765401617.475673595] [KortexMultiInterfaceHardware]: No controller active in LOW_LEVEL_SERVOING mode !
[ros2_control_node-1] [DEBUG] [1765401617.475946912] [KortexMultiInterfaceHardware]: No controller active in LOW_LEVEL_SERVOING mode !
[ros2_control_node-1] [DEBUG] [1765401617.476193957] [KortexMultiInterfaceHardware]: No controller active in LOW_LEVEL_SERVOING mode !
[ros2_control_node-1] [DEBUG] [1765401617.476444935] [KortexMultiInterfaceHardware]: No controller active in LOW_LEVEL_SERVOING mode !
[ros2_control_node-1] [DEBUG] [1765401617.476673491] [KortexMultiInterfaceHardware]: No controller active in LOW_LEVEL_SERVOING mode !
[ros2_control_node-1] [DEBUG] [1765401617.476970792] [KortexMultiInterfaceHardware]: No controller active in LOW_LEVEL_SERVOING mode !
[ros2_control_node-1] [DEBUG] [1765401617.477216578] [KortexMultiInterfaceHardware]: No controller active in LOW_LEVEL_SERVOING mode !
[ros2_control_node-1] [DEBUG] [1765401617.477464079] [KortexMultiInterfaceHardware]: No controller active in LOW_LEVEL_SERVOING mode !
[ros2_control_node-1] [DEBUG] [1765401617.477907234] [KortexMultiInterfaceHardware]: No controller active in LOW_LEVEL_SERVOING mode !
[ros2_control_node-1] [DEBUG] [1765401617.478173789] [KortexMultiInterfaceHardware]: No controller active in LOW_LEVEL_SERVOING mode !
[ros2_control_node-1] [DEBUG] [1765401617.478423467] [KortexMultiInterfaceHardware]: No controller active in LOW_LEVEL_SERVOING mode !
[ros2_control_node-1] [DEBUG] [1765401617.478652808] [KortexMultiInterfaceHardware]: No controller active in LOW_LEVEL_SERVOING mode !
[ros2_control_node-1] [DEBUG] [1765401617.478946035] [KortexMultiInterfaceHardware]: No controller active in LOW_LEVEL_SERVOING mode !
[ros2_control_node-1] [DEBUG] [1765401617.479194058] [KortexMultiInterfaceHardware]: No controller active in LOW_LEVEL_SERVOING mode !
[ros2_control_node-1] [DEBUG] [1765401617.479423330] [KortexMultiInterfaceHardware]: No controller active in LOW_LEVEL_SERVOING mode !
[ros2_control_node-1] [DEBUG] [1765401617.479652465] [KortexMultiInterfaceHardware]: No controller active in LOW_LEVEL_SERVOING mode !
[ros2_control_node-1] [DEBUG] [1765401617.479946137] [KortexMultiInterfaceHardware]: No controller active in LOW_LEVEL_SERVOING mode !
[ros2_control_node-1] [DEBUG] [1765401617.480194897] [KortexMultiInterfaceHardware]: No controller active in LOW_LEVEL_SERVOING mode !
[ros2_control_node-1] [DEBUG] [1765401617.480449975] [KortexMultiInterfaceHardware]: No controller active in LOW_LEVEL_SERVOING mode !
[ros2_control_node-1] [DEBUG] [1765401617.480893159] [KortexMultiInterfaceHardware]: No controller active in LOW_LEVEL_SERVOING mode !
[ros2_control_node-1] [DEBUG] [1765401617.481155643] [KortexMultiInterfaceHardware]: No controller active in LOW_LEVEL_SERVOING mode !
[ros2_control_node-1] [DEBUG] [1765401617.481405791] [KortexMultiInterfaceHardware]: No controller active in LOW_LEVEL_SERVOING mode !
[ros2_control_node-1] [DEBUG] [1765401617.481634384] [KortexMultiInterfaceHardware]: No controller active in LOW_LEVEL_SERVOING mode !
[ros2_control_node-1] [DEBUG] [1765401617.481946063] [KortexMultiInterfaceHardware]: No controller active in LOW_LEVEL_SERVOING mode !
[ros2_control_node-1] [DEBUG] [1765401617.482194376] [KortexMultiInterfaceHardware]: No controller active in LOW_LEVEL_SERVOING mode !
[ros2_control_node-1] [DEBUG] [1765401617.482459128] [KortexMultiInterfaceHardware]: No controller active in LOW_LEVEL_SERVOING mode !
[ros2_control_node-1] [DEBUG] [1765401617.482911191] [KortexMultiInterfaceHardware]: No controller active in LOW_LEVEL_SERVOING mode !
[ros2_control_node-1] [DEBUG] [1765401617.483216625] [KortexMultiInterfaceHardware]: No controller active in LOW_LEVEL_SERVOING mode !
[ros2_control_node-1] [DEBUG] [1765401617.483464432] [KortexMultiInterfaceHardware]: No controller active in LOW_LEVEL_SERVOING mode !
[ros2_control_node-1] [DEBUG] [1765401617.483991986] [KortexMultiInterfaceHardware]: No controller active in LOW_LEVEL_SERVOING mode !
[ros2_control_node-1] [DEBUG] [1765401617.484284724] [KortexMultiInterfaceHardware]: No controller active in LOW_LEVEL_SERVOING mode !
[ros2_control_node-1] [DEBUG] [1765401617.484580871] [KortexMultiInterfaceHardware]: No controller active in LOW_LEVEL_SERVOING mode !
[ros2_control_node-1] [DEBUG] [1765401617.484973530] [KortexMultiInterfaceHardware]: No controller active in LOW_LEVEL_SERVOING mode !
[ros2_control_node-1] [DEBUG] [1765401617.485257518] [KortexMultiInterfaceHardware]: No controller active in LOW_LEVEL_SERVOING mode !
[ros2_control_node-1] [DEBUG] [1765401617.485506643] [KortexMultiInterfaceHardware]: No controller active in LOW_LEVEL_SERVOING mode !
[ros2_control_node-1] [DEBUG] [1765401617.485976694] [KortexMultiInterfaceHardware]: No controller active in LOW_LEVEL_SERVOING mode !
[ros2_control_node-1] [DEBUG] [1765401617.486215447] [KortexMultiInterfaceHardware]: No controller active in LOW_LEVEL_SERVOING mode !
[ros2_control_node-1] [DEBUG] [1765401617.486448477] [KortexMultiInterfaceHardware]: No controller active in LOW_LEVEL_SERVOING mode !
[ros2_control_node-1] [DEBUG] [1765401617.486922216] [KortexMultiInterfaceHardware]: No controller active in LOW_LEVEL_SERVOING mode !
[ros2_control_node-1] [DEBUG] [1765401617.487215770] [KortexMultiInterfaceHardware]: No controller active in LOW_LEVEL_SERVOING mode !
[ros2_control_node-1] [DEBUG] [1765401617.487464382] [KortexMultiInterfaceHardware]: No controller active in LOW_LEVEL_SERVOING mode !
[ros2_control_node-1] [DEBUG] [1765401617.487987613] [KortexMultiInterfaceHardware]: No controller active in LOW_LEVEL_SERVOING mode !
[ros2_control_node-1] [DEBUG] [1765401617.488235776] [KortexMultiInterfaceHardware]: No controller active in LOW_LEVEL_SERVOING mode !
[ros2_control_node-1] [DEBUG] [1765401617.488484749] [KortexMultiInterfaceHardware]: No controller active in LOW_LEVEL_SERVOING mode !
[ros2_control_node-1] [DEBUG] [1765401617.488981080] [KortexMultiInterfaceHardware]: No controller active in LOW_LEVEL_SERVOING mode !
[ros2_control_node-1] [DEBUG] [1765401617.489216271] [KortexMultiInterfaceHardware]: No controller active in LOW_LEVEL_SERVOING mode !
[ros2_control_node-1] [DEBUG] [1765401617.489464636] [KortexMultiInterfaceHardware]: No controller active in LOW_LEVEL_SERVOING mode !
[ros2_control_node-1] [DEBUG] [1765401617.489965859] [KortexMultiInterfaceHardware]: No controller active in LOW_LEVEL_SERVOING mode !
[ros2_control_node-1] [DEBUG] [1765401617.490215512] [KortexMultiInterfaceHardware]: No controller active in LOW_LEVEL_SERVOING mode !
[ros2_control_node-1] [DEBUG] [1765401617.490463711] [KortexMultiInterfaceHardware]: No controller active in LOW_LEVEL_SERVOING mode !
[ros2_control_node-1] [DEBUG] [1765401617.490998790] [KortexMultiInterfaceHardware]: No controller active in LOW_LEVEL_SERVOING mode !
[ros2_control_node-1] [DEBUG] [1765401617.491235643] [KortexMultiInterfaceHardware]: No controller active in LOW_LEVEL_SERVOING mode !
[ros2_control_node-1] [DEBUG] [1765401617.491484998] [KortexMultiInterfaceHardware]: No controller active in LOW_LEVEL_SERVOING mode !
[ros2_control_node-1] [DEBUG] [1765401617.491985707] [KortexMultiInterfaceHardware]: No controller active in LOW_LEVEL_SERVOING mode !
[ros2_control_node-1] [DEBUG] [1765401617.492235431] [KortexMultiInterfaceHardware]: No controller active in LOW_LEVEL_SERVOING mode !
[ros2_control_node-1] [DEBUG] [1765401617.492484303] [KortexMultiInterfaceHardware]: No controller active in LOW_LEVEL_SERVOING mode !
[ros2_control_node-1] [DEBUG] [1765401617.492947164] [KortexMultiInterfaceHardware]: No controller active in LOW_LEVEL_SERVOING mode !
[ros2_control_node-1] [DEBUG] [1765401617.493221031] [KortexMultiInterfaceHardware]: No controller active in LOW_LEVEL_SERVOING mode !
[ros2_control_node-1] [DEBUG] [1765401617.493483310] [KortexMultiInterfaceHardware]: No controller active in LOW_LEVEL_SERVOING mode !
[ros2_control_node-1] [DEBUG] [1765401617.493987692] [KortexMultiInterfaceHardware]: No controller active in LOW_LEVEL_SERVOING mode !
[ros2_control_node-1] [DEBUG] [1765401617.494236239] [KortexMultiInterfaceHardware]: No controller active in LOW_LEVEL_SERVOING mode !
[ros2_control_node-1] [DEBUG] [1765401617.494485301] [KortexMultiInterfaceHardware]: No controller active in LOW_LEVEL_SERVOING mode !
[ros2_control_node-1] [DEBUG] [1765401617.494994631] [KortexMultiInterfaceHardware]: No controller active in LOW_LEVEL_SERVOING mode !
[ros2_control_node-1] [DEBUG] [1765401617.495236852] [KortexMultiInterfaceHardware]: No controller active in LOW_LEVEL_SERVOING mode !
[ros2_control_node-1] [DEBUG] [1765401617.495463924] [KortexMultiInterfaceHardware]: No controller active in LOW_LEVEL_SERVOING mode !
[ros2_control_node-1] [DEBUG] [1765401617.496006727] [KortexMultiInterfaceHardware]: No controller active in LOW_LEVEL_SERVOING mode !
[ros2_control_node-1] [DEBUG] [1765401617.496253610] [KortexMultiInterfaceHardware]: No controller active in LOW_LEVEL_SERVOING mode !
[ros2_control_node-1] [DEBUG] [1765401617.496481051] [KortexMultiInterfaceHardware]: No controller active in LOW_LEVEL_SERVOING mode !
[ros2_control_node-1] [DEBUG] [1765401617.496982616] [KortexMultiInterfaceHardware]: No controller active in LOW_LEVEL_SERVOING mode !
[ros2_control_node-1] [DEBUG] [1765401617.497242294] [KortexMultiInterfaceHardware]: No controller active in LOW_LEVEL_SERVOING mode !
[ros2_control_node-1] [DEBUG] [1765401617.497490391] [KortexMultiInterfaceHardware]: No controller active in LOW_LEVEL_SERVOING mode !
[ros2_control_node-1] [DEBUG] [1765401617.497970816] [KortexMultiInterfaceHardware]: No controller active in LOW_LEVEL_SERVOING mode !
[ros2_control_node-1] [DEBUG] [1765401617.498230580] [KortexMultiInterfaceHardware]: No controller active in LOW_LEVEL_SERVOING mode !
[ros2_control_node-1] [DEBUG] [1765401617.498482265] [KortexMultiInterfaceHardware]: No controller active in LOW_LEVEL_SERVOING mode !
[ros2_control_node-1] [DEBUG] [1765401617.498980656] [KortexMultiInterfaceHardware]: No controller active in LOW_LEVEL_SERVOING mode !
[ros2_control_node-1] [DEBUG] [1765401617.499211636] [KortexMultiInterfaceHardware]: No controller active in LOW_LEVEL_SERVOING mode !
[ros2_control_node-1] [DEBUG] [1765401617.499461204] [KortexMultiInterfaceHardware]: No controller active in LOW_LEVEL_SERVOING mode !
[ros2_control_node-1] [DEBUG] [1765401617.499955209] [KortexMultiInterfaceHardware]: No controller active in LOW_LEVEL_SERVOING mode !
[ros2_control_node-1] [DEBUG] [1765401617.500190491] [KortexMultiInterfaceHardware]: No controller active in LOW_LEVEL_SERVOING mode !
[ros2_control_node-1] [DEBUG] [1765401617.500419481] [KortexMultiInterfaceHardware]: No controller active in LOW_LEVEL_SERVOING mode !
[ros2_control_node-1] [DEBUG] [1765401617.500675885] [KortexMultiInterfaceHardware]: No controller active in LOW_LEVEL_SERVOING mode !
[ros2_control_node-1] [DEBUG] [1765401617.500944806] [KortexMultiInterfaceHardware]: No controller active in LOW_LEVEL_SERVOING mode !
[ros2_control_node-1] [DEBUG] [1765401617.501189750] [KortexMultiInterfaceHardware]: No controller active in LOW_LEVEL_SERVOING mode !
[ros2_control_node-1] [DEBUG] [1765401617.501442278] [KortexMultiInterfaceHardware]: No controller active in LOW_LEVEL_SERVOING mode !
[ros2_control_node-1] [DEBUG] [1765401617.501911494] [KortexMultiInterfaceHardware]: No controller active in LOW_LEVEL_SERVOING mode !
[ros2_control_node-1] [DEBUG] [1765401617.502148354] [KortexMultiInterfaceHardware]: No controller active in LOW_LEVEL_SERVOING mode !
[ros2_control_node-1] [DEBUG] [1765401617.502397972] [KortexMultiInterfaceHardware]: No controller active in LOW_LEVEL_SERVOING mode !
[ros2_control_node-1] [DEBUG] [1765401617.502627340] [KortexMultiInterfaceHardware]: No controller active in LOW_LEVEL_SERVOING mode !
[ros2_control_node-1] [DEBUG] [1765401617.502941449] [KortexMultiInterfaceHardware]: No controller active in LOW_LEVEL_SERVOING mode !
[ros2_control_node-1] [DEBUG] [1765401617.503190447] [KortexMultiInterfaceHardware]: No controller active in LOW_LEVEL_SERVOING mode !
[ros2_control_node-1] [DEBUG] [1765401617.503418881] [KortexMultiInterfaceHardware]: No controller active in LOW_LEVEL_SERVOING mode !
[ros2_control_node-1] [DEBUG] [1765401617.503648396] [KortexMultiInterfaceHardware]: No controller active in LOW_LEVEL_SERVOING mode !
[ros2_control_node-1] [DEBUG] [1765401617.503941392] [KortexMultiInterfaceHardware]: No controller active in LOW_LEVEL_SERVOING mode !
[ros2_control_node-1] [DEBUG] [1765401617.504190038] [KortexMultiInterfaceHardware]: No controller active in LOW_LEVEL_SERVOING mode !
[ros2_control_node-1] [DEBUG] [1765401617.504419119] [KortexMultiInterfaceHardware]: No controller active in LOW_LEVEL_SERVOING mode !
[ros2_control_node-1] [DEBUG] [1765401617.504647989] [KortexMultiInterfaceHardware]: No controller active in LOW_LEVEL_SERVOING mode !
[ros2_control_node-1] [DEBUG] [1765401617.504964743] [KortexMultiInterfaceHardware]: No controller active in LOW_LEVEL_SERVOING mode !
[ros2_control_node-1] [DEBUG] [1765401617.505210843] [KortexMultiInterfaceHardware]: No controller active in LOW_LEVEL_SERVOING mode !
[ros2_control_node-1] [DEBUG] [1765401617.505460221] [KortexMultiInterfaceHardware]: No controller active in LOW_LEVEL_SERVOING mode !
[ros2_control_node-1] [DEBUG] [1765401617.505878949] [KortexMultiInterfaceHardware]: No controller active in LOW_LEVEL_SERVOING mode !
[ros2_control_node-1] [DEBUG] [1765401617.506128210] [KortexMultiInterfaceHardware]: No controller active in LOW_LEVEL_SERVOING mode !
[ros2_control_node-1] [DEBUG] [1765401617.506378271] [KortexMultiInterfaceHardware]: No controller active in LOW_LEVEL_SERVOING mode !
[ros2_control_node-1] [DEBUG] [1765401617.506634608] [KortexMultiInterfaceHardware]: No controller active in LOW_LEVEL_SERVOING mode !
[ros2_control_node-1] [DEBUG] [1765401617.506945357] [KortexMultiInterfaceHardware]: No controller active in LOW_LEVEL_SERVOING mode !
[ros2_control_node-1] [DEBUG] [1765401617.507190280] [KortexMultiInterfaceHardware]: No controller active in LOW_LEVEL_SERVOING mode !
[ros2_control_node-1] [DEBUG] [1765401617.507441742] [KortexMultiInterfaceHardware]: No controller active in LOW_LEVEL_SERVOING mode !
[ros2_control_node-1] [DEBUG] [1765401617.507954477] [KortexMultiInterfaceHardware]: No controller active in LOW_LEVEL_SERVOING mode !
[ros2_control_node-1] [DEBUG] [1765401617.508211646] [KortexMultiInterfaceHardware]: No controller active in LOW_LEVEL_SERVOING mode !
[ros2_control_node-1] [DEBUG] [1765401617.508480254] [KortexMultiInterfaceHardware]: No controller active in LOW_LEVEL_SERVOING mode !
[ros2_control_node-1] [DEBUG] [1765401617.508977917] [KortexMultiInterfaceHardware]: No controller active in LOW_LEVEL_SERVOING mode !
[ros2_control_node-1] [DEBUG] [1765401617.509253098] [KortexMultiInterfaceHardware]: No controller active in LOW_LEVEL_SERVOING mode !
[ros2_control_node-1] [DEBUG] [1765401617.509502372] [KortexMultiInterfaceHardware]: No controller active in LOW_LEVEL_SERVOING mode !
[ros2_control_node-1] [DEBUG] [1765401617.509981973] [KortexMultiInterfaceHardware]: No controller active in LOW_LEVEL_SERVOING mode !
[ros2_control_node-1] [DEBUG] [1765401617.510232550] [KortexMultiInterfaceHardware]: No controller active in LOW_LEVEL_SERVOING mode !
[ros2_control_node-1] [DEBUG] [1765401617.510480577] [KortexMultiInterfaceHardware]: No controller active in LOW_LEVEL_SERVOING mode !
[ros2_control_node-1] [DEBUG] [1765401617.510931240] [KortexMultiInterfaceHardware]: No controller active in LOW_LEVEL_SERVOING mode !
[ros2_control_node-1] [DEBUG] [1765401617.511191538] [KortexMultiInterfaceHardware]: No controller active in LOW_LEVEL_SERVOING mode !
[ros2_control_node-1] [DEBUG] [1765401617.511419408] [KortexMultiInterfaceHardware]: No controller active in LOW_LEVEL_SERVOING mode !
[ros2_control_node-1] [DEBUG] [1765401617.511645364] [KortexMultiInterfaceHardware]: No controller active in LOW_LEVEL_SERVOING mode !
[ros2_control_node-1] [DEBUG] [1765401617.511944172] [KortexMultiInterfaceHardware]: No controller active in LOW_LEVEL_SERVOING mode !
[ros2_control_node-1] [DEBUG] [1765401617.512191787] [KortexMultiInterfaceHardware]: No controller active in LOW_LEVEL_SERVOING mode !
[ros2_control_node-1] [DEBUG] [1765401617.512419830] [KortexMultiInterfaceHardware]: No controller active in LOW_LEVEL_SERVOING mode !
[ros2_control_node-1] [DEBUG] [1765401617.512671492] [KortexMultiInterfaceHardware]: No controller active in LOW_LEVEL_SERVOING mode !
[ros2_control_node-1] [DEBUG] [1765401617.512942515] [KortexMultiInterfaceHardware]: No controller active in LOW_LEVEL_SERVOING mode !
[ros2_control_node-1] [DEBUG] [1765401617.513191273] [KortexMultiInterfaceHardware]: No controller active in LOW_LEVEL_SERVOING mode !
[ros2_control_node-1] [DEBUG] [1765401617.513441008] [KortexMultiInterfaceHardware]: No controller active in LOW_LEVEL_SERVOING mode !
[ros2_control_node-1] [DEBUG] [1765401617.513911372] [KortexMultiInterfaceHardware]: No controller active in LOW_LEVEL_SERVOING mode !
[ros2_control_node-1] [DEBUG] [1765401617.514202568] [KortexMultiInterfaceHardware]: No controller active in LOW_LEVEL_SERVOING mode !
[ros2_control_node-1] [DEBUG] [1765401617.514542359] [KortexMultiInterfaceHardware]: No controller active in LOW_LEVEL_SERVOING mode !
[ros2_control_node-1] [DEBUG] [1765401617.515027781] [KortexMultiInterfaceHardware]: No controller active in LOW_LEVEL_SERVOING mode !
[ros2_control_node-1] [DEBUG] [1765401617.515344819] [KortexMultiInterfaceHardware]: No controller active in LOW_LEVEL_SERVOING mode !
[ros2_control_node-1] [DEBUG] [1765401617.515672992] [KortexMultiInterfaceHardware]: No controller active in LOW_LEVEL_SERVOING mode !
[ros2_control_node-1] [DEBUG] [1765401617.516016329] [KortexMultiInterfaceHardware]: No controller active in LOW_LEVEL_SERVOING mode !
[ros2_control_node-1] [DEBUG] [1765401617.516347286] [KortexMultiInterfaceHardware]: No controller active in LOW_LEVEL_SERVOING mode !
[ros2_control_node-1] [DEBUG] [1765401617.516673750] [KortexMultiInterfaceHardware]: No controller active in LOW_LEVEL_SERVOING mode !
[ros2_control_node-1] [DEBUG] [1765401617.516978358] [KortexMultiInterfaceHardware]: No controller active in LOW_LEVEL_SERVOING mode !
[ros2_control_node-1] [DEBUG] [1765401617.517261550] [KortexMultiInterfaceHardware]: No controller active in LOW_LEVEL_SERVOING mode !
[ros2_control_node-1] [DEBUG] [1765401617.517528788] [KortexMultiInterfaceHardware]: No controller active in LOW_LEVEL_SERVOING mode !
[ros2_control_node-1] [DEBUG] [1765401617.517950417] [KortexMultiInterfaceHardware]: No controller active in LOW_LEVEL_SERVOING mode !
[ros2_control_node-1] [DEBUG] [1765401617.518217300] [KortexMultiInterfaceHardware]: No controller active in LOW_LEVEL_SERVOING mode !
[ros2_control_node-1] [DEBUG] [1765401617.518465462] [KortexMultiInterfaceHardware]: No controller active in LOW_LEVEL_SERVOING mode !
[ros2_control_node-1] [DEBUG] [1765401617.518956879] [KortexMultiInterfaceHardware]: No controller active in LOW_LEVEL_SERVOING mode !
[ros2_control_node-1] [DEBUG] [1765401617.519238628] [KortexMultiInterfaceHardware]: No controller active in LOW_LEVEL_SERVOING mode !
[ros2_control_node-1] [DEBUG] [1765401617.519486216] [KortexMultiInterfaceHardware]: No controller active in LOW_LEVEL_SERVOING mode !
[ros2_control_node-1] [DEBUG] [1765401617.519924690] [KortexMultiInterfaceHardware]: No controller active in LOW_LEVEL_SERVOING mode !
[ros2_control_node-1] [DEBUG] [1765401617.520195130] [KortexMultiInterfaceHardware]: No controller active in LOW_LEVEL_SERVOING mode !
[ros2_control_node-1] [DEBUG] [1765401617.520444502] [KortexMultiInterfaceHardware]: No controller active in LOW_LEVEL_SERVOING mode !
[ros2_control_node-1] [DEBUG] [1765401617.520938804] [KortexMultiInterfaceHardware]: No controller active in LOW_LEVEL_SERVOING mode !
[ros2_control_node-1] [DEBUG] [1765401617.521199558] [KortexMultiInterfaceHardware]: No controller active in LOW_LEVEL_SERVOING mode !
[ros2_control_node-1] [DEBUG] [1765401617.521466783] [KortexMultiInterfaceHardware]: No controller active in LOW_LEVEL_SERVOING mode !
[ros2_control_node-1] [DEBUG] [1765401617.521902661] [KortexMultiInterfaceHardware]: No controller active in LOW_LEVEL_SERVOING mode !
[ros2_control_node-1] [DEBUG] [1765401617.522153923] [KortexMultiInterfaceHardware]: No controller active in LOW_LEVEL_SERVOING mode !
[ros2_control_node-1] [DEBUG] [1765401617.522403411] [KortexMultiInterfaceHardware]: No controller active in LOW_LEVEL_SERVOING mode !
[ros2_control_node-1] [DEBUG] [1765401617.522652296] [KortexMultiInterfaceHardware]: No controller active in LOW_LEVEL_SERVOING mode !
[ros2_control_node-1] [DEBUG] [1765401617.522977981] [KortexMultiInterfaceHardware]: No controller active in LOW_LEVEL_SERVOING mode !
[ros2_control_node-1] [DEBUG] [1765401617.523236801] [KortexMultiInterfaceHardware]: No controller active in LOW_LEVEL_SERVOING mode !
[ros2_control_node-1] [DEBUG] [1765401617.523485351] [KortexMultiInterfaceHardware]: No controller active in LOW_LEVEL_SERVOING mode !
[ros2_control_node-1] [DEBUG] [1765401617.523925479] [KortexMultiInterfaceHardware]: No controller active in LOW_LEVEL_SERVOING mode !
[ros2_control_node-1] [DEBUG] [1765401617.524194877] [KortexMultiInterfaceHardware]: No controller active in LOW_LEVEL_SERVOING mode !
[ros2_control_node-1] [DEBUG] [1765401617.524465222] [KortexMultiInterfaceHardware]: No controller active in LOW_LEVEL_SERVOING mode !
[ros2_control_node-1] [DEBUG] [1765401617.524956551] [KortexMultiInterfaceHardware]: No controller active in LOW_LEVEL_SERVOING mode !
[ros2_control_node-1] [DEBUG] [1765401617.525219672] [KortexMultiInterfaceHardware]: No controller active in LOW_LEVEL_SERVOING mode !
[ros2_control_node-1] [DEBUG] [1765401617.525466101] [KortexMultiInterfaceHardware]: No controller active in LOW_LEVEL_SERVOING mode !
[ros2_control_node-1] [DEBUG] [1765401617.525956610] [KortexMultiInterfaceHardware]: No controller active in LOW_LEVEL_SERVOING mode !
[ros2_control_node-1] [DEBUG] [1765401617.526217612] [KortexMultiInterfaceHardware]: No controller active in LOW_LEVEL_SERVOING mode !
[ros2_control_node-1] [DEBUG] [1765401617.526467060] [KortexMultiInterfaceHardware]: No controller active in LOW_LEVEL_SERVOING mode !
[ros2_control_node-1] [DEBUG] [1765401617.526958990] [KortexMultiInterfaceHardware]: No controller active in LOW_LEVEL_SERVOING mode !
[ros2_control_node-1] [DEBUG] [1765401617.527218108] [KortexMultiInterfaceHardware]: No controller active in LOW_LEVEL_SERVOING mode !
[ros2_control_node-1] [DEBUG] [1765401617.527464069] [KortexMultiInterfaceHardware]: No controller active in LOW_LEVEL_SERVOING mode !
[ros2_control_node-1] [DEBUG] [1765401617.527904472] [KortexMultiInterfaceHardware]: No controller active in LOW_LEVEL_SERVOING mode !
[ros2_control_node-1] [DEBUG] [1765401617.528176343] [KortexMultiInterfaceHardware]: No controller active in LOW_LEVEL_SERVOING mode !
[ros2_control_node-1] [DEBUG] [1765401617.528441936] [KortexMultiInterfaceHardware]: No controller active in LOW_LEVEL_SERVOING mode !
[ros2_control_node-1] [DEBUG] [1765401617.528955231] [KortexMultiInterfaceHardware]: No controller active in LOW_LEVEL_SERVOING mode !
[ros2_control_node-1] [DEBUG] [1765401617.529210773] [KortexMultiInterfaceHardware]: No controller active in LOW_LEVEL_SERVOING mode !
[ros2_control_node-1] [DEBUG] [1765401617.529447630] [KortexMultiInterfaceHardware]: No controller active in LOW_LEVEL_SERVOING mode !
[ros2_control_node-1] [DEBUG] [1765401617.529968582] [KortexMultiInterfaceHardware]: No controller active in LOW_LEVEL_SERVOING mode !
[ros2_control_node-1] [DEBUG] [1765401617.530211772] [KortexMultiInterfaceHardware]: No controller active in LOW_LEVEL_SERVOING mode !
[ros2_control_node-1] [DEBUG] [1765401617.530438642] [KortexMultiInterfaceHardware]: No controller active in LOW_LEVEL_SERVOING mode !
[ros2_control_node-1] [DEBUG] [1765401617.530968328] [KortexMultiInterfaceHardware]: No controller active in LOW_LEVEL_SERVOING mode !
[ros2_control_node-1] [DEBUG] [1765401617.531231329] [KortexMultiInterfaceHardware]: No controller active in LOW_LEVEL_SERVOING mode !
[ros2_control_node-1] [DEBUG] [1765401617.531459464] [KortexMultiInterfaceHardware]: No controller active in LOW_LEVEL_SERVOING mode !
[ros2_control_node-1] [DEBUG] [1765401617.531970998] [KortexMultiInterfaceHardware]: No controller active in LOW_LEVEL_SERVOING mode !
[ros2_control_node-1] [DEBUG] [1765401617.532213250] [KortexMultiInterfaceHardware]: No controller active in LOW_LEVEL_SERVOING mode !
[ros2_control_node-1] [DEBUG] [1765401617.532438112] [KortexMultiInterfaceHardware]: No controller active in LOW_LEVEL_SERVOING mode !
[ros2_control_node-1] [DEBUG] [1765401617.532950507] [KortexMultiInterfaceHardware]: No controller active in LOW_LEVEL_SERVOING mode !
[ros2_control_node-1] [DEBUG] [1765401617.533193928] [KortexMultiInterfaceHardware]: No controller active in LOW_LEVEL_SERVOING mode !
[ros2_control_node-1] [DEBUG] [1765401617.533439108] [KortexMultiInterfaceHardware]: No controller active in LOW_LEVEL_SERVOING mode !
[ros2_control_node-1] [DEBUG] [1765401617.533978517] [KortexMultiInterfaceHardware]: No controller active in LOW_LEVEL_SERVOING mode !
[ros2_control_node-1] [DEBUG] [1765401617.534231818] [KortexMultiInterfaceHardware]: No controller active in LOW_LEVEL_SERVOING mode !
[ros2_control_node-1] [DEBUG] [1765401617.534463515] [KortexMultiInterfaceHardware]: No controller active in LOW_LEVEL_SERVOING mode !
[ros2_control_node-1] [DEBUG] [1765401617.534907984] [KortexMultiInterfaceHardware]: No controller active in LOW_LEVEL_SERVOING mode !
[ros2_control_node-1] [DEBUG] [1765401617.535207539] [KortexMultiInterfaceHardware]: No controller active in LOW_LEVEL_SERVOING mode !
[ros2_control_node-1] [DEBUG] [1765401617.535505052] [KortexMultiInterfaceHardware]: No controller active in LOW_LEVEL_SERVOING mode !
[ros2_control_node-1] [INFO] [1765401617.535530296] [controller_manager]: Loading controller 'fault_controller'
[ros2_control_node-1] [DEBUG] [1765401617.535958771] [KortexMultiInterfaceHardware]: No controller active in LOW_LEVEL_SERVOING mode !
[ros2_control_node-1] [DEBUG] [1765401617.536269230] [KortexMultiInterfaceHardware]: No controller active in LOW_LEVEL_SERVOING mode !
[ros2_control_node-1] [DEBUG] [1765401617.536539740] [KortexMultiInterfaceHardware]: No controller active in LOW_LEVEL_SERVOING mode !
[ros2_control_node-1] [DEBUG] [1765401617.536990600] [KortexMultiInterfaceHardware]: No controller active in LOW_LEVEL_SERVOING mode !
[ros2_control_node-1] [DEBUG] [1765401617.537272349] [KortexMultiInterfaceHardware]: No controller active in LOW_LEVEL_SERVOING mode !
[ros2_control_node-1] [DEBUG] [1765401617.537590450] [KortexMultiInterfaceHardware]: No controller active in LOW_LEVEL_SERVOING mode !
[ros2_control_node-1] [DEBUG] [1765401617.537993163] [KortexMultiInterfaceHardware]: No controller active in LOW_LEVEL_SERVOING mode !
[ros2_control_node-1] [DEBUG] [1765401617.538312994] [KortexMultiInterfaceHardware]: No controller active in LOW_LEVEL_SERVOING mode !
[ros2_control_node-1] [DEBUG] [1765401617.538578912] [KortexMultiInterfaceHardware]: No controller active in LOW_LEVEL_SERVOING mode !
[ros2_control_node-1] [DEBUG] [1765401617.538984498] [KortexMultiInterfaceHardware]: No controller active in LOW_LEVEL_SERVOING mode !
[ros2_control_node-1] [DEBUG] [1765401617.539240250] [KortexMultiInterfaceHardware]: No controller active in LOW_LEVEL_SERVOING mode !
[ros2_control_node-1] [DEBUG] [1765401617.539499006] [KortexMultiInterfaceHardware]: No controller active in LOW_LEVEL_SERVOING mode !
[ros2_control_node-1] [DEBUG] [1765401617.540014856] [KortexMultiInterfaceHardware]: No controller active in LOW_LEVEL_SERVOING mode !
[ros2_control_node-1] [DEBUG] [1765401617.540296830] [KortexMultiInterfaceHardware]: No controller active in LOW_LEVEL_SERVOING mode !
[ros2_control_node-1] [DEBUG] [1765401617.540557591] [KortexMultiInterfaceHardware]: No controller active in LOW_LEVEL_SERVOING mode !
[spawner-6] [INFO] [1765401617.540635763] [spawner_fault_controller]: [94mLoaded [1mfault_controller[0m
[ros2_control_node-1] [DEBUG] [1765401617.541008051] [KortexMultiInterfaceHardware]: No controller active in LOW_LEVEL_SERVOING mode !
[ros2_control_node-1] [INFO] [1765401617.541172785] [controller_manager]: Configuring controller 'fault_controller'
[ros2_control_node-1] [DEBUG] [1765401617.541282257] [KortexMultiInterfaceHardware]: No controller active in LOW_LEVEL_SERVOING mode !
[ros2_control_node-1] [DEBUG] [1765401617.541541943] [KortexMultiInterfaceHardware]: No controller active in LOW_LEVEL_SERVOING mode !
[ros2_control_node-1] [INFO] [1765401617.541665765] [controller_manager]: Loading controller 'gen3_lite_2f_gripper_controller'
[ros2_control_node-1] [DEBUG] [1765401617.541990865] [KortexMultiInterfaceHardware]: No controller active in LOW_LEVEL_SERVOING mode !
[ros2_control_node-1] [DEBUG] [1765401617.542306193] [KortexMultiInterfaceHardware]: No controller active in LOW_LEVEL_SERVOING mode !
[ros2_control_node-1] [DEBUG] [1765401617.542602537] [KortexMultiInterfaceHardware]: No controller active in LOW_LEVEL_SERVOING mode !
[ros2_control_node-1] [DEBUG] [1765401617.542999998] [KortexMultiInterfaceHardware]: No controller active in LOW_LEVEL_SERVOING mode !
[ros2_control_node-1] [DEBUG] [1765401617.543302129] [KortexMultiInterfaceHardware]: No controller active in LOW_LEVEL_SERVOING mode !
[ros2_control_node-1] [DEBUG] [1765401617.543584003] [KortexMultiInterfaceHardware]: No controller active in LOW_LEVEL_SERVOING mode !
[ros2_control_node-1] [DEBUG] [1765401617.544020962] [KortexMultiInterfaceHardware]: No controller active in LOW_LEVEL_SERVOING mode !
[ros2_control_node-1] [DEBUG] [1765401617.544325391] [KortexMultiInterfaceHardware]: No controller active in LOW_LEVEL_SERVOING mode !
[ros2_control_node-1] [DEBUG] [1765401617.545065946] [KortexMultiInterfaceHardware]: No controller active in LOW_LEVEL_SERVOING mode !
[ros2_control_node-1] [DEBUG] [1765401617.545412915] [KortexMultiInterfaceHardware]: No controller active in LOW_LEVEL_SERVOING mode !
[ros2_control_node-1] [DEBUG] [1765401617.546025435] [KortexMultiInterfaceHardware]: No controller active in LOW_LEVEL_SERVOING mode !
[ros2_control_node-1] [DEBUG] [1765401617.546403992] [KortexMultiInterfaceHardware]: No controller active in LOW_LEVEL_SERVOING mode !
[ros2_control_node-1] [DEBUG] [1765401617.547027785] [KortexMultiInterfaceHardware]: No controller active in LOW_LEVEL_SERVOING mode !
[ros2_control_node-1] [DEBUG] [1765401617.547402456] [KortexMultiInterfaceHardware]: No controller active in LOW_LEVEL_SERVOING mode !
[ros2_control_node-1] [DEBUG] [1765401617.547948874] [KortexMultiInterfaceHardware]: No controller active in LOW_LEVEL_SERVOING mode !
[ros2_control_node-1] [DEBUG] [1765401617.548366903] [KortexMultiInterfaceHardware]: No controller active in LOW_LEVEL_SERVOING mode !
[ros2_control_node-1] [DEBUG] [1765401617.548645805] [KortexMultiInterfaceHardware]: No controller active in LOW_LEVEL_SERVOING mode !
[ros2_control_node-1] [DEBUG] [1765401617.549004219] [KortexMultiInterfaceHardware]: No controller active in LOW_LEVEL_SERVOING mode !
[ros2_control_node-1] [DEBUG] [1765401617.549340735] [KortexMultiInterfaceHardware]: No controller active in LOW_LEVEL_SERVOING mode !
[ros2_control_node-1] [DEBUG] [1765401617.549730571] [KortexMultiInterfaceHardware]: No controller active in LOW_LEVEL_SERVOING mode !
[ros2_control_node-1] [DEBUG] [1765401617.550053226] [KortexMultiInterfaceHardware]: No controller active in LOW_LEVEL_SERVOING mode !
[ros2_control_node-1] [DEBUG] [1765401617.550405504] [KortexMultiInterfaceHardware]: No controller active in LOW_LEVEL_SERVOING mode !
[ros2_control_node-1] [DEBUG] [1765401617.550718628] [KortexMultiInterfaceHardware]: No controller active in LOW_LEVEL_SERVOING mode !
[ros2_control_node-1] [INFO] [1765401617.550999180] [controller_manager]: Loading controller 'joint_trajectory_controller'
[ros2_control_node-1] [DEBUG] [1765401617.551007095] [KortexMultiInterfaceHardware]: No controller active in LOW_LEVEL_SERVOING mode !
[ros2_control_node-1] [DEBUG] [1765401617.551351818] [KortexMultiInterfaceHardware]: No controller active in LOW_LEVEL_SERVOING mode !
[ros2_control_node-1] [DEBUG] [1765401617.551678433] [KortexMultiInterfaceHardware]: No controller active in LOW_LEVEL_SERVOING mode !
[ros2_control_node-1] [DEBUG] [1765401617.552006381] [KortexMultiInterfaceHardware]: No controller active in LOW_LEVEL_SERVOING mode !
[spawner-7] [INFO] [1765401617.552306893] [spawner_gen3_lite_2f_gripper_controller]: [94mLoaded [1mgen3_lite_2f_gripper_controller[0m
[ros2_control_node-1] [DEBUG] [1765401617.552397561] [KortexMultiInterfaceHardware]: No controller active in LOW_LEVEL_SERVOING mode !
[ros2_control_node-1] [DEBUG] [1765401617.552957753] [KortexMultiInterfaceHardware]: No controller active in LOW_LEVEL_SERVOING mode !
[ros2_control_node-1] [DEBUG] [1765401617.553282474] [KortexMultiInterfaceHardware]: No controller active in LOW_LEVEL_SERVOING mode !
[ros2_control_node-1] [DEBUG] [1765401617.553658829] [KortexMultiInterfaceHardware]: No controller active in LOW_LEVEL_SERVOING mode !
[ros2_control_node-1] [DEBUG] [1765401617.554018973] [KortexMultiInterfaceHardware]: No controller active in LOW_LEVEL_SERVOING mode !
[ros2_control_node-1] [DEBUG] [1765401617.555030010] [KortexMultiInterfaceHardware]: No controller active in LOW_LEVEL_SERVOING mode !
[ros2_control_node-1] [DEBUG] [1765401617.555368180] [KortexMultiInterfaceHardware]: No controller active in LOW_LEVEL_SERVOING mode !
[ros2_control_node-1] [DEBUG] [1765401617.555669024] [KortexMultiInterfaceHardware]: No controller active in LOW_LEVEL_SERVOING mode !
[ros2_control_node-1] [DEBUG] [1765401617.556008002] [KortexMultiInterfaceHardware]: No controller active in LOW_LEVEL_SERVOING mode !
[ros2_control_node-1] [DEBUG] [1765401617.556389793] [KortexMultiInterfaceHardware]: No controller active in LOW_LEVEL_SERVOING mode !
[ros2_control_node-1] [DEBUG] [1765401617.556925621] [KortexMultiInterfaceHardware]: No controller active in LOW_LEVEL_SERVOING mode !
[ros2_control_node-1] [DEBUG] [1765401617.557296067] [KortexMultiInterfaceHardware]: No controller active in LOW_LEVEL_SERVOING mode !
[ros2_control_node-1] [DEBUG] [1765401617.557649736] [KortexMultiInterfaceHardware]: No controller active in LOW_LEVEL_SERVOING mode !
[ros2_control_node-1] [DEBUG] [1765401617.558008288] [KortexMultiInterfaceHardware]: No controller active in LOW_LEVEL_SERVOING mode !
[ros2_control_node-1] [DEBUG] [1765401617.558342087] [KortexMultiInterfaceHardware]: No controller active in LOW_LEVEL_SERVOING mode !
[ros2_control_node-1] [DEBUG] [1765401617.558682970] [KortexMultiInterfaceHardware]: No controller active in LOW_LEVEL_SERVOING mode !
[ros2_control_node-1] [DEBUG] [1765401617.559045641] [KortexMultiInterfaceHardware]: No controller active in LOW_LEVEL_SERVOING mode !
[ros2_control_node-1] [DEBUG] [1765401617.559402767] [KortexMultiInterfaceHardware]: No controller active in LOW_LEVEL_SERVOING mode !
[ros2_control_node-1] [DEBUG] [1765401617.559953973] [KortexMultiInterfaceHardware]: No controller active in LOW_LEVEL_SERVOING mode !
[ros2_control_node-1] [DEBUG] [1765401617.560316949] [KortexMultiInterfaceHardware]: No controller active in LOW_LEVEL_SERVOING mode !
[ros2_control_node-1] [DEBUG] [1765401617.560692694] [KortexMultiInterfaceHardware]: No controller active in LOW_LEVEL_SERVOING mode !
[ros2_control_node-1] [DEBUG] [1765401617.560999557] [KortexMultiInterfaceHardware]: No controller active in LOW_LEVEL_SERVOING mode !
[ros2_control_node-1] [DEBUG] [1765401617.561284908] [KortexMultiInterfaceHardware]: No controller active in LOW_LEVEL_SERVOING mode !
[ros2_control_node-1] [DEBUG] [1765401617.561549923] [KortexMultiInterfaceHardware]: No controller active in LOW_LEVEL_SERVOING mode !
[ros2_control_node-1] [WARN] [1765401617.561853946] [joint_trajectory_controller]: [Deprecated]: "allow_nonzero_velocity_at_trajectory_end" is set to true. The default behavior will change to false.
[ros2_control_node-1] [DEBUG] [1765401617.561989286] [KortexMultiInterfaceHardware]: No controller active in LOW_LEVEL_SERVOING mode !
[ros2_control_node-1] [INFO] [1765401617.562252239] [controller_manager]: Loading controller 'twist_controller'
[ros2_control_node-1] [DEBUG] [1765401617.562326551] [KortexMultiInterfaceHardware]: No controller active in LOW_LEVEL_SERVOING mode !
[ros2_control_node-1] [DEBUG] [1765401617.562672440] [KortexMultiInterfaceHardware]: No controller active in LOW_LEVEL_SERVOING mode !
[ros2_control_node-1] [DEBUG] [1765401617.563001058] [KortexMultiInterfaceHardware]: No controller active in LOW_LEVEL_SERVOING mode !
[spawner-4] [INFO] [1765401617.563196056] [spawner_joint_trajectory_controller]: [94mLoaded [1mjoint_trajectory_controller[0m
[ros2_control_node-1] [DEBUG] [1765401617.563292683] [KortexMultiInterfaceHardware]: No controller active in LOW_LEVEL_SERVOING mode !
[ros2_control_node-1] [DEBUG] [1765401617.563571004] [KortexMultiInterfaceHardware]: No controller active in LOW_LEVEL_SERVOING mode !
[ros2_control_node-1] [DEBUG] [1765401617.564008348] [KortexMultiInterfaceHardware]: No controller active in LOW_LEVEL_SERVOING mode !
[ros2_control_node-1] [DEBUG] [1765401617.564536127] [KortexMultiInterfaceHardware]: No controller active in LOW_LEVEL_SERVOING mode !
[ros2_control_node-1] [DEBUG] [1765401617.565018101] [KortexMultiInterfaceHardware]: No controller active in LOW_LEVEL_SERVOING mode !
[ros2_control_node-1] [DEBUG] [1765401617.565406496] [KortexMultiInterfaceHardware]: No controller active in LOW_LEVEL_SERVOING mode !
[ros2_control_node-1] [DEBUG] [1765401617.565973084] [KortexMultiInterfaceHardware]: No controller active in LOW_LEVEL_SERVOING mode !
[ros2_control_node-1] [DEBUG] [1765401617.566315104] [KortexMultiInterfaceHardware]: No controller active in LOW_LEVEL_SERVOING mode !
[ros2_control_node-1] [DEBUG] [1765401617.566638006] [KortexMultiInterfaceHardware]: No controller active in LOW_LEVEL_SERVOING mode !
[ros2_control_node-1] [DEBUG] [1765401617.566986299] [KortexMultiInterfaceHardware]: No controller active in LOW_LEVEL_SERVOING mode !
[ros2_control_node-1] [DEBUG] [1765401617.567271240] [KortexMultiInterfaceHardware]: No controller active in LOW_LEVEL_SERVOING mode !
[ros2_control_node-1] [DEBUG] [1765401617.567566255] [KortexMultiInterfaceHardware]: No controller active in LOW_LEVEL_SERVOING mode !
[ros2_control_node-1] [DEBUG] [1765401617.568019817] [KortexMultiInterfaceHardware]: No controller active in LOW_LEVEL_SERVOING mode !
[ros2_control_node-1] [DEBUG] [1765401617.568306252] [KortexMultiInterfaceHardware]: No controller active in LOW_LEVEL_SERVOING mode !
[ros2_control_node-1] [DEBUG] [1765401617.568574609] [KortexMultiInterfaceHardware]: No controller active in LOW_LEVEL_SERVOING mode !
[ros2_control_node-1] [DEBUG] [1765401617.569062593] [KortexMultiInterfaceHardware]: No controller active in LOW_LEVEL_SERVOING mode !
[ros2_control_node-1] [DEBUG] [1765401617.569449739] [KortexMultiInterfaceHardware]: No controller active in LOW_LEVEL_SERVOING mode !
[ros2_control_node-1] [INFO] [1765401617.569789651] [controller_manager]: Loading controller 'joint_state_broadcaster'
[ros2_control_node-1] [DEBUG] [1765401617.570026323] [KortexMultiInterfaceHardware]: No controller active in LOW_LEVEL_SERVOING mode !
[ros2_control_node-1] [DEBUG] [1765401617.570326576] [KortexMultiInterfaceHardware]: No controller active in LOW_LEVEL_SERVOING mode !
[ros2_control_node-1] [DEBUG] [1765401617.570615212] [KortexMultiInterfaceHardware]: No controller active in LOW_LEVEL_SERVOING mode !
[spawner-5] [INFO] [1765401617.570450227] [spawner_twist_controller]: [94mLoaded [1mtwist_controller[0m
[ros2_control_node-1] [DEBUG] [1765401617.571001780] [KortexMultiInterfaceHardware]: No controller active in LOW_LEVEL_SERVOING mode !
[ros2_control_node-1] [DEBUG] [1765401617.572118136] [KortexMultiInterfaceHardware]: No controller active in LOW_LEVEL_SERVOING mode !
[ros2_control_node-1] [DEBUG] [1765401617.572432664] [KortexMultiInterfaceHardware]: No controller active in LOW_LEVEL_SERVOING mode !
[ros2_control_node-1] [DEBUG] [1765401617.572984194] [KortexMultiInterfaceHardware]: No controller active in LOW_LEVEL_SERVOING mode !
[ros2_control_node-1] [DEBUG] [1765401617.573289704] [KortexMultiInterfaceHardware]: No controller active in LOW_LEVEL_SERVOING mode !
[ros2_control_node-1] [DEBUG] [1765401617.573611226] [KortexMultiInterfaceHardware]: No controller active in LOW_LEVEL_SERVOING mode !
[ros2_control_node-1] [DEBUG] [1765401617.574001108] [KortexMultiInterfaceHardware]: No controller active in LOW_LEVEL_SERVOING mode !
[ros2_control_node-1] [DEBUG] [1765401617.574321108] [KortexMultiInterfaceHardware]: No controller active in LOW_LEVEL_SERVOING mode !
[ros2_control_node-1] [DEBUG] [1765401617.574669589] [KortexMultiInterfaceHardware]: No controller active in LOW_LEVEL_SERVOING mode !
[ros2_control_node-1] [DEBUG] [1765401617.575001031] [KortexMultiInterfaceHardware]: No controller active in LOW_LEVEL_SERVOING mode !
[ros2_control_node-1] [DEBUG] [1765401617.575354791] [KortexMultiInterfaceHardware]: No controller active in LOW_LEVEL_SERVOING mode !
[ros2_control_node-1] [DEBUG] [1765401617.575648292] [KortexMultiInterfaceHardware]: No controller active in LOW_LEVEL_SERVOING mode !
[ros2_control_node-1] [DEBUG] [1765401617.576098803] [KortexMultiInterfaceHardware]: No controller active in LOW_LEVEL_SERVOING mode !
[ros2_control_node-1] [DEBUG] [1765401617.576481691] [KortexMultiInterfaceHardware]: No controller active in LOW_LEVEL_SERVOING mode !
[ros2_control_node-1] [DEBUG] [1765401617.577042166] [KortexMultiInterfaceHardware]: No controller active in LOW_LEVEL_SERVOING mode !
[ros2_control_node-1] [DEBUG] [1765401617.577485844] [KortexMultiInterfaceHardware]: No controller active in LOW_LEVEL_SERVOING mode !
[ros2_control_node-1] [DEBUG] [1765401617.578072000] [KortexMultiInterfaceHardware]: No controller active in LOW_LEVEL_SERVOING mode !
[ros2_control_node-1] [DEBUG] [1765401617.578464851] [KortexMultiInterfaceHardware]: No controller active in LOW_LEVEL_SERVOING mode !
[ros2_control_node-1] [INFO] [1765401617.578900212] [controller_manager]: Configuring controller 'gen3_lite_2f_gripper_controller'
[ros2_control_node-1] [INFO] [1765401617.578981856] [gen3_lite_2f_gripper_controller]: Action status changes will be monitored at 20.000000 Hz.
[ros2_control_node-1] [DEBUG] [1765401617.579078718] [KortexMultiInterfaceHardware]: No controller active in LOW_LEVEL_SERVOING mode !
[ros2_control_node-1] [INFO] [1765401617.579431916] [controller_manager]: Configuring controller 'joint_trajectory_controller'
[ros2_control_node-1] [DEBUG] [1765401617.579456105] [KortexMultiInterfaceHardware]: No controller active in LOW_LEVEL_SERVOING mode !
[ros2_control_node-1] [INFO] [1765401617.579621357] [joint_trajectory_controller]: No specific joint names are used for command interfaces. Using 'joints' parameter.
[ros2_control_node-1] [INFO] [1765401617.579652899] [joint_trajectory_controller]: Command interfaces are [position] and state interfaces are [position velocity].
[ros2_control_node-1] [INFO] [1765401617.579680900] [joint_trajectory_controller]: Using 'splines' interpolation method.
[ros2_control_node-1] [DEBUG] [1765401617.580031095] [KortexMultiInterfaceHardware]: No controller active in LOW_LEVEL_SERVOING mode !
[ros2_control_node-1] [DEBUG] [1765401617.580354196] [KortexMultiInterfaceHardware]: No controller active in LOW_LEVEL_SERVOING mode !
[spawner-3] [INFO] [1765401617.580468689] [spawner_joint_state_broadcaster]: [94mLoaded [1mjoint_state_broadcaster[0m
[ros2_control_node-1] [DEBUG] [1765401617.580727233] [KortexMultiInterfaceHardware]: No controller active in LOW_LEVEL_SERVOING mode !
[ros2_control_node-1] [DEBUG] [1765401617.581142919] [KortexMultiInterfaceHardware]: No controller active in LOW_LEVEL_SERVOING mode !
[ros2_control_node-1] [DEBUG] [1765401617.581584501] [KortexMultiInterfaceHardware]: No controller active in LOW_LEVEL_SERVOING mode !
[ros2_control_node-1] [DEBUG] [1765401617.582034587] [KortexMultiInterfaceHardware]: No controller active in LOW_LEVEL_SERVOING mode !
[ros2_control_node-1] [INFO] [1765401617.582190739] [joint_trajectory_controller]: Controller state will be published at 100.00 Hz.
[ros2_control_node-1] [DEBUG] [1765401617.582359757] [KortexMultiInterfaceHardware]: No controller active in LOW_LEVEL_SERVOING mode !
[ros2_control_node-1] [DEBUG] [1765401617.582624563] [KortexMultiInterfaceHardware]: No controller active in LOW_LEVEL_SERVOING mode !
[ros2_control_node-1] [DEBUG] [1765401617.582991984] [KortexMultiInterfaceHardware]: No controller active in LOW_LEVEL_SERVOING mode !
[ros2_control_node-1] [DEBUG] [1765401617.583265141] [KortexMultiInterfaceHardware]: No controller active in LOW_LEVEL_SERVOING mode !
[ros2_control_node-1] [DEBUG] [1765401617.583618137] [KortexMultiInterfaceHardware]: No controller active in LOW_LEVEL_SERVOING mode !
[ros2_control_node-1] [DEBUG] [1765401617.583982636] [KortexMultiInterfaceHardware]: No controller active in LOW_LEVEL_SERVOING mode !
[ros2_control_node-1] [DEBUG] [1765401617.584233415] [KortexMultiInterfaceHardware]: No controller active in LOW_LEVEL_SERVOING mode !
[ros2_control_node-1] [DEBUG] [1765401617.584506472] [KortexMultiInterfaceHardware]: No controller active in LOW_LEVEL_SERVOING mode !
[ros2_control_node-1] [DEBUG] [1765401617.584980802] [KortexMultiInterfaceHardware]: No controller active in LOW_LEVEL_SERVOING mode !
[ros2_control_node-1] [DEBUG] [1765401617.585263568] [KortexMultiInterfaceHardware]: No controller active in LOW_LEVEL_SERVOING mode !
[ros2_control_node-1] [INFO] [1765401617.585336241] [joint_trajectory_controller]: Action status changes will be monitored at 20.00 Hz.
[ros2_control_node-1] [DEBUG] [1765401617.585550415] [KortexMultiInterfaceHardware]: No controller active in LOW_LEVEL_SERVOING mode !
[ros2_control_node-1] [DEBUG] [1765401617.586000524] [KortexMultiInterfaceHardware]: No controller active in LOW_LEVEL_SERVOING mode !
[ros2_control_node-1] [DEBUG] [1765401617.586270686] [KortexMultiInterfaceHardware]: No controller active in LOW_LEVEL_SERVOING mode !
[ros2_control_node-1] [DEBUG] [1765401617.586586891] [KortexMultiInterfaceHardware]: No controller active in LOW_LEVEL_SERVOING mode !
[ros2_control_node-1] [DEBUG] [1765401617.586986982] [KortexMultiInterfaceHardware]: No controller active in LOW_LEVEL_SERVOING mode !
[ros2_control_node-1] [DEBUG] [1765401617.587295858] [KortexMultiInterfaceHardware]: No controller active in LOW_LEVEL_SERVOING mode !
[ros2_control_node-1] [DEBUG] [1765401617.587602599] [KortexMultiInterfaceHardware]: No controller active in LOW_LEVEL_SERVOING mode !
[ros2_control_node-1] [DEBUG] [1765401617.587983371] [KortexMultiInterfaceHardware]: No controller active in LOW_LEVEL_SERVOING mode !
[ros2_control_node-1] [INFO] [1765401617.588123741] [controller_manager]: Configuring controller 'twist_controller'
[ros2_control_node-1] [DEBUG] [1765401617.588279863] [KortexMultiInterfaceHardware]: No controller active in LOW_LEVEL_SERVOING mode !
[ros2_control_node-1] [DEBUG] [1765401617.588606316] [KortexMultiInterfaceHardware]: No controller active in LOW_LEVEL_SERVOING mode !
[ros2_control_node-1] [INFO] [1765401617.588638031] [twist_controller]: configure successful
[ros2_control_node-1] [DEBUG] [1765401617.588985459] [KortexMultiInterfaceHardware]: No controller active in LOW_LEVEL_SERVOING mode !
[ros2_control_node-1] [DEBUG] [1765401617.589266305] [KortexMultiInterfaceHardware]: No controller active in LOW_LEVEL_SERVOING mode !
[ros2_control_node-1] [INFO] [1765401617.589338017] [controller_manager]: Configuring controller 'joint_state_broadcaster'
[ros2_control_node-1] [INFO] [1765401617.589397124] [joint_state_broadcaster]: 'joints' or 'interfaces' parameter is empty. All available state interfaces will be published
[ros2_control_node-1] [DEBUG] [1765401617.589575917] [KortexMultiInterfaceHardware]: No controller active in LOW_LEVEL_SERVOING mode !
[ros2_control_node-1] [DEBUG] [1765401617.590046715] [KortexMultiInterfaceHardware]: No controller active in LOW_LEVEL_SERVOING mode !
[ros2_control_node-1] [DEBUG] [1765401617.590502548] [KortexMultiInterfaceHardware]: No controller active in LOW_LEVEL_SERVOING mode !
[ros2_control_node-1] [DEBUG] [1765401617.591149670] [KortexMultiInterfaceHardware]: No controller active in LOW_LEVEL_SERVOING mode !
[ros2_control_node-1] [DEBUG] [1765401617.591503916] [KortexMultiInterfaceHardware]: No controller active in LOW_LEVEL_SERVOING mode !
[ros2_control_node-1] [DEBUG] [1765401617.592126706] [KortexMultiInterfaceHardware]: No controller active in LOW_LEVEL_SERVOING mode !
[ros2_control_node-1] [DEBUG] [1765401617.592535961] [KortexMultiInterfaceHardware]: No controller active in LOW_LEVEL_SERVOING mode !
[ros2_control_node-1] [DEBUG] [1765401617.593054123] [KortexMultiInterfaceHardware]: No controller active in LOW_LEVEL_SERVOING mode !
[ros2_control_node-1] [DEBUG] [1765401617.593488284] [KortexMultiInterfaceHardware]: No controller active in LOW_LEVEL_SERVOING mode !
[ros2_control_node-1] [DEBUG] [1765401617.594099518] [KortexMultiInterfaceHardware]: No controller active in LOW_LEVEL_SERVOING mode !
[INFO] [spawner-5]: process has finished cleanly [pid 20786]
[ros2_control_node-1] [DEBUG] [1765401617.797106246] [KortexMultiInterfaceHardware]: No controller active in LOW_LEVEL_SERVOING mode !
[ros2_control_node-1] [DEBUG] [1765401617.797474894] [KortexMultiInterfaceHardware]: No controller active in LOW_LEVEL_SERVOING mode !
[spawner-6] [INFO] [1765401617.798161602] [spawner_fault_controller]: [92mConfigured and activated [1mfault_controller[0m
[move_group-9] [INFO] [1765401617.860708003] [moveit.ros_planning_interface.moveit_cpp]: Loading planning pipeline 'ompl'
[move_group-9] [INFO] [1765401617.869253197] [moveit.ros_planning.planning_pipeline]: Using planning interface 'OMPL'
[move_group-9] [INFO] [1765401617.871220785] [moveit_ros.add_time_optimal_parameterization]: Param 'ompl.path_tolerance' was not set. Using default value: 0.100000
[move_group-9] [INFO] [1765401617.871229993] [moveit_ros.add_time_optimal_parameterization]: Param 'ompl.resample_dt' was not set. Using default value: 0.100000
[move_group-9] [INFO] [1765401617.871233146] [moveit_ros.add_time_optimal_parameterization]: Param 'ompl.min_angle_change' was not set. Using default value: 0.001000
[move_group-9] [INFO] [1765401617.871245433] [moveit_ros.fix_workspace_bounds]: Param 'ompl.default_workspace_bounds' was not set. Using default value: 10.000000
[move_group-9] [INFO] [1765401617.871253885] [moveit_ros.fix_start_state_bounds]: Param 'ompl.start_state_max_bounds_error' was set to 0.100000
[move_group-9] [INFO] [1765401617.871256902] [moveit_ros.fix_start_state_bounds]: Param 'ompl.start_state_max_dt' was not set. Using default value: 0.500000
[move_group-9] [INFO] [1765401617.871263390] [moveit_ros.fix_start_state_collision]: Param 'ompl.start_state_max_dt' was not set. Using default value: 0.500000
[move_group-9] [INFO] [1765401617.871265799] [moveit_ros.fix_start_state_collision]: Param 'ompl.jiggle_fraction' was not set. Using default value: 0.020000
[move_group-9] [INFO] [1765401617.871268398] [moveit_ros.fix_start_state_collision]: Param 'ompl.max_sampling_attempts' was not set. Using default value: 100
[move_group-9] [INFO] [1765401617.871274859] [moveit.ros_planning.planning_pipeline]: Using planning request adapter 'Add Time Optimal Parameterization'
[move_group-9] [INFO] [1765401617.871277179] [moveit.ros_planning.planning_pipeline]: Using planning request adapter 'Resolve constraint frames to robot links'
[move_group-9] [INFO] [1765401617.871278957] [moveit.ros_planning.planning_pipeline]: Using planning request adapter 'Fix Workspace Bounds'
[move_group-9] [INFO] [1765401617.871280845] [moveit.ros_planning.planning_pipeline]: Using planning request adapter 'Fix Start State Bounds'
[move_group-9] [INFO] [1765401617.871282540] [moveit.ros_planning.planning_pipeline]: Using planning request adapter 'Fix Start State In Collision'
[move_group-9] [INFO] [1765401617.871298870] [moveit.ros_planning.planning_pipeline]: Using planning request adapter 'Fix Start State Path Constraints'
[move_group-9] [INFO] [1765401617.872646777] [moveit.ros_planning_interface.moveit_cpp]: Loading planning pipeline 'pilz_industrial_motion_planner'
[move_group-9] [INFO] [1765401617.874552620] [moveit.pilz_industrial_motion_planner.joint_limits_aggregator]: Reading limits from namespace robot_description_planning
[move_group-9] [INFO] [1765401617.876295778] [moveit.pilz_industrial_motion_planner]: Available plugins: pilz_industrial_motion_planner/PlanningContextLoaderCIRC pilz_industrial_motion_planner/PlanningContextLoaderLIN pilz_industrial_motion_planner/PlanningContextLoaderPTP 
[move_group-9] [INFO] [1765401617.876304389] [moveit.pilz_industrial_motion_planner]: About to load: pilz_industrial_motion_planner/PlanningContextLoaderCIRC
[move_group-9] [INFO] [1765401617.877150806] [moveit.pilz_industrial_motion_planner]: Registered Algorithm [CIRC]
[move_group-9] [INFO] [1765401617.877159538] [moveit.pilz_industrial_motion_planner]: About to load: pilz_industrial_motion_planner/PlanningContextLoaderLIN
[move_group-9] [INFO] [1765401617.877771557] [moveit.pilz_industrial_motion_planner]: Registered Algorithm [LIN]
[move_group-9] [INFO] [1765401617.877777882] [moveit.pilz_industrial_motion_planner]: About to load: pilz_industrial_motion_planner/PlanningContextLoaderPTP
[move_group-9] [INFO] [1765401617.878354611] [moveit.pilz_industrial_motion_planner]: Registered Algorithm [PTP]
[move_group-9] [INFO] [1765401617.878362595] [moveit.ros_planning.planning_pipeline]: Using planning interface 'Pilz Industrial Motion Planner'
[move_group-9] [INFO] [1765401617.878702528] [moveit.ros_planning_interface.moveit_cpp]: Loading planning pipeline 'chomp'
[move_group-9] [INFO] [1765401617.881134914] [moveit.ros_planning.planning_pipeline]: Using planning interface 'CHOMP'
[move_group-9] [INFO] [1765401617.882413795] [moveit_ros.add_time_optimal_parameterization]: Param 'chomp.path_tolerance' was not set. Using default value: 0.100000
[move_group-9] [INFO] [1765401617.882420402] [moveit_ros.add_time_optimal_parameterization]: Param 'chomp.resample_dt' was not set. Using default value: 0.100000
[move_group-9] [INFO] [1765401617.882423232] [moveit_ros.add_time_optimal_parameterization]: Param 'chomp.min_angle_change' was not set. Using default value: 0.001000
[move_group-9] [INFO] [1765401617.882437170] [moveit_ros.fix_workspace_bounds]: Param 'chomp.default_workspace_bounds' was not set. Using default value: 10.000000
[move_group-9] [INFO] [1765401617.882446248] [moveit_ros.fix_start_state_bounds]: Param 'chomp.start_state_max_bounds_error' was set to 0.100000
[move_group-9] [INFO] [1765401617.882448991] [moveit_ros.fix_start_state_bounds]: Param 'chomp.start_state_max_dt' was not set. Using default value: 0.500000
[move_group-9] [INFO] [1765401617.882455849] [moveit_ros.fix_start_state_collision]: Param 'chomp.start_state_max_dt' was not set. Using default value: 0.500000
[move_group-9] [INFO] [1765401617.882458228] [moveit_ros.fix_start_state_collision]: Param 'chomp.jiggle_fraction' was set to 0.050000
[move_group-9] [INFO] [1765401617.882460533] [moveit_ros.fix_start_state_collision]: Param 'chomp.max_sampling_attempts' was not set. Using default value: 100
[move_group-9] [INFO] [1765401617.882467370] [moveit.ros_planning.planning_pipeline]: Using planning request adapter 'Add Time Optimal Parameterization'
[move_group-9] [INFO] [1765401617.882469803] [moveit.ros_planning.planning_pipeline]: Using planning request adapter 'Resolve constraint frames to robot links'
[move_group-9] [INFO] [1765401617.882471569] [moveit.ros_planning.planning_pipeline]: Using planning request adapter 'Fix Workspace Bounds'
[move_group-9] [INFO] [1765401617.882473326] [moveit.ros_planning.planning_pipeline]: Using planning request adapter 'Fix Start State Bounds'
[move_group-9] [INFO] [1765401617.882475011] [moveit.ros_planning.planning_pipeline]: Using planning request adapter 'Fix Start State In Collision'
[move_group-9] [INFO] [1765401617.882476670] [moveit.ros_planning.planning_pipeline]: Using planning request adapter 'Fix Start State Path Constraints'
[move_group-9] [INFO] [1765401617.896428026] [moveit.plugins.moveit_simple_controller_manager]: Added FollowJointTrajectory controller for joint_trajectory_controller
[move_group-9] [INFO] [1765401617.896456531] [moveit.plugins.moveit_simple_controller_manager]: Max effort set to 0.0
[move_group-9] [INFO] [1765401617.897696695] [moveit.plugins.moveit_simple_controller_manager]: Added GripperCommand controller for gen3_lite_2f_gripper_controller
[move_group-9] [INFO] [1765401617.897841028] [moveit.plugins.moveit_simple_controller_manager]: Returned 2 controllers in list
[move_group-9] [INFO] [1765401617.897866204] [moveit.plugins.moveit_simple_controller_manager]: Returned 2 controllers in list
[move_group-9] [INFO] [1765401617.898231051] [moveit_ros.trajectory_execution_manager]: Trajectory execution is managing controllers
[move_group-9] [INFO] [1765401617.898249268] [move_group.move_group]: MoveGroup debug mode is ON
[move_group-9] [INFO] [1765401617.905947330] [move_group.move_group]: 
[move_group-9] 
[move_group-9] ********************************************************
[move_group-9] * MoveGroup using: 
[move_group-9] *     - ApplyPlanningSceneService
[move_group-9] *     - ClearOctomapService
[move_group-9] *     - CartesianPathService
[move_group-9] *     - ExecuteTrajectoryAction
[move_group-9] *     - GetPlanningSceneService
[move_group-9] *     - KinematicsService
[move_group-9] *     - MoveAction
[move_group-9] *     - MotionPlanService
[move_group-9] *     - QueryPlannersService
[move_group-9] *     - StateValidationService
[move_group-9] ********************************************************
[move_group-9] 
[move_group-9] [INFO] [1765401617.905970938] [moveit_move_group_capabilities_base.move_group_context]: MoveGroup context using planning plugin ompl_interface/OMPLPlanner
[move_group-9] [INFO] [1765401617.905976637] [moveit_move_group_capabilities_base.move_group_context]: MoveGroup context initialization complete
[move_group-9] [96mLoading 'move_group/ApplyPlanningSceneService'...
[move_group-9] [0m[96mLoading 'move_group/ClearOctomapService'...
[move_group-9] [0m[96mLoading 'move_group/MoveGroupCartesianPathService'...
[move_group-9] [0m[96mLoading 'move_group/MoveGroupExecuteTrajectoryAction'...
[move_group-9] [0m[96mLoading 'move_group/MoveGroupGetPlanningSceneService'...
[move_group-9] [0m[96mLoading 'move_group/MoveGroupKinematicsService'...
[move_group-9] [0m[96mLoading 'move_group/MoveGroupMoveAction'...
[move_group-9] [0m[96mLoading 'move_group/MoveGroupPlanService'...
[move_group-9] [0m[96mLoading 'move_group/MoveGroupQueryPlannersService'...
[move_group-9] [0m[96mLoading 'move_group/MoveGroupStateValidationService'...
[move_group-9] [0m[92m
[move_group-9] You can start planning now!
[move_group-9] 
[INFO] [spawner-6]: process has finished cleanly [pid 20788]
[ros2_control_node-1] [DEBUG] [1765401618.004177658] [KortexMultiInterfaceHardware]: No controller active in LOW_LEVEL_SERVOING mode !
[ros2_control_node-1] [DEBUG] [1765401618.004745971] [KortexMultiInterfaceHardware]: No controller active in LOW_LEVEL_SERVOING mode !
[spawner-7] [INFO] [1765401618.005781624] [spawner_gen3_lite_2f_gripper_controller]: [92mConfigured and activated [1mgen3_lite_2f_gripper_controller[0m
[INFO] [spawner-7]: process has finished cleanly [pid 20790]
[spawner-4] [INFO] [1765401618.216563820] [spawner_joint_trajectory_controller]: [92mConfigured and activated [1mjoint_trajectory_controller[0m
[spawner-3] [INFO] [1765401618.218876446] [spawner_joint_state_broadcaster]: [92mConfigured and activated [1mjoint_state_broadcaster[0m
[INFO] [spawner-4]: process has finished cleanly [pid 20784]
[INFO] [spawner-3]: process has finished cleanly [pid 20782]
[0;36m[INFO][0m Verifying robot connection...
[0;32m[OK][0m Robot connected - /joint_states topic available
[0;36m[INFO][0m Waiting for controllers to initialize...
[0;36m[INFO][0m Clearing robot faults...
[1;33m[WARN][0m Could not clear faults (service may not be available yet)

[0;34m>>> Moving robot to experiment starting position[0m

[INFO] [1765401648.866024892] [startup_position_setter]: Moving to experiment_start: array('d', [-1.819, -0.146, -1.746, 0.573, -1.261, -1.639])
[0;32m[OK][0m Robot at experiment starting position
[0;32m[OK][0m Hardware mode ready

[0;34m>>> Starting conversational engine...[0m

[0;36m[INFO][0m Starting FastAPI server...
[0;36m[INFO][0m Waiting for server to initialize (may take up to 30 seconds)...
2025-12-10 16:20:55.882 | INFO     | src.conversation.engine_factory:initialize_factory:212 - Initializing ConversationEngineFactory
/home/snickers/.local/lib/python3.10/site-packages/google/api_core/_python_version_support.py:266: FutureWarning: You are using a Python version (3.10.12) which Google will stop supporting in new releases of google.api_core once it reaches its end of life (2026-10-04). Please upgrade to the latest Python version, or at least Python 3.11, to continue receiving updates for google.api_core past that date.
  warnings.warn(message, FutureWarning)
2025-12-10 16:20:56.032 | DEBUG    | src.conversation.engine_factory:register_engine:40 - Registered engine type: manual_turn -> ManualTurnEngine
2025-12-10 16:20:56.032 | INFO     | src.conversation.engine_factory:initialize_factory:218 - Registered ManualTurnEngine
2025-12-10 16:20:56.033 | DEBUG    | src.conversation.engine_factory:register_engine:40 - Registered engine type: single_utterance -> SingleUtteranceEngine
2025-12-10 16:20:56.033 | INFO     | src.conversation.engine_factory:initialize_factory:223 - Registered SingleUtteranceEngine
2025-12-10 16:20:56.033 | INFO     | src.conversation.engine_factory:initialize_factory:225 - Factory initialization complete
2025-12-10 16:20:56.049 | INFO     | __main__:create_application:171 - 📁 Mounted static files from /home/snickers/Documents/git-repos/hri-social-learner-manipulator/conversational_engine/static
2025-12-10 16:20:56.049 | INFO     | __main__:create_application:182 - 📄 Pre-loaded voice_client.html (43960 bytes)
🔥 BALAM PLATFORM STARTING - LOGS SHOULD APPEAR BELOW
[32m16:20:56.056[0m | [1mINFO    [0m | [36m__main__[0m:[36mmain[0m | [1m✅ LOGGING IS WORKING - You should see this message![0m
🔍 DEBUG: If you see this print but not the logger message above, there's a logging issue
[32m16:20:56.060[0m | [1mINFO    [0m | [36m__main__[0m:[36mcreate_application[0m | [1m📁 Mounted static files from /home/snickers/Documents/git-repos/hri-social-learner-manipulator/conversational_engine/static[0m
[32m16:20:56.060[0m | [1mINFO    [0m | [36m__main__[0m:[36mcreate_application[0m | [1m📄 Pre-loaded voice_client.html (43960 bytes)[0m
[32m16:20:56.062[0m | [1mINFO    [0m | [36m__main__[0m:[36mmain[0m | [1m🚀 Starting VoiceOrch Platform[0m
[32m16:20:56.062[0m | [1mINFO    [0m | [36m__main__[0m:[36mmain[0m | [1mDebug mode: False[0m
[32m16:20:56.062[0m | [1mINFO    [0m | [36m__main__[0m:[36mmain[0m | [1mWebSocket port: 8000[0m
[32m16:20:56.062[0m | [1mINFO    [0m | [36m__main__[0m:[36mmain[0m | [1mLLM provider: google[0m
[32m16:20:56.062[0m | [1mINFO    [0m | [36m__main__[0m:[36mmain[0m | [1mLLM model: gemini-2.5-flash-lite[0m
[32m16:20:56.062[0m | [1mINFO    [0m | [36m__main__[0m:[36mmain[0m | [1m🌐 Starting uvicorn server...[0m
🌐 Server starting on http://0.0.0.0:8000
🔗 WebSocket endpoint: ws://localhost:8000/ws/{session_id}
🎤 Voice Client: http://localhost:8000/client
[32m16:20:56.077[0m | [1mINFO    [0m | [36msrc.main[0m:[36mcreate_application[0m | [1m📁 Mounted static files from /home/snickers/Documents/git-repos/hri-social-learner-manipulator/conversational_engine/static[0m
[32m16:20:56.077[0m | [1mINFO    [0m | [36msrc.main[0m:[36mcreate_application[0m | [1m📄 Pre-loaded voice_client.html (43960 bytes)[0m
INFO:     Started server process [21074]
INFO:     Waiting for application startup.
[32m16:20:56.079[0m | [1mINFO    [0m | [36msrc.main[0m:[36mlifespan[0m | [1m🔄 FastAPI lifespan startup...[0m
[32m16:20:56.081[0m | [1mINFO    [0m | [36msrc.main[0m:[36minitialize[0m | [1m🚀 Initializing VoiceOrch Platform...[0m
[32m16:20:56.081[0m | [1mINFO    [0m | [36msrc.main[0m:[36minitialize[0m | [1m📱 Initializing SingleUtteranceEngine...[0m
[32m16:20:56.081[0m | [1mINFO    [0m | [36msrc.conversation.state_machine[0m:[36m__init__[0m | [1mState machine initialized[0m
[32m16:20:56.081[0m | [1mINFO    [0m | [36msrc.conversation.base_engine[0m:[36m__init__[0m | [1mSingleUtteranceEngine created[0m
[32m16:20:56.081[0m | [1mINFO    [0m | [36msrc.conversation.single_utterance_engine[0m:[36m__init__[0m | [1mSingleUtteranceEngine created[0m
[32m16:20:56.081[0m | [1mINFO    [0m | [36msrc.conversation.single_utterance_engine[0m:[36minitialize[0m | [1mInitializing SingleUtteranceEngine...[0m
[32m16:20:56.081[0m | [1mINFO    [0m | [36msrc.conversation.base_engine[0m:[36m_initialize_common_components[0m | [1mInitializing SingleUtteranceEngine...[0m
[32m16:20:56.081[0m | [1mINFO    [0m | [36msrc.mcp.discovery[0m:[36m__init__[0m | [1mMCPDiscoveryManager initialized[0m
[32m16:20:56.081[0m | [1mINFO    [0m | [36msrc.mcp.discovery[0m:[36minitialize[0m | [1mMCP discovery and health monitoring started[0m
[32m16:20:56.081[0m | [1mINFO    [0m | [36msrc.mcp.discovery[0m:[36mdiscover_mcps[0m | [1mStarting MCP server discovery...[0m
[32m16:20:56.081[0m | [1mINFO    [0m | [36msrc.mcp.config_loader[0m:[36mload_mcp_config[0m | [1mLoaded MCP server config: moveit (stdio)[0m
[32m16:20:56.081[0m | [1mINFO    [0m | [36msrc.mcp.config_loader[0m:[36mload_mcp_config[0m | [1mSuccessfully loaded 1 MCP server configurations from /home/snickers/Documents/git-repos/hri-social-learner-manipulator/conversational_engine/mcp-config.json[0m
[32m16:20:56.082[0m | [1mINFO    [0m | [36msrc.mcp.discovery[0m:[36mdiscover_mcps[0m | [1mConfig file discovery found 1 servers[0m
[32m16:20:56.082[0m | [1mINFO    [0m | [36msrc.mcp.stdio_client[0m:[36mconnect[0m | [1mSpawning MCP server: python3 /home/snickers/Documents/git-repos/hri-social-learner-manipulator/mcp_servers/moveit_mcp_server.py[0m
[32m16:20:56.082[0m | [1mINFO    [0m | [36msrc.mcp.discovery[0m:[36mdiscover_mcps[0m | [1mStarting MCP server discovery...[0m
[32m16:20:56.082[0m | [1mINFO    [0m | [36msrc.mcp.config_loader[0m:[36mload_mcp_config[0m | [1mLoaded MCP server config: moveit (stdio)[0m
[32m16:20:56.082[0m | [1mINFO    [0m | [36msrc.mcp.config_loader[0m:[36mload_mcp_config[0m | [1mSuccessfully loaded 1 MCP server configurations from /home/snickers/Documents/git-repos/hri-social-learner-manipulator/conversational_engine/mcp-config.json[0m
[32m16:20:56.082[0m | [1mINFO    [0m | [36msrc.mcp.discovery[0m:[36mdiscover_mcps[0m | [1mConfig file discovery found 1 servers[0m
[32m16:20:56.083[0m | [1mINFO    [0m | [36msrc.mcp.stdio_client[0m:[36mconnect[0m | [1mSpawning MCP server: python3 /home/snickers/Documents/git-repos/hri-social-learner-manipulator/mcp_servers/moveit_mcp_server.py[0m
[32m16:20:58.181[0m | [1mINFO    [0m | [36msrc.config.logging[0m:[36mlog_mcp_event[0m | [1mMCP event: stdio_connected[0m
[32m16:20:58.181[0m | [1mINFO    [0m | [36msrc.mcp.stdio_client[0m:[36mconnect[0m | [1mConnected to stdio MCP server: moveit[0m
[32m16:20:58.181[0m | [1mINFO    [0m | [36msrc.mcp.client_factory[0m:[36m_create_stdio_client[0m | [1mCreated stdio MCP client for: moveit[0m
[32m16:20:58.181[0m | [1mINFO    [0m | [36msrc.config.logging[0m:[36mlog_mcp_event[0m | [1mMCP event: stdio_connected[0m
[32m16:20:58.181[0m | [1mINFO    [0m | [36msrc.mcp.stdio_client[0m:[36mconnect[0m | [1mConnected to stdio MCP server: moveit[0m
[32m16:20:58.181[0m | [1mINFO    [0m | [36msrc.mcp.client_factory[0m:[36m_create_stdio_client[0m | [1mCreated stdio MCP client for: moveit[0m
[32m16:20:58.188[0m | [1mINFO    [0m | [36msrc.config.logging[0m:[36mlog_mcp_event[0m | [1mMCP event: capabilities_retrieved[0m
[32m16:20:58.188[0m | [1mINFO    [0m | [36msrc.config.logging[0m:[36mlog_mcp_event[0m | [1mMCP event: server_registered[0m
[32m16:20:58.188[0m | [1mINFO    [0m | [36msrc.mcp.discovery[0m:[36m_register_mcp_server_from_config[0m | [1mRegistered MCP server: moveit (stdio) with 11 tools[0m
[32m16:20:58.188[0m | [1mINFO    [0m | [36msrc.mcp.discovery[0m:[36mdiscover_mcps[0m | [1mMCP discovery completed. Active servers: 1[0m
[32m16:20:58.190[0m | [1mINFO    [0m | [36msrc.config.logging[0m:[36mlog_mcp_event[0m | [1mMCP event: capabilities_retrieved[0m
[32m16:20:58.190[0m | [1mINFO    [0m | [36msrc.config.logging[0m:[36mlog_mcp_event[0m | [1mMCP event: server_registered[0m
[32m16:20:58.191[0m | [1mINFO    [0m | [36msrc.mcp.discovery[0m:[36m_register_mcp_server_from_config[0m | [1mRegistered MCP server: moveit (stdio) with 11 tools[0m
[32m16:20:58.191[0m | [1mINFO    [0m | [36msrc.mcp.discovery[0m:[36mdiscover_mcps[0m | [1mMCP discovery completed. Active servers: 1[0m
[32m16:20:58.191[0m | [1mINFO    [0m | [36msrc.conversation.base_engine[0m:[36m_initialize_common_components[0m | [1mMCP discovery completed successfully[0m
DATABASE_DEBUG: SQLite database path is /home/snickers/Documents/git-repos/hri-social-learner-manipulator/conversational_engine/sessions.db
[32m16:20:58.191[0m | [1mINFO    [0m | [36msrc.session.storage[0m:[36minitialize[0m | [1mSQLite session storage initialized[0m
[32m16:20:58.191[0m | [1mINFO    [0m | [36msrc.session.manager[0m:[36minitialize[0m | [1mSessionManager initialized successfully[0m
[32m16:20:58.192[0m | [1mINFO    [0m | [36msrc.conversation.base_engine[0m:[36m_initialize_common_components[0m | [1m🎉 SingleUtteranceEngine shared components initialized[0m
[32m16:20:58.192[0m | [1mINFO    [0m | [36msrc.conversation.base_engine[0m:[36m_initialize_common_components[0m | [1m🔍 Verifying SingleUtteranceEngine components:[0m
[32m16:20:58.192[0m | [1mINFO    [0m | [36msrc.conversation.base_engine[0m:[36m_initialize_common_components[0m | [1m   - mcp_manager: ✅ SET[0m
[32m16:20:58.192[0m | [1mINFO    [0m | [36msrc.conversation.base_engine[0m:[36m_initialize_common_components[0m | [1m   - session_manager: ✅ SET[0m
[32m16:20:58.192[0m | [1mINFO    [0m | [36msrc.audio.single_utterance_processor[0m:[36m__init__[0m | [1mSingleUtteranceAudioProcessor created[0m
[32m16:20:58.192[0m | [1mINFO    [0m | [36msrc.audio.single_utterance_processor[0m:[36minitialize[0m | [1mInitializing SingleUtteranceAudioProcessor...[0m
[32m16:20:58.484[0m | [1mINFO    [0m | [36msrc.audio.stt[0m:[36m_create_recognizer_if_not_exists[0m | [1mUsing existing STT V2 Recognizer: balam-recognizer-en-us[0m
[32m16:20:58.822[0m | [1mINFO    [0m | [36msrc.audio.stt[0m:[36minitialize[0m | [1mGoogle STT V2 client initialized successfully with service account credentials[0m
[32m16:20:59.077[0m | [1mINFO    [0m | [36msrc.audio.tts[0m:[36minitialize[0m | [1mGoogle TTS client initialized successfully with service account credentials[0m
[32m16:20:59.077[0m | [1mINFO    [0m | [36msrc.audio.single_utterance_processor[0m:[36minitialize[0m | [1m🎉 SingleUtteranceAudioProcessor initialized successfully[0m
[32m16:20:59.077[0m | [1mINFO    [0m | [36msrc.conversation.single_utterance_engine[0m:[36minitialize[0m | [1m🎉 SingleUtteranceEngine initialized successfully[0m
[32m16:20:59.077[0m | [1mINFO    [0m | [36msrc.conversation.single_utterance_engine[0m:[36minitialize[0m | [1m🔍 Verifying SingleUtteranceEngine components:[0m
[32m16:20:59.077[0m | [1mINFO    [0m | [36msrc.conversation.single_utterance_engine[0m:[36minitialize[0m | [1m   - mcp_manager: ✅ SET[0m
[32m16:20:59.077[0m | [1mINFO    [0m | [36msrc.conversation.single_utterance_engine[0m:[36minitialize[0m | [1m   - audio_processor: ✅ SET[0m
[32m16:20:59.077[0m | [1mINFO    [0m | [36msrc.conversation.single_utterance_engine[0m:[36minitialize[0m | [1m   - graph_runner: ✅ SET[0m
[32m16:20:59.077[0m | [1mINFO    [0m | [36msrc.conversation.single_utterance_engine[0m:[36minitialize[0m | [1m   - session_manager: ✅ SET[0m
[32m16:20:59.077[0m | [1mINFO    [0m | [36msrc.conversation.single_utterance_engine[0m:[36minitialize[0m | [1m🔍 AudioProcessor details:[0m
[32m16:20:59.077[0m | [1mINFO    [0m | [36msrc.conversation.single_utterance_engine[0m:[36minitialize[0m | [1m   - _initialized: True[0m
[32m16:20:59.077[0m | [1mINFO    [0m | [36msrc.conversation.single_utterance_engine[0m:[36minitialize[0m | [1m   - tts_client: ✅ SET[0m
[32m16:20:59.077[0m | [1mINFO    [0m | [36msrc.conversation.single_utterance_engine[0m:[36minitialize[0m | [1m   - stt_client: ✅ SET[0m
[32m16:20:59.077[0m | [1mINFO    [0m | [36msrc.main[0m:[36minitialize[0m | [1m✅ SingleUtteranceEngine initialized successfully[0m
[32m16:20:59.077[0m | [1mINFO    [0m | [36msrc.main[0m:[36minitialize[0m | [1m🔌 Initializing ConversationWebSocketHandler...[0m
[32m16:20:59.077[0m | [1mINFO    [0m | [36msrc.api.websocket[0m:[36m__init__[0m | [1mConversationWebSocketHandler initialized[0m
[32m16:20:59.077[0m | [1mINFO    [0m | [36msrc.main[0m:[36minitialize[0m | [1m✅ ConversationWebSocketHandler initialized successfully[0m
[32m16:20:59.077[0m | [1mINFO    [0m | [36msrc.main[0m:[36minitialize[0m | [1m🎉 VoiceOrch Platform initialized successfully[0m
[32m16:20:59.078[0m | [1mINFO    [0m | [36msrc.main[0m:[36mlifespan[0m | [1m💾 Storing components in app.state...[0m
[32m16:20:59.078[0m | [1mINFO    [0m | [36msrc.main[0m:[36mlifespan[0m | [1m🔍 Verifying app.state contents...[0m
[32m16:20:59.078[0m | [1mINFO    [0m | [36msrc.main[0m:[36mlifespan[0m | [1m   - conversation_engine: ✅ SET[0m
[32m16:20:59.078[0m | [1mINFO    [0m | [36msrc.main[0m:[36mlifespan[0m | [1m   - websocket_handler: ✅ SET[0m
[32m16:20:59.078[0m | [1mINFO    [0m | [36msrc.main[0m:[36mlifespan[0m | [1m✅ FastAPI lifespan startup completed successfully[0m
INFO:     Application startup complete.
INFO:     Uvicorn running on http://0.0.0.0:8000 (Press CTRL+C to quit)
INFO:     127.0.0.1:34896 - "GET /health HTTP/1.1" 200 OK
[0;32m[OK][0m Conversational engine started and healthy (PID: 21074)

[0;34m>>> System Status[0m


[0;32mAll components started successfully![0m

Running processes:
  [0;32m[RUNNING][0m PID 20773
  [0;32m[RUNNING][0m PID 21074

[0;36m━━━━━━━━━━━━━━━━━━━━━━━━━━━━━━━━━━━━━━━━━━━━━━━━━━━━━━━━━━━━━━━━━━━━━━━━━━━━━━[0m

  [0;32mVoice Client:[0m  http://localhost:8000/client
  [0;32mAPI Endpoint:[0m  http://localhost:8000/api/v1/converse
  [0;32mWebSocket:[0m     ws://localhost:8000/ws/{session_id}
  [0;32mHealth Check:[0m  http://localhost:8000/health


INFO:     127.0.0.1:34904 - "GET /client HTTP/1.1" 200 OK
  [0;32m[VERIFIED][0m /client endpoint responding

[0;36m━━━━━━━━━━━━━━━━━━━━━━━━━━━━━━━━━━━━━━━━━━━━━━━━━━━━━━━━━━━━━━━━━━━━━━━━━━━━━━[0m

[1;33mPress Ctrl+C to stop all components[0m

INFO:     127.0.0.1:34906 - "GET /client HTTP/1.1" 200 OK
INFO:     127.0.0.1:34906 - "GET /.well-known/appspecific/com.chrome.devtools.json HTTP/1.1" 404 Not Found
[32m16:21:03.051[0m | [1mINFO    [0m | [36msrc.api.websocket[0m:[36mwebsocket_endpoint[0m | [1m🔌 WebSocket connection request received - Session: 563a865f-446a-4ec1-ad2c-0d6ecc2025d5, Client: 127.0.0.1, URL: ws://localhost:8000/ws/563a865f-446a-4ec1-ad2c-0d6ecc2025d5[0m
[32m16:21:03.051[0m | [1mINFO    [0m | [36msrc.api.websocket[0m:[36mwebsocket_endpoint[0m | [1m🔍 Checking app.state contents...[0m
[32m16:21:03.051[0m | [1mINFO    [0m | [36msrc.api.websocket[0m:[36mwebsocket_endpoint[0m | [1m   - app.state attributes: [][0m
[32m16:21:03.051[0m | [1mINFO    [0m | [36msrc.api.websocket[0m:[36mwebsocket_endpoint[0m | [1m🔍 Handler lookup results:[0m
[32m16:21:03.051[0m | [1mINFO    [0m | [36msrc.api.websocket[0m:[36mwebsocket_endpoint[0m | [1m   - websocket_handler: ✅ FOUND[0m
[32m16:21:03.051[0m | [1mINFO    [0m | [36msrc.api.websocket[0m:[36mwebsocket_endpoint[0m | [1m   - conversation_engine: ✅ FOUND[0m
[32m16:21:03.051[0m | [1mINFO    [0m | [36msrc.api.websocket[0m:[36mwebsocket_endpoint[0m | [1m✅ WebSocket handler found, proceeding with connection for session 563a865f-446a-4ec1-ad2c-0d6ecc2025d5[0m
[32m16:21:03.051[0m | [1mINFO    [0m | [36msrc.api.websocket[0m:[36mhandle_connection[0m | [1m🤝 Attempting to accept WebSocket connection for session 563a865f-446a-4ec1-ad2c-0d6ecc2025d5[0m
INFO:     127.0.0.1:34928 - "WebSocket /ws/563a865f-446a-4ec1-ad2c-0d6ecc2025d5" [accepted]
[32m16:21:03.052[0m | [1mINFO    [0m | [36msrc.api.websocket[0m:[36mhandle_connection[0m | [1m✅ WebSocket connection accepted for session 563a865f-446a-4ec1-ad2c-0d6ecc2025d5[0m
[32m16:21:03.052[0m | [1mINFO    [0m | [36msrc.api.websocket[0m:[36mhandle_connection[0m | [1m📝 Connection stored in active_connections for session 563a865f-446a-4ec1-ad2c-0d6ecc2025d5[0m
[32m16:21:03.052[0m | [1mINFO    [0m | [36msrc.api.websocket[0m:[36mhandle_connection[0m | [1m🌐 WebSocket connection established successfully - Session: 563a865f-446a-4ec1-ad2c-0d6ecc2025d5, Client: 127.0.0.1, Total connections: 1[0m
[32m16:21:03.052[0m | [1mINFO    [0m | [36msrc.api.websocket[0m:[36mhandle_connection[0m | [1m📤 Sending initial state update for session 563a865f-446a-4ec1-ad2c-0d6ecc2025d5[0m
INFO:     connection open
[32m16:21:03.053[0m | [1mINFO    [0m | [36msrc.api.websocket[0m:[36mhandle_connection[0m | [1m✅ Initial state update sent successfully for session 563a865f-446a-4ec1-ad2c-0d6ecc2025d5[0m
[32m16:21:03.053[0m | [1mINFO    [0m | [36msrc.api.websocket[0m:[36mhandle_connection[0m | [1m👂 Starting message listener loop for session 563a865f-446a-4ec1-ad2c-0d6ecc2025d5[0m
[32m16:21:33.055[0m | [1mINFO    [0m | [36msrc.api.websocket[0m:[36m_handle_message[0m | [1m🎯 Processing WebSocket message[0m
[32m16:21:33.055[0m | [1mINFO    [0m | [36msrc.api.websocket[0m:[36m_handle_message[0m | [1m🏓 Handling ping for session 563a865f-446a-4ec1-ad2c-0d6ecc2025d5[0m
[32m16:21:33.055[0m | [1mINFO    [0m | [36msrc.api.websocket[0m:[36m_handle_message[0m | [1m✅ ping handled successfully for session 563a865f-446a-4ec1-ad2c-0d6ecc2025d5[0m
[32m16:21:47.592[0m | [1mINFO    [0m | [36msrc.api.websocket[0m:[36m_handle_message[0m | [1m🎯 Processing WebSocket message[0m
[32m16:21:47.592[0m | [1mINFO    [0m | [36msrc.api.websocket[0m:[36m_handle_message[0m | [1m🎬 Handling start_conversation for session 563a865f-446a-4ec1-ad2c-0d6ecc2025d5[0m
[32m16:21:47.592[0m | [1mINFO    [0m | [36msrc.api.websocket[0m:[36m_handle_start_conversation[0m | [1mStarting conversation for session 563a865f-446a-4ec1-ad2c-0d6ecc2025d5[0m
[32m16:21:47.593[0m | [1mINFO    [0m | [36msrc.api.websocket[0m:[36m_handle_message[0m | [1m✅ start_conversation handled successfully for session 563a865f-446a-4ec1-ad2c-0d6ecc2025d5[0m
[32m16:21:47.593[0m | [1mINFO    [0m | [36msrc.api.websocket[0m:[36m_process_streaming_turn[0m | [1mStarting streaming turn for session 563a865f-446a-4ec1-ad2c-0d6ecc2025d5[0m
[32m16:21:47.593[0m | [1mINFO    [0m | [36msrc.config.logging[0m:[36mlog_conversation_event[0m | [1mConversation event: turn_start[0m
[32m16:21:47.595[0m | [1mINFO    [0m | [36msrc.session.manager[0m:[36mget_or_create_session[0m | [1mNew session created[0m
[32m16:21:47.595[0m | [1mINFO    [0m | [36msrc.conversation.state_machine[0m:[36mtransition_to[0m | [1mState transition completed[0m
[32m16:21:47.595[0m | [1mINFO    [0m | [36msrc.config.logging[0m:[36mlog_audio_event[0m | [1mAudio event: streaming_transcription_start[0m
[32m16:21:47.595[0m | [1mINFO    [0m | [36msrc.audio.single_utterance_processor[0m:[36mtranscribe_stream[0m | [1mStarting real-time stream transcription with V2 Recognizer...[0m
[32m16:21:47.595[0m | [1mINFO    [0m | [36msrc.config.logging[0m:[36mlog_audio_event[0m | [1mAudio event: stt_streaming_start[0m
[32m16:21:51.142[0m | [1mINFO    [0m | [36msrc.config.logging[0m:[36mlog_audio_event[0m | [1mAudio event: stt_streaming_event[0m
[32m16:21:51.161[0m | [1mINFO    [0m | [36msrc.audio.single_utterance_processor[0m:[36mtranscribe_stream[0m | [1mFinal transcript received from stream[0m
[32m16:21:51.161[0m | [1mINFO    [0m | [36msrc.config.logging[0m:[36mlog_audio_event[0m | [1mAudio event: streaming_transcription_success[0m
[32m16:21:51.161[0m | [1mINFO    [0m | [36msrc.api.websocket[0m:[36mon_transcript[0m | [1mSent early transcript: Hello, can you hear me?...[0m
[32m16:21:51.161[0m | [1mINFO    [0m | [36msrc.conversation.state_machine[0m:[36mtransition_to[0m | [1mState transition completed[0m
[32m16:21:51.161[0m | [1mINFO    [0m | [36msrc.conversation.single_utterance_engine[0m:[36mprocess_conversation_turn[0m | [1mSpeech transcribed via stream[0m
[32m16:21:52.175[0m | [1mINFO    [0m | [36msrc.audio.single_utterance_processor[0m:[36msynthesize[0m | [1mSynthesizing single utterance response[0m
[32m16:21:52.175[0m | [1mINFO    [0m | [36msrc.config.logging[0m:[36mlog_audio_event[0m | [1mAudio event: tts_request[0m
[32m16:21:52.359[0m | [1mINFO    [0m | [36msrc.config.logging[0m:[36mlog_audio_event[0m | [1mAudio event: tts_success[0m
[32m16:21:52.359[0m | [1mINFO    [0m | [36msrc.config.logging[0m:[36mlog_audio_event[0m | [1mAudio event: single_utterance_synthesis[0m
[32m16:21:52.359[0m | [1mINFO    [0m | [36msrc.audio.single_utterance_processor[0m:[36msynthesize[0m | [1mSingle utterance synthesis completed[0m
[32m16:21:52.359[0m | [1mINFO    [0m | [36msrc.conversation.graph.responder[0m:[36mrespond[0m | [1mResponder prepared final output[0m
[32m16:21:52.360[0m | [1mINFO    [0m | [36msrc.conversation.state_machine[0m:[36mtransition_to[0m | [1mState transition completed[0m
[32m16:21:52.369[0m | [1mINFO    [0m | [36msrc.conversation.models[0m:[36mlog_snapshot[0m | [1mTurn metrics updated[0m
[32m16:21:52.370[0m | [1mINFO    [0m | [36msrc.config.logging[0m:[36mlog_conversation_event[0m | [1mConversation event: turn_complete[0m
[32m16:21:52.370[0m | [1mINFO    [0m | [36msrc.conversation.state_machine[0m:[36mtransition_to[0m | [1mState transition completed[0m
[32m16:21:52.374[0m | [1mINFO    [0m | [36msrc.api.websocket[0m:[36m_send_conversation_result[0m | [1mConversation turn completed for session 563a865f-446a-4ec1-ad2c-0d6ecc2025d5[0m
[32m16:21:52.374[0m | [1mINFO    [0m | [36msrc.api.websocket[0m:[36m_process_streaming_turn[0m | [1mStarting streaming turn for session 563a865f-446a-4ec1-ad2c-0d6ecc2025d5[0m
[32m16:21:52.374[0m | [1mINFO    [0m | [36msrc.config.logging[0m:[36mlog_conversation_event[0m | [1mConversation event: turn_start[0m
[32m16:21:52.375[0m | [1mINFO    [0m | [36msrc.conversation.state_machine[0m:[36mtransition_to[0m | [1mState transition completed[0m
[32m16:21:52.375[0m | [1mINFO    [0m | [36msrc.config.logging[0m:[36mlog_audio_event[0m | [1mAudio event: streaming_transcription_start[0m
[32m16:21:52.375[0m | [1mINFO    [0m | [36msrc.audio.single_utterance_processor[0m:[36mtranscribe_stream[0m | [1mStarting real-time stream transcription with V2 Recognizer...[0m
[32m16:21:52.375[0m | [1mINFO    [0m | [36msrc.config.logging[0m:[36mlog_audio_event[0m | [1mAudio event: stt_streaming_start[0m
INFO:     127.0.0.1:34912 - "GET /favicon.ico HTTP/1.1" 404 Not Found
[32m16:21:56.092[0m | [1mINFO    [0m | [36msrc.config.logging[0m:[36mlog_mcp_event[0m | [1mMCP event: health_check[0m
[32m16:21:58.717[0m | [1mINFO    [0m | [36msrc.api.websocket[0m:[36m_handle_message[0m | [1m🎯 Processing WebSocket message[0m
[32m16:21:58.718[0m | [1mINFO    [0m | [36msrc.api.websocket[0m:[36m_handle_message[0m | [1m🛑 Handling stop_conversation for session 563a865f-446a-4ec1-ad2c-0d6ecc2025d5[0m
[32m16:21:58.718[0m | [1mINFO    [0m | [36msrc.api.websocket[0m:[36m_handle_stop_conversation[0m | [1mStopping conversation for session 563a865f-446a-4ec1-ad2c-0d6ecc2025d5[0m
[32m16:21:58.718[0m | [1mINFO    [0m | [36msrc.api.websocket[0m:[36m_handle_stop_conversation[0m | [1mConversation stopped cleanly for session 563a865f-446a-4ec1-ad2c-0d6ecc2025d5[0m
[32m16:21:58.718[0m | [1mINFO    [0m | [36msrc.api.websocket[0m:[36m_handle_message[0m | [1m✅ stop_conversation handled successfully for session 563a865f-446a-4ec1-ad2c-0d6ecc2025d5[0m
[32m16:21:58.718[0m | [1mINFO    [0m | [36msrc.audio.stt[0m:[36mcancellation_monitor[0m | [1mSTT streaming cancelled by user request (background monitor)[0m
[32m16:21:58.719[0m | [1mINFO    [0m | [36msrc.conversation.state_machine[0m:[36mtransition_to[0m | [1mState transition completed[0m
[32m16:22:03.055[0m | [1mINFO    [0m | [36msrc.api.websocket[0m:[36m_handle_message[0m | [1m🎯 Processing WebSocket message[0m
[32m16:22:03.055[0m | [1mINFO    [0m | [36msrc.api.websocket[0m:[36m_handle_message[0m | [1m🏓 Handling ping for session 563a865f-446a-4ec1-ad2c-0d6ecc2025d5[0m
[32m16:22:03.055[0m | [1mINFO    [0m | [36msrc.api.websocket[0m:[36m_handle_message[0m | [1m✅ ping handled successfully for session 563a865f-446a-4ec1-ad2c-0d6ecc2025d5[0m
[32m16:22:20.884[0m | [1mINFO    [0m | [36msrc.api.websocket[0m:[36m_handle_message[0m | [1m🎯 Processing WebSocket message[0m
[32m16:22:20.884[0m | [1mINFO    [0m | [36msrc.api.websocket[0m:[36m_handle_message[0m | [1m🎬 Handling start_conversation for session 563a865f-446a-4ec1-ad2c-0d6ecc2025d5[0m
[32m16:22:20.884[0m | [1mINFO    [0m | [36msrc.api.websocket[0m:[36m_handle_start_conversation[0m | [1mStarting conversation for session 563a865f-446a-4ec1-ad2c-0d6ecc2025d5[0m
[32m16:22:20.885[0m | [1mINFO    [0m | [36msrc.api.websocket[0m:[36m_handle_message[0m | [1m✅ start_conversation handled successfully for session 563a865f-446a-4ec1-ad2c-0d6ecc2025d5[0m
[32m16:22:20.885[0m | [1mINFO    [0m | [36msrc.api.websocket[0m:[36m_process_streaming_turn[0m | [1mStarting streaming turn for session 563a865f-446a-4ec1-ad2c-0d6ecc2025d5[0m
[32m16:22:20.885[0m | [1mINFO    [0m | [36msrc.config.logging[0m:[36mlog_conversation_event[0m | [1mConversation event: turn_start[0m
[32m16:22:20.885[0m | [1mINFO    [0m | [36msrc.conversation.state_machine[0m:[36mtransition_to[0m | [1mState transition completed[0m
[32m16:22:20.886[0m | [1mINFO    [0m | [36msrc.config.logging[0m:[36mlog_audio_event[0m | [1mAudio event: streaming_transcription_start[0m
[32m16:22:20.886[0m | [1mINFO    [0m | [36msrc.audio.single_utterance_processor[0m:[36mtranscribe_stream[0m | [1mStarting real-time stream transcription with V2 Recognizer...[0m
[32m16:22:20.886[0m | [1mINFO    [0m | [36msrc.config.logging[0m:[36mlog_audio_event[0m | [1mAudio event: stt_streaming_start[0m
[32m16:22:25.376[0m | [1mINFO    [0m | [36msrc.config.logging[0m:[36mlog_audio_event[0m | [1mAudio event: stt_streaming_event[0m
[32m16:22:25.402[0m | [1mINFO    [0m | [36msrc.audio.single_utterance_processor[0m:[36mtranscribe_stream[0m | [1mFinal transcript received from stream[0m
[32m16:22:25.402[0m | [1mINFO    [0m | [36msrc.config.logging[0m:[36mlog_audio_event[0m | [1mAudio event: streaming_transcription_success[0m
[32m16:22:25.403[0m | [1mINFO    [0m | [36msrc.api.websocket[0m:[36mon_transcript[0m | [1mSent early transcript: Turn the arm left....[0m
[32m16:22:25.403[0m | [1mINFO    [0m | [36msrc.conversation.state_machine[0m:[36mtransition_to[0m | [1mState transition completed[0m
[32m16:22:25.403[0m | [1mINFO    [0m | [36msrc.conversation.single_utterance_engine[0m:[36mprocess_conversation_turn[0m | [1mSpeech transcribed via stream[0m
[32m16:22:26.580[0m | [1mINFO    [0m | [36msrc.conversation.graph.runner[0m:[36mrun_turn[0m | [1m[DIAG] Planner tool decision: tool_name=move, tool_args={'direction': 'left', 'distance': 0.2}[0m
[32m16:22:26.580[0m | [1mINFO    [0m | [36msrc.audio.single_utterance_processor[0m:[36msynthesize[0m | [1mSynthesizing single utterance response[0m
[32m16:22:26.581[0m | [1mINFO    [0m | [36msrc.config.logging[0m:[36mlog_audio_event[0m | [1mAudio event: tts_request[0m
[32m16:22:26.784[0m | [1mINFO    [0m | [36msrc.config.logging[0m:[36mlog_audio_event[0m | [1mAudio event: tts_success[0m
[32m16:22:26.784[0m | [1mINFO    [0m | [36msrc.config.logging[0m:[36mlog_audio_event[0m | [1mAudio event: single_utterance_synthesis[0m
[32m16:22:26.784[0m | [1mINFO    [0m | [36msrc.audio.single_utterance_processor[0m:[36msynthesize[0m | [1mSingle utterance synthesis completed[0m
[32m16:22:26.788[0m | [1mINFO    [0m | [36msrc.api.websocket[0m:[36mon_acknowledgment[0m | [1mSent acknowledgment for session 563a865f-446a-4ec1-ad2c-0d6ecc2025d5: Ok, moving left.[0m
[32m16:22:26.788[0m | [1mINFO    [0m | [36msrc.conversation.graph.runner[0m:[36mrun_turn[0m | [1mAcknowledgment sent before tool execution[0m
[32m16:22:26.789[0m | [1mINFO    [0m | [36msrc.conversation.graph.executor[0m:[36mexecute[0m | [1mInvoking MCP tool[0m
[32m16:22:26.789[0m | [1mINFO    [0m | [36msrc.conversation.graph.executor[0m:[36mexecute[0m | [1m[DIAG] Calling MCP tool: tool=move, args={'direction': 'left', 'distance': 0.2, 'angle': 15.0}[0m
[32m16:22:26.792[0m | [1mINFO    [0m | [36msrc.mcp.stdio_client[0m:[36m_stderr_loop[0m | [1m[moveit stderr] [DIAG] MCP call_tool: name=move, args={'direction': 'left', 'distance': 0.2, 'angle': 15.0}[0m
[move_group-9] [INFO] [1765401746.802288076] [moveit_move_group_default_capabilities.plan_service_capability]: Received new planning service request...
[move_group-9] [INFO] [1765401746.803202142] [moveit.ompl_planning.model_based_planning_context]: Planner configuration 'arm' will use planner 'geometric::RRTConnect'. Additional configuration parameters will be set when the planner is constructed.
[move_group-9] [WARN] [1765401746.817592755] [moveit_trajectory_processing.time_optimal_trajectory_generation]: Joint acceleration limits are not defined. Using the default 1 rad/s^2. You can define acceleration limits in the URDF or joint_limits.yaml.
[move_group-9] [INFO] [1765401746.819991819] [moveit_move_group_default_capabilities.execute_trajectory_action_capability]: Received goal request
[move_group-9] [INFO] [1765401746.820164673] [moveit_move_group_default_capabilities.execute_trajectory_action_capability]: Execution request received
[move_group-9] [INFO] [1765401746.820196242] [moveit.plugins.moveit_simple_controller_manager]: Returned 2 controllers in list
[move_group-9] [INFO] [1765401746.820217142] [moveit.plugins.moveit_simple_controller_manager]: Returned 2 controllers in list
[move_group-9] [INFO] [1765401746.820452223] [moveit_ros.trajectory_execution_manager]: Validating trajectory with allowed_start_tolerance 0.01
[move_group-9] [INFO] [1765401746.820697253] [moveit_ros.trajectory_execution_manager]: Starting trajectory execution ...
[move_group-9] [INFO] [1765401746.820734773] [moveit.plugins.moveit_simple_controller_manager]: Returned 2 controllers in list
[move_group-9] [INFO] [1765401746.820755650] [moveit.plugins.moveit_simple_controller_manager]: Returned 2 controllers in list
[move_group-9] [INFO] [1765401746.820888866] [moveit.simple_controller_manager.follow_joint_trajectory_controller_handle]: sending trajectory to joint_trajectory_controller
[ros2_control_node-1] [INFO] [1765401746.821140368] [joint_trajectory_controller]: Received new action goal
[ros2_control_node-1] [INFO] [1765401746.821181940] [joint_trajectory_controller]: Accepted new action goal
[move_group-9] [INFO] [1765401746.821275748] [moveit.simple_controller_manager.follow_joint_trajectory_controller_handle]: joint_trajectory_controller started execution
[move_group-9] [INFO] [1765401746.821291316] [moveit.simple_controller_manager.follow_joint_trajectory_controller_handle]: Goal request accepted!
[ros2_control_node-1] [INFO] [1765401748.713565576] [joint_trajectory_controller]: Goal reached, success!
[move_group-9] [INFO] [1765401748.721753440] [moveit.simple_controller_manager.follow_joint_trajectory_controller_handle]: Controller 'joint_trajectory_controller' successfully finished
[move_group-9] [INFO] [1765401748.724686909] [moveit_ros.trajectory_execution_manager]: Completed trajectory execution with status SUCCEEDED ...
[move_group-9] [INFO] [1765401748.724796849] [moveit_move_group_default_capabilities.execute_trajectory_action_capability]: Execution completed: SUCCEEDED
[32m16:22:28.730[0m | [1mINFO    [0m | [36msrc.config.logging[0m:[36mlog_mcp_event[0m | [1mMCP event: tool_invoked[0m
[32m16:22:28.730[0m | [1mINFO    [0m | [36msrc.conversation.graph.executor[0m:[36mexecute[0m | [1m[DIAG] MCP response: tool=move, result={'content': [{'type': 'text', 'text': '{\n  "success": true,\n  "message": "Moved to pose (0.160, 0.003, 0.505)",\n  "start_pose": {\n    "x": 0.1597,\n    "y": 0.203,\n    "z": 0.505\n  },\n  "end_pose": {\n    "x": 0.1602,\n    "y": 0.0023,\n    "z": 0.5047\n  },\n  "duration_ms": 1934.21,\n  "dir[0m
[32m16:22:28.730[0m | [1mINFO    [0m | [36msrc.conversation.graph.runner[0m:[36mrun_turn[0m | [1mVerification required after tool execution[0m
[32m16:22:28.730[0m | [1mINFO    [0m | [36msrc.audio.single_utterance_processor[0m:[36msynthesize[0m | [1mSynthesizing single utterance response[0m
[32m16:22:28.731[0m | [1mINFO    [0m | [36msrc.config.logging[0m:[36mlog_audio_event[0m | [1mAudio event: tts_request[0m
[32m16:22:28.899[0m | [1mINFO    [0m | [36msrc.config.logging[0m:[36mlog_audio_event[0m | [1mAudio event: tts_success[0m
[32m16:22:28.899[0m | [1mINFO    [0m | [36msrc.config.logging[0m:[36mlog_audio_event[0m | [1mAudio event: single_utterance_synthesis[0m
[32m16:22:28.899[0m | [1mINFO    [0m | [36msrc.audio.single_utterance_processor[0m:[36msynthesize[0m | [1mSingle utterance synthesis completed[0m
[32m16:22:28.899[0m | [1mINFO    [0m | [36msrc.conversation.graph.responder[0m:[36mrespond[0m | [1mResponder prepared final output[0m
[32m16:22:28.899[0m | [1mINFO    [0m | [36msrc.conversation.state_machine[0m:[36mtransition_to[0m | [1mState transition completed[0m
[32m16:22:28.911[0m | [1mINFO    [0m | [36msrc.conversation.models[0m:[36mlog_snapshot[0m | [1mTurn metrics updated[0m
[32m16:22:28.911[0m | [1mINFO    [0m | [36msrc.config.logging[0m:[36mlog_conversation_event[0m | [1mConversation event: turn_complete[0m
[32m16:22:28.911[0m | [1mINFO    [0m | [36msrc.conversation.state_machine[0m:[36mtransition_to[0m | [1mState transition completed[0m
[32m16:22:28.917[0m | [1mINFO    [0m | [36msrc.api.websocket[0m:[36m_send_conversation_result[0m | [1mConversation turn completed for session 563a865f-446a-4ec1-ad2c-0d6ecc2025d5[0m
[32m16:22:28.917[0m | [1mINFO    [0m | [36msrc.api.websocket[0m:[36m_process_streaming_turn[0m | [1mStarting streaming turn for session 563a865f-446a-4ec1-ad2c-0d6ecc2025d5[0m
[32m16:22:28.917[0m | [1mINFO    [0m | [36msrc.config.logging[0m:[36mlog_conversation_event[0m | [1mConversation event: turn_start[0m
[32m16:22:28.918[0m | [1mINFO    [0m | [36msrc.conversation.state_machine[0m:[36mtransition_to[0m | [1mState transition completed[0m
[32m16:22:28.918[0m | [1mINFO    [0m | [36msrc.config.logging[0m:[36mlog_audio_event[0m | [1mAudio event: streaming_transcription_start[0m
[32m16:22:28.918[0m | [1mINFO    [0m | [36msrc.audio.single_utterance_processor[0m:[36mtranscribe_stream[0m | [1mStarting real-time stream transcription with V2 Recognizer...[0m
[32m16:22:28.918[0m | [1mINFO    [0m | [36msrc.config.logging[0m:[36mlog_audio_event[0m | [1mAudio event: stt_streaming_start[0m
[32m16:22:33.055[0m | [1mINFO    [0m | [36msrc.api.websocket[0m:[36m_handle_message[0m | [1m🎯 Processing WebSocket message[0m
[32m16:22:33.055[0m | [1mINFO    [0m | [36msrc.api.websocket[0m:[36m_handle_message[0m | [1m🏓 Handling ping for session 563a865f-446a-4ec1-ad2c-0d6ecc2025d5[0m
[32m16:22:33.056[0m | [1mINFO    [0m | [36msrc.api.websocket[0m:[36m_handle_message[0m | [1m✅ ping handled successfully for session 563a865f-446a-4ec1-ad2c-0d6ecc2025d5[0m
[32m16:22:34.474[0m | [1mINFO    [0m | [36msrc.config.logging[0m:[36mlog_audio_event[0m | [1mAudio event: stt_streaming_event[0m
[32m16:22:34.502[0m | [1mINFO    [0m | [36msrc.audio.single_utterance_processor[0m:[36mtranscribe_stream[0m | [1mFinal transcript received from stream[0m
[32m16:22:34.502[0m | [1mINFO    [0m | [36msrc.config.logging[0m:[36mlog_audio_event[0m | [1mAudio event: streaming_transcription_success[0m
[32m16:22:34.502[0m | [1mINFO    [0m | [36msrc.api.websocket[0m:[36mon_transcript[0m | [1mSent early transcript: Turn it the other way....[0m
[32m16:22:34.503[0m | [1mINFO    [0m | [36msrc.conversation.state_machine[0m:[36mtransition_to[0m | [1mState transition completed[0m
[32m16:22:34.503[0m | [1mINFO    [0m | [36msrc.conversation.single_utterance_engine[0m:[36mprocess_conversation_turn[0m | [1mSpeech transcribed via stream[0m
[32m16:22:34.503[0m | [1mINFO    [0m | [36msrc.conversation.graph.runner[0m:[36mrun_turn[0m | [1mVerification pending - passing to planner for LLM classification[0m
[32m16:22:35.694[0m | [1mINFO    [0m | [36msrc.conversation.graph.runner[0m:[36mrun_turn[0m | [1mPhase 11: Processing verification response via LLM[0m
[32m16:22:35.694[0m | [1mINFO    [0m | [36msrc.conversation.graph.runner[0m:[36mrun_turn[0m | [1mNew instruction during verification, proceeding with tool[0m
[32m16:22:35.694[0m | [1mINFO    [0m | [36msrc.conversation.graph.runner[0m:[36mrun_turn[0m | [1m[DIAG] Planner tool decision: tool_name=move, tool_args={'direction': 'right', 'distance': 0.2}[0m
[32m16:22:35.694[0m | [1mINFO    [0m | [36msrc.audio.single_utterance_processor[0m:[36msynthesize[0m | [1mSynthesizing single utterance response[0m
[32m16:22:35.694[0m | [1mINFO    [0m | [36msrc.config.logging[0m:[36mlog_audio_event[0m | [1mAudio event: tts_request[0m
[32m16:22:35.926[0m | [1mINFO    [0m | [36msrc.config.logging[0m:[36mlog_audio_event[0m | [1mAudio event: tts_success[0m
[32m16:22:35.926[0m | [1mINFO    [0m | [36msrc.config.logging[0m:[36mlog_audio_event[0m | [1mAudio event: single_utterance_synthesis[0m
[32m16:22:35.926[0m | [1mINFO    [0m | [36msrc.audio.single_utterance_processor[0m:[36msynthesize[0m | [1mSingle utterance synthesis completed[0m
[32m16:22:35.932[0m | [1mINFO    [0m | [36msrc.api.websocket[0m:[36mon_acknowledgment[0m | [1mSent acknowledgment for session 563a865f-446a-4ec1-ad2c-0d6ecc2025d5: Ok, moving right.[0m
[32m16:22:35.932[0m | [1mINFO    [0m | [36msrc.conversation.graph.runner[0m:[36mrun_turn[0m | [1mAcknowledgment sent before tool execution[0m
[32m16:22:35.932[0m | [1mINFO    [0m | [36msrc.conversation.graph.executor[0m:[36mexecute[0m | [1mInvoking MCP tool[0m
[32m16:22:35.933[0m | [1mINFO    [0m | [36msrc.conversation.graph.executor[0m:[36mexecute[0m | [1m[DIAG] Calling MCP tool: tool=move, args={'direction': 'right', 'distance': 0.2, 'angle': 15.0}[0m
[32m16:22:35.937[0m | [1mINFO    [0m | [36msrc.mcp.stdio_client[0m:[36m_stderr_loop[0m | [1m[moveit stderr] [DIAG] MCP call_tool: name=move, args={'direction': 'right', 'distance': 0.2, 'angle': 15.0}[0m
[move_group-9] [INFO] [1765401755.945994314] [moveit_move_group_default_capabilities.plan_service_capability]: Received new planning service request...
[move_group-9] [INFO] [1765401755.946870331] [moveit.ompl_planning.model_based_planning_context]: Planner configuration 'arm' will use planner 'geometric::RRTConnect'. Additional configuration parameters will be set when the planner is constructed.
[move_group-9] [INFO] [1765401755.980505412] [moveit_move_group_default_capabilities.execute_trajectory_action_capability]: Received goal request
[move_group-9] [INFO] [1765401755.980593450] [moveit_move_group_default_capabilities.execute_trajectory_action_capability]: Execution request received
[move_group-9] [INFO] [1765401755.980615938] [moveit.plugins.moveit_simple_controller_manager]: Returned 2 controllers in list
[move_group-9] [INFO] [1765401755.980632817] [moveit.plugins.moveit_simple_controller_manager]: Returned 2 controllers in list
[move_group-9] [INFO] [1765401755.980695599] [moveit_ros.trajectory_execution_manager]: Validating trajectory with allowed_start_tolerance 0.01
[move_group-9] [INFO] [1765401755.981686359] [moveit_ros.trajectory_execution_manager]: Starting trajectory execution ...
[move_group-9] [INFO] [1765401755.981715504] [moveit.plugins.moveit_simple_controller_manager]: Returned 2 controllers in list
[move_group-9] [INFO] [1765401755.981734883] [moveit.plugins.moveit_simple_controller_manager]: Returned 2 controllers in list
[move_group-9] [INFO] [1765401755.981830997] [moveit.simple_controller_manager.follow_joint_trajectory_controller_handle]: sending trajectory to joint_trajectory_controller
[ros2_control_node-1] [INFO] [1765401755.982029105] [joint_trajectory_controller]: Received new action goal
[ros2_control_node-1] [INFO] [1765401755.982060909] [joint_trajectory_controller]: Accepted new action goal
[move_group-9] [INFO] [1765401755.982201105] [moveit.simple_controller_manager.follow_joint_trajectory_controller_handle]: joint_trajectory_controller started execution
[move_group-9] [INFO] [1765401755.982212417] [moveit.simple_controller_manager.follow_joint_trajectory_controller_handle]: Goal request accepted!
[ros2_control_node-1] [INFO] [1765401761.110556415] [joint_trajectory_controller]: Goal reached, success!
[move_group-9] [INFO] [1765401761.132416195] [moveit.simple_controller_manager.follow_joint_trajectory_controller_handle]: Controller 'joint_trajectory_controller' successfully finished
[move_group-9] [INFO] [1765401761.134686420] [moveit_ros.trajectory_execution_manager]: Completed trajectory execution with status SUCCEEDED ...
[move_group-9] [INFO] [1765401761.134763067] [moveit_move_group_default_capabilities.execute_trajectory_action_capability]: Execution completed: SUCCEEDED
[32m16:22:41.139[0m | [1mINFO    [0m | [36msrc.config.logging[0m:[36mlog_mcp_event[0m | [1mMCP event: tool_invoked[0m
[32m16:22:41.139[0m | [1mINFO    [0m | [36msrc.conversation.graph.executor[0m:[36mexecute[0m | [1m[DIAG] MCP response: tool=move, result={'content': [{'type': 'text', 'text': '{\n  "success": true,\n  "message": "Moved to pose (0.160, 0.202, 0.505)",\n  "start_pose": {\n    "x": 0.1602,\n    "y": 0.0023,\n    "z": 0.5047\n  },\n  "end_pose": {\n    "x": 0.16,\n    "y": 0.2018,\n    "z": 0.5046\n  },\n  "duration_ms": 5198.99,\n  "dir[0m
[32m16:22:41.139[0m | [1mINFO    [0m | [36msrc.conversation.graph.runner[0m:[36mrun_turn[0m | [1mVerification required after tool execution[0m
[32m16:22:41.139[0m | [1mINFO    [0m | [36msrc.audio.single_utterance_processor[0m:[36msynthesize[0m | [1mSynthesizing single utterance response[0m
[32m16:22:41.139[0m | [1mINFO    [0m | [36msrc.config.logging[0m:[36mlog_audio_event[0m | [1mAudio event: tts_request[0m
[32m16:22:41.429[0m | [1mINFO    [0m | [36msrc.config.logging[0m:[36mlog_audio_event[0m | [1mAudio event: tts_success[0m
[32m16:22:41.429[0m | [1mINFO    [0m | [36msrc.config.logging[0m:[36mlog_audio_event[0m | [1mAudio event: single_utterance_synthesis[0m
[32m16:22:41.429[0m | [1mINFO    [0m | [36msrc.audio.single_utterance_processor[0m:[36msynthesize[0m | [1mSingle utterance synthesis completed[0m
[32m16:22:41.429[0m | [1mINFO    [0m | [36msrc.conversation.graph.responder[0m:[36mrespond[0m | [1mResponder prepared final output[0m
[32m16:22:41.430[0m | [1mINFO    [0m | [36msrc.conversation.state_machine[0m:[36mtransition_to[0m | [1mState transition completed[0m
[32m16:22:41.441[0m | [1mINFO    [0m | [36msrc.conversation.models[0m:[36mlog_snapshot[0m | [1mTurn metrics updated[0m
[32m16:22:41.441[0m | [1mINFO    [0m | [36msrc.config.logging[0m:[36mlog_conversation_event[0m | [1mConversation event: turn_complete[0m
[32m16:22:41.441[0m | [1mINFO    [0m | [36msrc.conversation.state_machine[0m:[36mtransition_to[0m | [1mState transition completed[0m
[32m16:22:41.446[0m | [1mINFO    [0m | [36msrc.api.websocket[0m:[36m_send_conversation_result[0m | [1mConversation turn completed for session 563a865f-446a-4ec1-ad2c-0d6ecc2025d5[0m
[32m16:22:41.446[0m | [1mINFO    [0m | [36msrc.api.websocket[0m:[36m_process_streaming_turn[0m | [1mStarting streaming turn for session 563a865f-446a-4ec1-ad2c-0d6ecc2025d5[0m
[32m16:22:41.447[0m | [1mINFO    [0m | [36msrc.config.logging[0m:[36mlog_conversation_event[0m | [1mConversation event: turn_start[0m
[32m16:22:41.447[0m | [1mINFO    [0m | [36msrc.conversation.state_machine[0m:[36mtransition_to[0m | [1mState transition completed[0m
[32m16:22:41.447[0m | [1mINFO    [0m | [36msrc.config.logging[0m:[36mlog_audio_event[0m | [1mAudio event: streaming_transcription_start[0m
[32m16:22:41.447[0m | [1mINFO    [0m | [36msrc.audio.single_utterance_processor[0m:[36mtranscribe_stream[0m | [1mStarting real-time stream transcription with V2 Recognizer...[0m
[32m16:22:41.447[0m | [1mINFO    [0m | [36msrc.config.logging[0m:[36mlog_audio_event[0m | [1mAudio event: stt_streaming_start[0m
[32m16:22:47.180[0m | [1mINFO    [0m | [36msrc.config.logging[0m:[36mlog_audio_event[0m | [1mAudio event: stt_streaming_event[0m
[32m16:22:47.207[0m | [1mINFO    [0m | [36msrc.audio.single_utterance_processor[0m:[36mtranscribe_stream[0m | [1mFinal transcript received from stream[0m
[32m16:22:47.207[0m | [1mINFO    [0m | [36msrc.config.logging[0m:[36mlog_audio_event[0m | [1mAudio event: streaming_transcription_success[0m
[32m16:22:47.207[0m | [1mINFO    [0m | [36msrc.api.websocket[0m:[36mon_transcript[0m | [1mSent early transcript: Turn a bit more to the right....[0m
[32m16:22:47.207[0m | [1mINFO    [0m | [36msrc.conversation.state_machine[0m:[36mtransition_to[0m | [1mState transition completed[0m
[32m16:22:47.208[0m | [1mINFO    [0m | [36msrc.conversation.single_utterance_engine[0m:[36mprocess_conversation_turn[0m | [1mSpeech transcribed via stream[0m
[32m16:22:47.208[0m | [1mINFO    [0m | [36msrc.conversation.graph.runner[0m:[36mrun_turn[0m | [1mVerification pending - passing to planner for LLM classification[0m
[32m16:22:48.391[0m | [1mINFO    [0m | [36msrc.conversation.graph.runner[0m:[36mrun_turn[0m | [1mPhase 11: Processing verification response via LLM[0m
[32m16:22:48.392[0m | [1mINFO    [0m | [36msrc.conversation.graph.runner[0m:[36mrun_turn[0m | [1mNew instruction during verification, proceeding with tool[0m
[32m16:22:48.392[0m | [1mINFO    [0m | [36msrc.conversation.graph.runner[0m:[36mrun_turn[0m | [1m[DIAG] Planner tool decision: tool_name=move, tool_args={'direction': 'right', 'distance': 0.1}[0m
[32m16:22:48.392[0m | [1mINFO    [0m | [36msrc.audio.single_utterance_processor[0m:[36msynthesize[0m | [1mSynthesizing single utterance response[0m
[32m16:22:48.392[0m | [1mINFO    [0m | [36msrc.config.logging[0m:[36mlog_audio_event[0m | [1mAudio event: tts_request[0m
[32m16:22:48.597[0m | [1mINFO    [0m | [36msrc.config.logging[0m:[36mlog_audio_event[0m | [1mAudio event: tts_success[0m
[32m16:22:48.598[0m | [1mINFO    [0m | [36msrc.config.logging[0m:[36mlog_audio_event[0m | [1mAudio event: single_utterance_synthesis[0m
[32m16:22:48.598[0m | [1mINFO    [0m | [36msrc.audio.single_utterance_processor[0m:[36msynthesize[0m | [1mSingle utterance synthesis completed[0m
[32m16:22:48.606[0m | [1mINFO    [0m | [36msrc.api.websocket[0m:[36mon_acknowledgment[0m | [1mSent acknowledgment for session 563a865f-446a-4ec1-ad2c-0d6ecc2025d5: Ok, moving right.[0m
[32m16:22:48.606[0m | [1mINFO    [0m | [36msrc.conversation.graph.runner[0m:[36mrun_turn[0m | [1mAcknowledgment sent before tool execution[0m
[32m16:22:48.606[0m | [1mINFO    [0m | [36msrc.conversation.graph.executor[0m:[36mexecute[0m | [1mInvoking MCP tool[0m
[32m16:22:48.606[0m | [1mINFO    [0m | [36msrc.conversation.graph.executor[0m:[36mexecute[0m | [1m[DIAG] Calling MCP tool: tool=move, args={'direction': 'right', 'distance': 0.1, 'angle': 15.0}[0m
[32m16:22:48.611[0m | [1mINFO    [0m | [36msrc.mcp.stdio_client[0m:[36m_stderr_loop[0m | [1m[moveit stderr] [DIAG] MCP call_tool: name=move, args={'direction': 'right', 'distance': 0.1, 'angle': 15.0}[0m
[move_group-9] [INFO] [1765401768.619524987] [moveit_move_group_default_capabilities.plan_service_capability]: Received new planning service request...
[move_group-9] [INFO] [1765401768.620828710] [moveit.ompl_planning.model_based_planning_context]: Planner configuration 'arm' will use planner 'geometric::RRTConnect'. Additional configuration parameters will be set when the planner is constructed.
[move_group-9] [INFO] [1765401768.662969583] [moveit_move_group_default_capabilities.execute_trajectory_action_capability]: Received goal request
[move_group-9] [INFO] [1765401768.663020212] [moveit_move_group_default_capabilities.execute_trajectory_action_capability]: Execution request received
[move_group-9] [INFO] [1765401768.663030934] [moveit.plugins.moveit_simple_controller_manager]: Returned 2 controllers in list
[move_group-9] [INFO] [1765401768.663039314] [moveit.plugins.moveit_simple_controller_manager]: Returned 2 controllers in list
[move_group-9] [INFO] [1765401768.663065912] [moveit_ros.trajectory_execution_manager]: Validating trajectory with allowed_start_tolerance 0.01
[move_group-9] [INFO] [1765401768.663717342] [moveit_ros.trajectory_execution_manager]: Starting trajectory execution ...
[move_group-9] [INFO] [1765401768.663752895] [moveit.plugins.moveit_simple_controller_manager]: Returned 2 controllers in list
[move_group-9] [INFO] [1765401768.663773763] [moveit.plugins.moveit_simple_controller_manager]: Returned 2 controllers in list
[move_group-9] [INFO] [1765401768.663868071] [moveit.simple_controller_manager.follow_joint_trajectory_controller_handle]: sending trajectory to joint_trajectory_controller
[ros2_control_node-1] [INFO] [1765401768.664051749] [joint_trajectory_controller]: Received new action goal
[ros2_control_node-1] [INFO] [1765401768.664077373] [joint_trajectory_controller]: Accepted new action goal
[move_group-9] [INFO] [1765401768.664153286] [moveit.simple_controller_manager.follow_joint_trajectory_controller_handle]: joint_trajectory_controller started execution
[move_group-9] [INFO] [1765401768.664167562] [moveit.simple_controller_manager.follow_joint_trajectory_controller_handle]: Goal request accepted!
[ros2_control_node-1] [INFO] [1765401773.825557300] [joint_trajectory_controller]: Goal reached, success!
[move_group-9] [INFO] [1765401773.864410583] [moveit.simple_controller_manager.follow_joint_trajectory_controller_handle]: Controller 'joint_trajectory_controller' successfully finished
[move_group-9] [INFO] [1765401773.866662263] [moveit_ros.trajectory_execution_manager]: Completed trajectory execution with status SUCCEEDED ...
[move_group-9] [INFO] [1765401773.866718568] [moveit_move_group_default_capabilities.execute_trajectory_action_capability]: Execution completed: SUCCEEDED
[32m16:22:53.869[0m | [1mINFO    [0m | [36msrc.config.logging[0m:[36mlog_mcp_event[0m | [1mMCP event: tool_invoked[0m
[32m16:22:53.870[0m | [1mINFO    [0m | [36msrc.conversation.graph.executor[0m:[36mexecute[0m | [1m[DIAG] MCP response: tool=move, result={'content': [{'type': 'text', 'text': '{\n  "success": true,\n  "message": "Moved to pose (0.160, 0.302, 0.505)",\n  "start_pose": {\n    "x": 0.16,\n    "y": 0.2018,\n    "z": 0.5046\n  },\n  "end_pose": {\n    "x": 0.158,\n    "y": 0.3028,\n    "z": 0.5033\n  },\n  "duration_ms": 5256.4,\n  "direc[0m
[32m16:22:53.870[0m | [1mINFO    [0m | [36msrc.conversation.graph.runner[0m:[36mrun_turn[0m | [1mVerification required after tool execution[0m
[32m16:22:53.870[0m | [1mINFO    [0m | [36msrc.audio.single_utterance_processor[0m:[36msynthesize[0m | [1mSynthesizing single utterance response[0m
[32m16:22:53.870[0m | [1mINFO    [0m | [36msrc.config.logging[0m:[36mlog_audio_event[0m | [1mAudio event: tts_request[0m
[32m16:22:54.229[0m | [1mINFO    [0m | [36msrc.config.logging[0m:[36mlog_audio_event[0m | [1mAudio event: tts_success[0m
[32m16:22:54.229[0m | [1mINFO    [0m | [36msrc.config.logging[0m:[36mlog_audio_event[0m | [1mAudio event: single_utterance_synthesis[0m
[32m16:22:54.229[0m | [1mINFO    [0m | [36msrc.audio.single_utterance_processor[0m:[36msynthesize[0m | [1mSingle utterance synthesis completed[0m
[32m16:22:54.229[0m | [1mINFO    [0m | [36msrc.conversation.graph.responder[0m:[36mrespond[0m | [1mResponder prepared final output[0m
[32m16:22:54.229[0m | [1mINFO    [0m | [36msrc.conversation.state_machine[0m:[36mtransition_to[0m | [1mState transition completed[0m
[32m16:22:54.240[0m | [1mINFO    [0m | [36msrc.conversation.models[0m:[36mlog_snapshot[0m | [1mTurn metrics updated[0m
[32m16:22:54.240[0m | [1mINFO    [0m | [36msrc.config.logging[0m:[36mlog_conversation_event[0m | [1mConversation event: turn_complete[0m
[32m16:22:54.241[0m | [1mINFO    [0m | [36msrc.conversation.state_machine[0m:[36mtransition_to[0m | [1mState transition completed[0m
[32m16:22:54.246[0m | [1mINFO    [0m | [36msrc.api.websocket[0m:[36m_send_conversation_result[0m | [1mConversation turn completed for session 563a865f-446a-4ec1-ad2c-0d6ecc2025d5[0m
[32m16:22:54.246[0m | [1mINFO    [0m | [36msrc.api.websocket[0m:[36m_process_streaming_turn[0m | [1mStarting streaming turn for session 563a865f-446a-4ec1-ad2c-0d6ecc2025d5[0m
[32m16:22:54.246[0m | [1mINFO    [0m | [36msrc.config.logging[0m:[36mlog_conversation_event[0m | [1mConversation event: turn_start[0m
[32m16:22:54.246[0m | [1mINFO    [0m | [36msrc.conversation.state_machine[0m:[36mtransition_to[0m | [1mState transition completed[0m
[32m16:22:54.246[0m | [1mINFO    [0m | [36msrc.config.logging[0m:[36mlog_audio_event[0m | [1mAudio event: streaming_transcription_start[0m
[32m16:22:54.246[0m | [1mINFO    [0m | [36msrc.audio.single_utterance_processor[0m:[36mtranscribe_stream[0m | [1mStarting real-time stream transcription with V2 Recognizer...[0m
[32m16:22:54.247[0m | [1mINFO    [0m | [36msrc.config.logging[0m:[36mlog_audio_event[0m | [1mAudio event: stt_streaming_start[0m
[32m16:22:56.096[0m | [1mINFO    [0m | [36msrc.config.logging[0m:[36mlog_mcp_event[0m | [1mMCP event: health_check[0m
[32m16:23:00.823[0m | [1mINFO    [0m | [36msrc.config.logging[0m:[36mlog_audio_event[0m | [1mAudio event: stt_streaming_event[0m
[32m16:23:00.849[0m | [1mINFO    [0m | [36msrc.audio.single_utterance_processor[0m:[36mtranscribe_stream[0m | [1mFinal transcript received from stream[0m
[32m16:23:00.850[0m | [1mINFO    [0m | [36msrc.config.logging[0m:[36mlog_audio_event[0m | [1mAudio event: streaming_transcription_success[0m
[32m16:23:00.850[0m | [1mINFO    [0m | [36msrc.api.websocket[0m:[36mon_transcript[0m | [1mSent early transcript: No, turn 90° to the right....[0m
[32m16:23:00.850[0m | [1mINFO    [0m | [36msrc.conversation.state_machine[0m:[36mtransition_to[0m | [1mState transition completed[0m
[32m16:23:00.850[0m | [1mINFO    [0m | [36msrc.conversation.single_utterance_engine[0m:[36mprocess_conversation_turn[0m | [1mSpeech transcribed via stream[0m
[32m16:23:00.851[0m | [1mINFO    [0m | [36msrc.conversation.graph.runner[0m:[36mrun_turn[0m | [1mVerification pending - passing to planner for LLM classification[0m
[32m16:23:01.909[0m | [1mINFO    [0m | [36msrc.conversation.graph.runner[0m:[36mrun_turn[0m | [1mPhase 11: Processing verification response via LLM[0m
[32m16:23:01.909[0m | [1mINFO    [0m | [36msrc.conversation.graph.runner[0m:[36mrun_turn[0m | [1mNew instruction during verification, proceeding with tool[0m
[32m16:23:01.909[0m | [1mINFO    [0m | [36msrc.conversation.graph.runner[0m:[36mrun_turn[0m | [1m[DIAG] Planner tool decision: tool_name=move, tool_args={'direction': 'right', 'angle': 90.0}[0m
[32m16:23:01.909[0m | [1mINFO    [0m | [36msrc.audio.single_utterance_processor[0m:[36msynthesize[0m | [1mSynthesizing single utterance response[0m
[32m16:23:01.909[0m | [1mINFO    [0m | [36msrc.config.logging[0m:[36mlog_audio_event[0m | [1mAudio event: tts_request[0m
[32m16:23:02.058[0m | [1mINFO    [0m | [36msrc.config.logging[0m:[36mlog_audio_event[0m | [1mAudio event: tts_success[0m
[32m16:23:02.058[0m | [1mINFO    [0m | [36msrc.config.logging[0m:[36mlog_audio_event[0m | [1mAudio event: single_utterance_synthesis[0m
[32m16:23:02.058[0m | [1mINFO    [0m | [36msrc.audio.single_utterance_processor[0m:[36msynthesize[0m | [1mSingle utterance synthesis completed[0m
[32m16:23:02.062[0m | [1mINFO    [0m | [36msrc.api.websocket[0m:[36mon_acknowledgment[0m | [1mSent acknowledgment for session 563a865f-446a-4ec1-ad2c-0d6ecc2025d5: Ok, moving right.[0m
[32m16:23:02.062[0m | [1mINFO    [0m | [36msrc.conversation.graph.runner[0m:[36mrun_turn[0m | [1mAcknowledgment sent before tool execution[0m
[32m16:23:02.062[0m | [1mINFO    [0m | [36msrc.conversation.graph.executor[0m:[36mexecute[0m | [1mInvoking MCP tool[0m
[32m16:23:02.062[0m | [1mINFO    [0m | [36msrc.conversation.graph.executor[0m:[36mexecute[0m | [1m[DIAG] Calling MCP tool: tool=move, args={'direction': 'right', 'angle': 90.0, 'distance': 0.05}[0m
[32m16:23:02.065[0m | [1mINFO    [0m | [36msrc.mcp.stdio_client[0m:[36m_stderr_loop[0m | [1m[moveit stderr] [DIAG] MCP call_tool: name=move, args={'direction': 'right', 'angle': 90.0, 'distance': 0.05}[0m
[move_group-9] [INFO] [1765401782.069642173] [moveit_move_group_default_capabilities.plan_service_capability]: Received new planning service request...
[move_group-9] [INFO] [1765401782.070344302] [moveit.ompl_planning.model_based_planning_context]: Planner configuration 'arm' will use planner 'geometric::RRTConnect'. Additional configuration parameters will be set when the planner is constructed.
[move_group-9] [INFO] [1765401782.102005679] [moveit_move_group_default_capabilities.execute_trajectory_action_capability]: Received goal request
[move_group-9] [INFO] [1765401782.102052896] [moveit_move_group_default_capabilities.execute_trajectory_action_capability]: Execution request received
[move_group-9] [INFO] [1765401782.102066840] [moveit.plugins.moveit_simple_controller_manager]: Returned 2 controllers in list
[move_group-9] [INFO] [1765401782.102075691] [moveit.plugins.moveit_simple_controller_manager]: Returned 2 controllers in list
[move_group-9] [INFO] [1765401782.102101663] [moveit_ros.trajectory_execution_manager]: Validating trajectory with allowed_start_tolerance 0.01
[move_group-9] [INFO] [1765401782.102680713] [moveit_ros.trajectory_execution_manager]: Starting trajectory execution ...
[move_group-9] [INFO] [1765401782.102719159] [moveit.plugins.moveit_simple_controller_manager]: Returned 2 controllers in list
[move_group-9] [INFO] [1765401782.102739512] [moveit.plugins.moveit_simple_controller_manager]: Returned 2 controllers in list
[move_group-9] [INFO] [1765401782.102831290] [moveit.simple_controller_manager.follow_joint_trajectory_controller_handle]: sending trajectory to joint_trajectory_controller
[ros2_control_node-1] [INFO] [1765401782.103013761] [joint_trajectory_controller]: Received new action goal
[ros2_control_node-1] [INFO] [1765401782.103040744] [joint_trajectory_controller]: Accepted new action goal
[move_group-9] [INFO] [1765401782.103132845] [moveit.simple_controller_manager.follow_joint_trajectory_controller_handle]: joint_trajectory_controller started execution
[move_group-9] [INFO] [1765401782.103141710] [moveit.simple_controller_manager.follow_joint_trajectory_controller_handle]: Goal request accepted!
[32m16:23:03.055[0m | [1mINFO    [0m | [36msrc.api.websocket[0m:[36m_handle_message[0m | [1m🎯 Processing WebSocket message[0m
[32m16:23:03.055[0m | [1mINFO    [0m | [36msrc.api.websocket[0m:[36m_handle_message[0m | [1m🏓 Handling ping for session 563a865f-446a-4ec1-ad2c-0d6ecc2025d5[0m
[32m16:23:03.055[0m | [1mINFO    [0m | [36msrc.api.websocket[0m:[36m_handle_message[0m | [1m✅ ping handled successfully for session 563a865f-446a-4ec1-ad2c-0d6ecc2025d5[0m
[ros2_control_node-1] [INFO] [1765401788.015518119] [joint_trajectory_controller]: Goal reached, success!
[move_group-9] [INFO] [1765401788.053276909] [moveit.simple_controller_manager.follow_joint_trajectory_controller_handle]: Controller 'joint_trajectory_controller' successfully finished
[move_group-9] [INFO] [1765401788.055627502] [moveit_ros.trajectory_execution_manager]: Completed trajectory execution with status SUCCEEDED ...
[move_group-9] [INFO] [1765401788.055702170] [moveit_move_group_default_capabilities.execute_trajectory_action_capability]: Execution completed: SUCCEEDED
[32m16:23:08.058[0m | [1mINFO    [0m | [36msrc.config.logging[0m:[36mlog_mcp_event[0m | [1mMCP event: tool_invoked[0m
[32m16:23:08.059[0m | [1mINFO    [0m | [36msrc.conversation.graph.executor[0m:[36mexecute[0m | [1m[DIAG] MCP response: tool=move, result={'content': [{'type': 'text', 'text': '{\n  "success": true,\n  "message": "Moved to pose (0.158, 0.353, 0.503)",\n  "start_pose": {\n    "x": 0.158,\n    "y": 0.3028,\n    "z": 0.5033\n  },\n  "end_pose": {\n    "x": 0.1596,\n    "y": 0.3522,\n    "z": 0.5032\n  },\n  "duration_ms": 5990.93,\n  "di[0m
[32m16:23:08.059[0m | [1mINFO    [0m | [36msrc.conversation.graph.runner[0m:[36mrun_turn[0m | [1mVerification required after tool execution[0m
[32m16:23:08.059[0m | [1mINFO    [0m | [36msrc.audio.single_utterance_processor[0m:[36msynthesize[0m | [1mSynthesizing single utterance response[0m
[32m16:23:08.059[0m | [1mINFO    [0m | [36msrc.config.logging[0m:[36mlog_audio_event[0m | [1mAudio event: tts_request[0m
[32m16:23:08.305[0m | [1mINFO    [0m | [36msrc.config.logging[0m:[36mlog_audio_event[0m | [1mAudio event: tts_success[0m
[32m16:23:08.305[0m | [1mINFO    [0m | [36msrc.config.logging[0m:[36mlog_audio_event[0m | [1mAudio event: single_utterance_synthesis[0m
[32m16:23:08.305[0m | [1mINFO    [0m | [36msrc.audio.single_utterance_processor[0m:[36msynthesize[0m | [1mSingle utterance synthesis completed[0m
[32m16:23:08.305[0m | [1mINFO    [0m | [36msrc.conversation.graph.responder[0m:[36mrespond[0m | [1mResponder prepared final output[0m
[32m16:23:08.306[0m | [1mINFO    [0m | [36msrc.conversation.state_machine[0m:[36mtransition_to[0m | [1mState transition completed[0m
[32m16:23:08.319[0m | [1mINFO    [0m | [36msrc.conversation.models[0m:[36mlog_snapshot[0m | [1mTurn metrics updated[0m
[32m16:23:08.319[0m | [1mINFO    [0m | [36msrc.config.logging[0m:[36mlog_conversation_event[0m | [1mConversation event: turn_complete[0m
[32m16:23:08.320[0m | [1mINFO    [0m | [36msrc.conversation.state_machine[0m:[36mtransition_to[0m | [1mState transition completed[0m
[32m16:23:08.330[0m | [1mINFO    [0m | [36msrc.api.websocket[0m:[36m_send_conversation_result[0m | [1mConversation turn completed for session 563a865f-446a-4ec1-ad2c-0d6ecc2025d5[0m
[32m16:23:08.330[0m | [1mINFO    [0m | [36msrc.api.websocket[0m:[36m_process_streaming_turn[0m | [1mStarting streaming turn for session 563a865f-446a-4ec1-ad2c-0d6ecc2025d5[0m
[32m16:23:08.331[0m | [1mINFO    [0m | [36msrc.config.logging[0m:[36mlog_conversation_event[0m | [1mConversation event: turn_start[0m
[32m16:23:08.331[0m | [1mINFO    [0m | [36msrc.conversation.state_machine[0m:[36mtransition_to[0m | [1mState transition completed[0m
[32m16:23:08.331[0m | [1mINFO    [0m | [36msrc.config.logging[0m:[36mlog_audio_event[0m | [1mAudio event: streaming_transcription_start[0m
[32m16:23:08.331[0m | [1mINFO    [0m | [36msrc.audio.single_utterance_processor[0m:[36mtranscribe_stream[0m | [1mStarting real-time stream transcription with V2 Recognizer...[0m
[32m16:23:08.331[0m | [1mINFO    [0m | [36msrc.config.logging[0m:[36mlog_audio_event[0m | [1mAudio event: stt_streaming_start[0m
[32m16:23:17.743[0m | [1mINFO    [0m | [36msrc.config.logging[0m:[36mlog_audio_event[0m | [1mAudio event: stt_streaming_event[0m
[32m16:23:17.777[0m | [1mINFO    [0m | [36msrc.audio.single_utterance_processor[0m:[36mtranscribe_stream[0m | [1mFinal transcript received from stream[0m
[32m16:23:17.778[0m | [1mINFO    [0m | [36msrc.config.logging[0m:[36mlog_audio_event[0m | [1mAudio event: streaming_transcription_success[0m
[32m16:23:17.778[0m | [1mINFO    [0m | [36msrc.api.websocket[0m:[36mon_transcript[0m | [1mSent early transcript: No....[0m
[32m16:23:17.778[0m | [1mINFO    [0m | [36msrc.conversation.state_machine[0m:[36mtransition_to[0m | [1mState transition completed[0m
[32m16:23:17.778[0m | [1mINFO    [0m | [36msrc.conversation.single_utterance_engine[0m:[36mprocess_conversation_turn[0m | [1mSpeech transcribed via stream[0m
[32m16:23:17.778[0m | [1mINFO    [0m | [36msrc.conversation.graph.runner[0m:[36mrun_turn[0m | [1mVerification pending - passing to planner for LLM classification[0m
[32m16:23:18.599[0m | [1mINFO    [0m | [36msrc.conversation.graph.runner[0m:[36mrun_turn[0m | [1mPhase 11: Processing verification response via LLM[0m
[32m16:23:18.600[0m | [1mINFO    [0m | [36msrc.conversation.graph.runner[0m:[36mrun_turn[0m | [1mCorrection recorded[0m
[32m16:23:18.600[0m | [1mINFO    [0m | [36msrc.audio.single_utterance_processor[0m:[36msynthesize[0m | [1mSynthesizing single utterance response[0m
[32m16:23:18.600[0m | [1mINFO    [0m | [36msrc.config.logging[0m:[36mlog_audio_event[0m | [1mAudio event: tts_request[0m
[32m16:23:18.893[0m | [1mINFO    [0m | [36msrc.config.logging[0m:[36mlog_audio_event[0m | [1mAudio event: tts_success[0m
[32m16:23:18.893[0m | [1mINFO    [0m | [36msrc.config.logging[0m:[36mlog_audio_event[0m | [1mAudio event: single_utterance_synthesis[0m
[32m16:23:18.893[0m | [1mINFO    [0m | [36msrc.audio.single_utterance_processor[0m:[36msynthesize[0m | [1mSingle utterance synthesis completed[0m
[32m16:23:18.893[0m | [1mINFO    [0m | [36msrc.conversation.graph.responder[0m:[36mrespond[0m | [1mResponder prepared final output[0m
[32m16:23:18.894[0m | [1mINFO    [0m | [36msrc.conversation.state_machine[0m:[36mtransition_to[0m | [1mState transition completed[0m
[32m16:23:18.905[0m | [1mINFO    [0m | [36msrc.conversation.models[0m:[36mlog_snapshot[0m | [1mTurn metrics updated[0m
[32m16:23:18.905[0m | [1mINFO    [0m | [36msrc.config.logging[0m:[36mlog_conversation_event[0m | [1mConversation event: turn_complete[0m
[32m16:23:18.905[0m | [1mINFO    [0m | [36msrc.conversation.state_machine[0m:[36mtransition_to[0m | [1mState transition completed[0m
[32m16:23:18.911[0m | [1mINFO    [0m | [36msrc.api.websocket[0m:[36m_send_conversation_result[0m | [1mConversation turn completed for session 563a865f-446a-4ec1-ad2c-0d6ecc2025d5[0m
[32m16:23:18.911[0m | [1mINFO    [0m | [36msrc.api.websocket[0m:[36m_process_streaming_turn[0m | [1mStarting streaming turn for session 563a865f-446a-4ec1-ad2c-0d6ecc2025d5[0m
[32m16:23:18.912[0m | [1mINFO    [0m | [36msrc.config.logging[0m:[36mlog_conversation_event[0m | [1mConversation event: turn_start[0m
[32m16:23:18.912[0m | [1mINFO    [0m | [36msrc.conversation.state_machine[0m:[36mtransition_to[0m | [1mState transition completed[0m
[32m16:23:18.912[0m | [1mINFO    [0m | [36msrc.config.logging[0m:[36mlog_audio_event[0m | [1mAudio event: streaming_transcription_start[0m
[32m16:23:18.912[0m | [1mINFO    [0m | [36msrc.audio.single_utterance_processor[0m:[36mtranscribe_stream[0m | [1mStarting real-time stream transcription with V2 Recognizer...[0m
[32m16:23:18.912[0m | [1mINFO    [0m | [36msrc.config.logging[0m:[36mlog_audio_event[0m | [1mAudio event: stt_streaming_start[0m
[32m16:23:26.192[0m | [1mINFO    [0m | [36msrc.config.logging[0m:[36mlog_audio_event[0m | [1mAudio event: stt_streaming_event[0m
[32m16:23:26.215[0m | [1mINFO    [0m | [36msrc.audio.single_utterance_processor[0m:[36mtranscribe_stream[0m | [1mFinal transcript received from stream[0m
[32m16:23:26.215[0m | [1mINFO    [0m | [36msrc.config.logging[0m:[36mlog_audio_event[0m | [1mAudio event: streaming_transcription_success[0m
[32m16:23:26.216[0m | [1mINFO    [0m | [36msrc.api.websocket[0m:[36mon_transcript[0m | [1mSent early transcript: Not quite try. Moving in a smaller increment....[0m
[32m16:23:26.216[0m | [1mINFO    [0m | [36msrc.conversation.state_machine[0m:[36mtransition_to[0m | [1mState transition completed[0m
[32m16:23:26.216[0m | [1mINFO    [0m | [36msrc.conversation.single_utterance_engine[0m:[36mprocess_conversation_turn[0m | [1mSpeech transcribed via stream[0m
[32m16:23:27.204[0m | [1mINFO    [0m | [36msrc.audio.single_utterance_processor[0m:[36msynthesize[0m | [1mSynthesizing single utterance response[0m
[32m16:23:27.204[0m | [1mINFO    [0m | [36msrc.config.logging[0m:[36mlog_audio_event[0m | [1mAudio event: tts_request[0m
[32m16:23:27.612[0m | [1mINFO    [0m | [36msrc.config.logging[0m:[36mlog_audio_event[0m | [1mAudio event: tts_success[0m
[32m16:23:27.612[0m | [1mINFO    [0m | [36msrc.config.logging[0m:[36mlog_audio_event[0m | [1mAudio event: single_utterance_synthesis[0m
[32m16:23:27.613[0m | [1mINFO    [0m | [36msrc.audio.single_utterance_processor[0m:[36msynthesize[0m | [1mSingle utterance synthesis completed[0m
[32m16:23:27.613[0m | [1mINFO    [0m | [36msrc.conversation.graph.responder[0m:[36mrespond[0m | [1mResponder prepared final output[0m
[32m16:23:27.613[0m | [1mINFO    [0m | [36msrc.conversation.state_machine[0m:[36mtransition_to[0m | [1mState transition completed[0m
[32m16:23:27.625[0m | [1mINFO    [0m | [36msrc.conversation.models[0m:[36mlog_snapshot[0m | [1mTurn metrics updated[0m
[32m16:23:27.626[0m | [1mINFO    [0m | [36msrc.config.logging[0m:[36mlog_conversation_event[0m | [1mConversation event: turn_complete[0m
[32m16:23:27.626[0m | [1mINFO    [0m | [36msrc.conversation.state_machine[0m:[36mtransition_to[0m | [1mState transition completed[0m
[32m16:23:27.634[0m | [1mINFO    [0m | [36msrc.api.websocket[0m:[36m_send_conversation_result[0m | [1mConversation turn completed for session 563a865f-446a-4ec1-ad2c-0d6ecc2025d5[0m
[32m16:23:27.634[0m | [1mINFO    [0m | [36msrc.api.websocket[0m:[36m_process_streaming_turn[0m | [1mStarting streaming turn for session 563a865f-446a-4ec1-ad2c-0d6ecc2025d5[0m
[32m16:23:27.634[0m | [1mINFO    [0m | [36msrc.config.logging[0m:[36mlog_conversation_event[0m | [1mConversation event: turn_start[0m
[32m16:23:27.634[0m | [1mINFO    [0m | [36msrc.conversation.state_machine[0m:[36mtransition_to[0m | [1mState transition completed[0m
[32m16:23:27.634[0m | [1mINFO    [0m | [36msrc.config.logging[0m:[36mlog_audio_event[0m | [1mAudio event: streaming_transcription_start[0m
[32m16:23:27.634[0m | [1mINFO    [0m | [36msrc.audio.single_utterance_processor[0m:[36mtranscribe_stream[0m | [1mStarting real-time stream transcription with V2 Recognizer...[0m
[32m16:23:27.635[0m | [1mINFO    [0m | [36msrc.config.logging[0m:[36mlog_audio_event[0m | [1mAudio event: stt_streaming_start[0m
[32m16:23:33.055[0m | [1mINFO    [0m | [36msrc.api.websocket[0m:[36m_handle_message[0m | [1m🎯 Processing WebSocket message[0m
[32m16:23:33.055[0m | [1mINFO    [0m | [36msrc.api.websocket[0m:[36m_handle_message[0m | [1m🏓 Handling ping for session 563a865f-446a-4ec1-ad2c-0d6ecc2025d5[0m
[32m16:23:33.055[0m | [1mINFO    [0m | [36msrc.api.websocket[0m:[36m_handle_message[0m | [1m✅ ping handled successfully for session 563a865f-446a-4ec1-ad2c-0d6ecc2025d5[0m
[32m16:23:34.348[0m | [1mINFO    [0m | [36msrc.config.logging[0m:[36mlog_audio_event[0m | [1mAudio event: stt_streaming_event[0m
[32m16:23:34.375[0m | [1mINFO    [0m | [36msrc.audio.single_utterance_processor[0m:[36mtranscribe_stream[0m | [1mFinal transcript received from stream[0m
[32m16:23:34.375[0m | [1mINFO    [0m | [36msrc.config.logging[0m:[36mlog_audio_event[0m | [1mAudio event: streaming_transcription_success[0m
[32m16:23:34.375[0m | [1mINFO    [0m | [36msrc.api.websocket[0m:[36mon_transcript[0m | [1mSent early transcript: 30°....[0m
[32m16:23:34.376[0m | [1mINFO    [0m | [36msrc.conversation.state_machine[0m:[36mtransition_to[0m | [1mState transition completed[0m
[32m16:23:34.376[0m | [1mINFO    [0m | [36msrc.conversation.single_utterance_engine[0m:[36mprocess_conversation_turn[0m | [1mSpeech transcribed via stream[0m
[32m16:23:35.312[0m | [1mINFO    [0m | [36msrc.conversation.graph.runner[0m:[36mrun_turn[0m | [1m[DIAG] Planner tool decision: tool_name=rotate_gripper, tool_args={'direction': 'cw', 'angle': 30.0}[0m
[32m16:23:35.312[0m | [1mINFO    [0m | [36msrc.audio.single_utterance_processor[0m:[36msynthesize[0m | [1mSynthesizing single utterance response[0m
[32m16:23:35.312[0m | [1mINFO    [0m | [36msrc.config.logging[0m:[36mlog_audio_event[0m | [1mAudio event: tts_request[0m
[32m16:23:35.598[0m | [1mINFO    [0m | [36msrc.config.logging[0m:[36mlog_audio_event[0m | [1mAudio event: tts_success[0m
[32m16:23:35.599[0m | [1mINFO    [0m | [36msrc.config.logging[0m:[36mlog_audio_event[0m | [1mAudio event: single_utterance_synthesis[0m
[32m16:23:35.599[0m | [1mINFO    [0m | [36msrc.audio.single_utterance_processor[0m:[36msynthesize[0m | [1mSingle utterance synthesis completed[0m
[32m16:23:35.605[0m | [1mINFO    [0m | [36msrc.api.websocket[0m:[36mon_acknowledgment[0m | [1mSent acknowledgment for session 563a865f-446a-4ec1-ad2c-0d6ecc2025d5: Ok, working on that.[0m
[32m16:23:35.605[0m | [1mINFO    [0m | [36msrc.conversation.graph.runner[0m:[36mrun_turn[0m | [1mAcknowledgment sent before tool execution[0m
[32m16:23:35.605[0m | [1mINFO    [0m | [36msrc.conversation.graph.executor[0m:[36mexecute[0m | [1mInvoking MCP tool[0m
[32m16:23:35.605[0m | [1mINFO    [0m | [36msrc.conversation.graph.executor[0m:[36mexecute[0m | [1m[DIAG] Calling MCP tool: tool=rotate_gripper, args={'direction': 'cw', 'angle': 30.0}[0m
[32m16:23:35.609[0m | [1mINFO    [0m | [36msrc.mcp.stdio_client[0m:[36m_stderr_loop[0m | [1m[moveit stderr] [DIAG] MCP call_tool: name=rotate_gripper, args={'direction': 'cw', 'angle': 30.0}[0m
[ros2_control_node-1] [INFO] [1765401815.611381482] [joint_trajectory_controller]: Received new action goal
[ros2_control_node-1] [INFO] [1765401815.611440539] [joint_trajectory_controller]: Accepted new action goal
[ros2_control_node-1] [INFO] [1765401817.612552547] [joint_trajectory_controller]: Goal reached, success!
[ros2_control_node-1] [INFO] [1765401826.630810309] [joint_trajectory_controller]: Received new action goal
[ros2_control_node-1] [INFO] [1765401826.630844053] [joint_trajectory_controller]: Accepted new action goal
[ros2_control_node-1] [INFO] [1765401828.631558629] [joint_trajectory_controller]: Goal reached, success!
[ros2_control_node-1] [INFO] [1765401837.649775768] [joint_trajectory_controller]: Received new action goal
[ros2_control_node-1] [INFO] [1765401837.649806027] [joint_trajectory_controller]: Accepted new action goal
[ros2_control_node-1] [INFO] [1765401839.651561124] [joint_trajectory_controller]: Goal reached, success!
[32m16:24:01.097[0m | [33m[1mWARNING [0m | [36msrc.mcp.stdio_client[0m:[36mhealth_check[0m | [33m[1mHealth check timeout for moveit[0m
[32m16:24:03.055[0m | [1mINFO    [0m | [36msrc.api.websocket[0m:[36m_handle_message[0m | [1m🎯 Processing WebSocket message[0m
[32m16:24:03.055[0m | [1mINFO    [0m | [36msrc.api.websocket[0m:[36m_handle_message[0m | [1m🏓 Handling ping for session 563a865f-446a-4ec1-ad2c-0d6ecc2025d5[0m
[32m16:24:03.055[0m | [1mINFO    [0m | [36msrc.api.websocket[0m:[36m_handle_message[0m | [1m✅ ping handled successfully for session 563a865f-446a-4ec1-ad2c-0d6ecc2025d5[0m
[32m16:24:07.668[0m | [1mINFO    [0m | [36msrc.config.logging[0m:[36mlog_mcp_event[0m | [1mMCP event: tool_invoked[0m
[32m16:24:07.668[0m | [1mINFO    [0m | [36msrc.conversation.graph.executor[0m:[36mexecute[0m | [1m[DIAG] MCP response: tool=rotate_gripper, result={'content': [{'type': 'text', 'text': '{\n  "success": false,\n  "message": "Timeout waiting for goal acceptance",\n  "direction": "cw",\n  "angle_degrees": 30.0,\n  "start_joint_6_rad": -2.4953,\n  "end_joint_6_rad": -2.68,\n  "actual_rotation_deg": -10.58,\n  "duration_ms": 32056.98,\n  "warning":[0m
[32m16:24:07.668[0m | [33m[1mWARNING [0m | [36msrc.conversation.graph.executor[0m:[36mexecute[0m | [33m[1mTool reported error payload[0m
[32m16:24:07.668[0m | [33m[1mWARNING [0m | [36msrc.conversation.graph.runner[0m:[36mrun_turn[0m | [33m[1mTool execution failed - stopping turn[0m
[32m16:24:07.668[0m | [1mINFO    [0m | [36msrc.audio.single_utterance_processor[0m:[36msynthesize[0m | [1mSynthesizing single utterance response[0m
[32m16:24:07.669[0m | [1mINFO    [0m | [36msrc.config.logging[0m:[36mlog_audio_event[0m | [1mAudio event: tts_request[0m
[32m16:24:07.992[0m | [1mINFO    [0m | [36msrc.config.logging[0m:[36mlog_audio_event[0m | [1mAudio event: tts_success[0m
[32m16:24:07.992[0m | [1mINFO    [0m | [36msrc.config.logging[0m:[36mlog_audio_event[0m | [1mAudio event: single_utterance_synthesis[0m
[32m16:24:07.992[0m | [1mINFO    [0m | [36msrc.audio.single_utterance_processor[0m:[36msynthesize[0m | [1mSingle utterance synthesis completed[0m
[32m16:24:07.992[0m | [1mINFO    [0m | [36msrc.conversation.graph.responder[0m:[36mrespond[0m | [1mResponder prepared final output[0m
[32m16:24:07.993[0m | [1mINFO    [0m | [36msrc.conversation.state_machine[0m:[36mtransition_to[0m | [1mState transition completed[0m
[32m16:24:08.006[0m | [1mINFO    [0m | [36msrc.conversation.models[0m:[36mlog_snapshot[0m | [1mTurn metrics updated[0m
[32m16:24:08.007[0m | [1mINFO    [0m | [36msrc.config.logging[0m:[36mlog_conversation_event[0m | [1mConversation event: turn_complete[0m
[32m16:24:08.007[0m | [1mINFO    [0m | [36msrc.conversation.state_machine[0m:[36mtransition_to[0m | [1mState transition completed[0m
[32m16:24:08.020[0m | [1mINFO    [0m | [36msrc.api.websocket[0m:[36m_send_conversation_result[0m | [1mConversation turn completed for session 563a865f-446a-4ec1-ad2c-0d6ecc2025d5[0m
[32m16:24:08.020[0m | [1mINFO    [0m | [36msrc.api.websocket[0m:[36m_process_streaming_turn[0m | [1mStarting streaming turn for session 563a865f-446a-4ec1-ad2c-0d6ecc2025d5[0m
[32m16:24:08.020[0m | [1mINFO    [0m | [36msrc.config.logging[0m:[36mlog_conversation_event[0m | [1mConversation event: turn_start[0m
[32m16:24:08.021[0m | [1mINFO    [0m | [36msrc.conversation.state_machine[0m:[36mtransition_to[0m | [1mState transition completed[0m
[32m16:24:08.021[0m | [1mINFO    [0m | [36msrc.config.logging[0m:[36mlog_audio_event[0m | [1mAudio event: streaming_transcription_start[0m
[32m16:24:08.021[0m | [1mINFO    [0m | [36msrc.audio.single_utterance_processor[0m:[36mtranscribe_stream[0m | [1mStarting real-time stream transcription with V2 Recognizer...[0m
[32m16:24:08.021[0m | [1mINFO    [0m | [36msrc.config.logging[0m:[36mlog_audio_event[0m | [1mAudio event: stt_streaming_start[0m
[32m16:24:14.571[0m | [1mINFO    [0m | [36msrc.config.logging[0m:[36mlog_audio_event[0m | [1mAudio event: stt_streaming_event[0m
[32m16:24:14.590[0m | [1mINFO    [0m | [36msrc.audio.single_utterance_processor[0m:[36mtranscribe_stream[0m | [1mFinal transcript received from stream[0m
[32m16:24:14.590[0m | [1mINFO    [0m | [36msrc.config.logging[0m:[36mlog_audio_event[0m | [1mAudio event: streaming_transcription_success[0m
[32m16:24:14.590[0m | [1mINFO    [0m | [36msrc.api.websocket[0m:[36mon_transcript[0m | [1mSent early transcript: Sure....[0m
[32m16:24:14.590[0m | [1mINFO    [0m | [36msrc.conversation.state_machine[0m:[36mtransition_to[0m | [1mState transition completed[0m
[32m16:24:14.590[0m | [1mINFO    [0m | [36msrc.conversation.single_utterance_engine[0m:[36mprocess_conversation_turn[0m | [1mSpeech transcribed via stream[0m
[32m16:24:15.361[0m | [1mINFO    [0m | [36msrc.audio.single_utterance_processor[0m:[36msynthesize[0m | [1mSynthesizing single utterance response[0m
[32m16:24:15.361[0m | [1mINFO    [0m | [36msrc.config.logging[0m:[36mlog_audio_event[0m | [1mAudio event: tts_request[0m
[32m16:24:15.637[0m | [1mINFO    [0m | [36msrc.config.logging[0m:[36mlog_audio_event[0m | [1mAudio event: tts_success[0m
[32m16:24:15.638[0m | [1mINFO    [0m | [36msrc.config.logging[0m:[36mlog_audio_event[0m | [1mAudio event: single_utterance_synthesis[0m
[32m16:24:15.638[0m | [1mINFO    [0m | [36msrc.audio.single_utterance_processor[0m:[36msynthesize[0m | [1mSingle utterance synthesis completed[0m
[32m16:24:15.638[0m | [1mINFO    [0m | [36msrc.conversation.graph.responder[0m:[36mrespond[0m | [1mResponder prepared final output[0m
[32m16:24:15.638[0m | [1mINFO    [0m | [36msrc.conversation.state_machine[0m:[36mtransition_to[0m | [1mState transition completed[0m
[32m16:24:15.651[0m | [1mINFO    [0m | [36msrc.conversation.models[0m:[36mlog_snapshot[0m | [1mTurn metrics updated[0m
[32m16:24:15.651[0m | [1mINFO    [0m | [36msrc.config.logging[0m:[36mlog_conversation_event[0m | [1mConversation event: turn_complete[0m
[32m16:24:15.652[0m | [1mINFO    [0m | [36msrc.conversation.state_machine[0m:[36mtransition_to[0m | [1mState transition completed[0m
[32m16:24:15.663[0m | [1mINFO    [0m | [36msrc.api.websocket[0m:[36m_send_conversation_result[0m | [1mConversation turn completed for session 563a865f-446a-4ec1-ad2c-0d6ecc2025d5[0m
[32m16:24:15.663[0m | [1mINFO    [0m | [36msrc.api.websocket[0m:[36m_process_streaming_turn[0m | [1mStarting streaming turn for session 563a865f-446a-4ec1-ad2c-0d6ecc2025d5[0m
[32m16:24:15.663[0m | [1mINFO    [0m | [36msrc.config.logging[0m:[36mlog_conversation_event[0m | [1mConversation event: turn_start[0m
[32m16:24:15.663[0m | [1mINFO    [0m | [36msrc.conversation.state_machine[0m:[36mtransition_to[0m | [1mState transition completed[0m
[32m16:24:15.663[0m | [1mINFO    [0m | [36msrc.config.logging[0m:[36mlog_audio_event[0m | [1mAudio event: streaming_transcription_start[0m
[32m16:24:15.663[0m | [1mINFO    [0m | [36msrc.audio.single_utterance_processor[0m:[36mtranscribe_stream[0m | [1mStarting real-time stream transcription with V2 Recognizer...[0m
[32m16:24:15.663[0m | [1mINFO    [0m | [36msrc.config.logging[0m:[36mlog_audio_event[0m | [1mAudio event: stt_streaming_start[0m
[32m16:24:21.618[0m | [1mINFO    [0m | [36msrc.config.logging[0m:[36mlog_audio_event[0m | [1mAudio event: stt_streaming_event[0m
[32m16:24:21.634[0m | [1mINFO    [0m | [36msrc.audio.single_utterance_processor[0m:[36mtranscribe_stream[0m | [1mFinal transcript received from stream[0m
[32m16:24:21.635[0m | [1mINFO    [0m | [36msrc.config.logging[0m:[36mlog_audio_event[0m | [1mAudio event: streaming_transcription_success[0m
[32m16:24:21.635[0m | [1mINFO    [0m | [36msrc.api.websocket[0m:[36mon_transcript[0m | [1mSent early transcript: Just a tiny little bit....[0m
[32m16:24:21.635[0m | [1mINFO    [0m | [36msrc.conversation.state_machine[0m:[36mtransition_to[0m | [1mState transition completed[0m
[32m16:24:21.635[0m | [1mINFO    [0m | [36msrc.conversation.single_utterance_engine[0m:[36mprocess_conversation_turn[0m | [1mSpeech transcribed via stream[0m
[32m16:24:22.497[0m | [1mINFO    [0m | [36msrc.conversation.graph.runner[0m:[36mrun_turn[0m | [1m[DIAG] Planner tool decision: tool_name=move, tool_args={'direction': 'right', 'distance': 0.05}[0m
[32m16:24:22.497[0m | [1mINFO    [0m | [36msrc.audio.single_utterance_processor[0m:[36msynthesize[0m | [1mSynthesizing single utterance response[0m
[32m16:24:22.497[0m | [1mINFO    [0m | [36msrc.config.logging[0m:[36mlog_audio_event[0m | [1mAudio event: tts_request[0m
[32m16:24:22.702[0m | [1mINFO    [0m | [36msrc.config.logging[0m:[36mlog_audio_event[0m | [1mAudio event: tts_success[0m
[32m16:24:22.702[0m | [1mINFO    [0m | [36msrc.config.logging[0m:[36mlog_audio_event[0m | [1mAudio event: single_utterance_synthesis[0m
[32m16:24:22.702[0m | [1mINFO    [0m | [36msrc.audio.single_utterance_processor[0m:[36msynthesize[0m | [1mSingle utterance synthesis completed[0m
[32m16:24:22.708[0m | [1mINFO    [0m | [36msrc.api.websocket[0m:[36mon_acknowledgment[0m | [1mSent acknowledgment for session 563a865f-446a-4ec1-ad2c-0d6ecc2025d5: Ok, moving right.[0m
[32m16:24:22.708[0m | [1mINFO    [0m | [36msrc.conversation.graph.runner[0m:[36mrun_turn[0m | [1mAcknowledgment sent before tool execution[0m
[32m16:24:22.709[0m | [1mINFO    [0m | [36msrc.conversation.graph.executor[0m:[36mexecute[0m | [1mInvoking MCP tool[0m
[32m16:24:22.709[0m | [1mINFO    [0m | [36msrc.conversation.graph.executor[0m:[36mexecute[0m | [1m[DIAG] Calling MCP tool: tool=move, args={'direction': 'right', 'distance': 0.05, 'angle': 15.0}[0m
[32m16:24:22.713[0m | [1mINFO    [0m | [36msrc.mcp.stdio_client[0m:[36m_stderr_loop[0m | [1m[moveit stderr] [DIAG] MCP call_tool: name=move, args={'direction': 'right', 'distance': 0.05, 'angle': 15.0}[0m
[move_group-9] [INFO] [1765401862.722004012] [moveit_move_group_default_capabilities.plan_service_capability]: Received new planning service request...
[move_group-9] [INFO] [1765401862.722229028] [moveit_ros.fix_start_state_bounds]: Starting state is just outside bounds (joint 'joint_6'). Assuming within bounds.
[move_group-9] [INFO] [1765401862.722868941] [moveit.ompl_planning.model_based_planning_context]: Planner configuration 'arm' will use planner 'geometric::RRTConnect'. Additional configuration parameters will be set when the planner is constructed.
[move_group-9] [INFO] [1765401862.754545458] [moveit.ros_planning.planning_pipeline]: Planning adapters have added states at index positions: [ 0 ]
[move_group-9] [INFO] [1765401862.758068348] [moveit_move_group_default_capabilities.execute_trajectory_action_capability]: Received goal request
[move_group-9] [INFO] [1765401862.758192351] [moveit_move_group_default_capabilities.execute_trajectory_action_capability]: Execution request received
[move_group-9] [INFO] [1765401862.758222668] [moveit.plugins.moveit_simple_controller_manager]: Returned 2 controllers in list
[move_group-9] [INFO] [1765401862.758279615] [moveit.plugins.moveit_simple_controller_manager]: Returned 2 controllers in list
[move_group-9] [INFO] [1765401862.758344661] [moveit_ros.trajectory_execution_manager]: Validating trajectory with allowed_start_tolerance 0.01
[move_group-9] [INFO] [1765401862.758802375] [moveit_ros.trajectory_execution_manager]: Starting trajectory execution ...
[move_group-9] [INFO] [1765401862.758855307] [moveit.plugins.moveit_simple_controller_manager]: Returned 2 controllers in list
[move_group-9] [INFO] [1765401862.758880748] [moveit.plugins.moveit_simple_controller_manager]: Returned 2 controllers in list
[move_group-9] [INFO] [1765401862.759027492] [moveit.simple_controller_manager.follow_joint_trajectory_controller_handle]: sending trajectory to joint_trajectory_controller
[ros2_control_node-1] [INFO] [1765401862.759292193] [joint_trajectory_controller]: Received new action goal
[ros2_control_node-1] [INFO] [1765401862.759358674] [joint_trajectory_controller]: Accepted new action goal
[move_group-9] [INFO] [1765401862.759793523] [moveit.simple_controller_manager.follow_joint_trajectory_controller_handle]: joint_trajectory_controller started execution
[move_group-9] [INFO] [1765401862.759853499] [moveit.simple_controller_manager.follow_joint_trajectory_controller_handle]: Goal request accepted!
[ros2_control_node-1] [INFO] [1765401865.703591172] [joint_trajectory_controller]: Goal reached, success!
[move_group-9] [INFO] [1765401865.709707650] [moveit.simple_controller_manager.follow_joint_trajectory_controller_handle]: Controller 'joint_trajectory_controller' successfully finished
[move_group-9] [INFO] [1765401865.712687365] [moveit_ros.trajectory_execution_manager]: Completed trajectory execution with status SUCCEEDED ...
[move_group-9] [INFO] [1765401865.712729410] [moveit_move_group_default_capabilities.execute_trajectory_action_capability]: Execution completed: SUCCEEDED
[32m16:24:25.715[0m | [1mINFO    [0m | [36msrc.config.logging[0m:[36mlog_mcp_event[0m | [1mMCP event: tool_invoked[0m
[32m16:24:25.715[0m | [1mINFO    [0m | [36msrc.conversation.graph.executor[0m:[36mexecute[0m | [1m[DIAG] MCP response: tool=move, result={'content': [{'type': 'text', 'text': '{\n  "success": true,\n  "message": "Moved to pose (0.160, 0.402, 0.503)",\n  "start_pose": {\n    "x": 0.1596,\n    "y": 0.3522,\n    "z": 0.5032\n  },\n  "end_pose": {\n    "x": 0.16,\n    "y": 0.4031,\n    "z": 0.5009\n  },\n  "duration_ms": 3000.0,\n  "dire[0m
[32m16:24:25.715[0m | [1mINFO    [0m | [36msrc.conversation.graph.runner[0m:[36mrun_turn[0m | [1mVerification required after tool execution[0m
[32m16:24:25.716[0m | [1mINFO    [0m | [36msrc.audio.single_utterance_processor[0m:[36msynthesize[0m | [1mSynthesizing single utterance response[0m
[32m16:24:25.716[0m | [1mINFO    [0m | [36msrc.config.logging[0m:[36mlog_audio_event[0m | [1mAudio event: tts_request[0m
[32m16:24:26.081[0m | [1mINFO    [0m | [36msrc.config.logging[0m:[36mlog_audio_event[0m | [1mAudio event: tts_success[0m
[32m16:24:26.081[0m | [1mINFO    [0m | [36msrc.config.logging[0m:[36mlog_audio_event[0m | [1mAudio event: single_utterance_synthesis[0m
[32m16:24:26.081[0m | [1mINFO    [0m | [36msrc.audio.single_utterance_processor[0m:[36msynthesize[0m | [1mSingle utterance synthesis completed[0m
[32m16:24:26.081[0m | [1mINFO    [0m | [36msrc.conversation.graph.responder[0m:[36mrespond[0m | [1mResponder prepared final output[0m
[32m16:24:26.082[0m | [1mINFO    [0m | [36msrc.conversation.state_machine[0m:[36mtransition_to[0m | [1mState transition completed[0m
[32m16:24:26.086[0m | [1mINFO    [0m | [36msrc.conversation.models[0m:[36mlog_snapshot[0m | [1mTurn metrics updated[0m
[32m16:24:26.086[0m | [1mINFO    [0m | [36msrc.config.logging[0m:[36mlog_conversation_event[0m | [1mConversation event: turn_complete[0m
[32m16:24:26.086[0m | [1mINFO    [0m | [36msrc.conversation.state_machine[0m:[36mtransition_to[0m | [1mState transition completed[0m
[32m16:24:26.093[0m | [1mINFO    [0m | [36msrc.api.websocket[0m:[36m_send_conversation_result[0m | [1mConversation turn completed for session 563a865f-446a-4ec1-ad2c-0d6ecc2025d5[0m
[32m16:24:26.093[0m | [1mINFO    [0m | [36msrc.api.websocket[0m:[36m_process_streaming_turn[0m | [1mStarting streaming turn for session 563a865f-446a-4ec1-ad2c-0d6ecc2025d5[0m
[32m16:24:26.093[0m | [1mINFO    [0m | [36msrc.config.logging[0m:[36mlog_conversation_event[0m | [1mConversation event: turn_start[0m
[32m16:24:26.093[0m | [1mINFO    [0m | [36msrc.conversation.state_machine[0m:[36mtransition_to[0m | [1mState transition completed[0m
[32m16:24:26.093[0m | [1mINFO    [0m | [36msrc.config.logging[0m:[36mlog_audio_event[0m | [1mAudio event: streaming_transcription_start[0m
[32m16:24:26.093[0m | [1mINFO    [0m | [36msrc.audio.single_utterance_processor[0m:[36mtranscribe_stream[0m | [1mStarting real-time stream transcription with V2 Recognizer...[0m
[32m16:24:26.093[0m | [1mINFO    [0m | [36msrc.config.logging[0m:[36mlog_audio_event[0m | [1mAudio event: stt_streaming_start[0m
[32m16:24:33.055[0m | [1mINFO    [0m | [36msrc.api.websocket[0m:[36m_handle_message[0m | [1m🎯 Processing WebSocket message[0m
[32m16:24:33.055[0m | [1mINFO    [0m | [36msrc.api.websocket[0m:[36m_handle_message[0m | [1m🏓 Handling ping for session 563a865f-446a-4ec1-ad2c-0d6ecc2025d5[0m
[32m16:24:33.055[0m | [1mINFO    [0m | [36msrc.api.websocket[0m:[36m_handle_message[0m | [1m✅ ping handled successfully for session 563a865f-446a-4ec1-ad2c-0d6ecc2025d5[0m
[32m16:24:33.434[0m | [1mINFO    [0m | [36msrc.config.logging[0m:[36mlog_audio_event[0m | [1mAudio event: stt_streaming_event[0m
[32m16:24:33.458[0m | [1mINFO    [0m | [36msrc.audio.single_utterance_processor[0m:[36mtranscribe_stream[0m | [1mFinal transcript received from stream[0m
[32m16:24:33.458[0m | [1mINFO    [0m | [36msrc.config.logging[0m:[36mlog_audio_event[0m | [1mAudio event: streaming_transcription_success[0m
[32m16:24:33.458[0m | [1mINFO    [0m | [36msrc.api.websocket[0m:[36mon_transcript[0m | [1mSent early transcript: Move move the gripper a bit down....[0m
[32m16:24:33.459[0m | [1mINFO    [0m | [36msrc.conversation.state_machine[0m:[36mtransition_to[0m | [1mState transition completed[0m
[32m16:24:33.459[0m | [1mINFO    [0m | [36msrc.conversation.single_utterance_engine[0m:[36mprocess_conversation_turn[0m | [1mSpeech transcribed via stream[0m
[32m16:24:33.459[0m | [1mINFO    [0m | [36msrc.conversation.graph.runner[0m:[36mrun_turn[0m | [1mVerification pending - passing to planner for LLM classification[0m
[32m16:24:34.684[0m | [1mINFO    [0m | [36msrc.conversation.graph.runner[0m:[36mrun_turn[0m | [1mPhase 11: Processing verification response via LLM[0m
[32m16:24:34.685[0m | [1mINFO    [0m | [36msrc.conversation.graph.runner[0m:[36mrun_turn[0m | [1mNew instruction during verification, proceeding with tool[0m
[32m16:24:34.685[0m | [1mINFO    [0m | [36msrc.conversation.graph.runner[0m:[36mrun_turn[0m | [1m[DIAG] Planner tool decision: tool_name=move, tool_args={'direction': 'down', 'distance': 0.1}[0m
[32m16:24:34.685[0m | [1mINFO    [0m | [36msrc.audio.single_utterance_processor[0m:[36msynthesize[0m | [1mSynthesizing single utterance response[0m
[32m16:24:34.685[0m | [1mINFO    [0m | [36msrc.config.logging[0m:[36mlog_audio_event[0m | [1mAudio event: tts_request[0m
[32m16:24:34.844[0m | [1mINFO    [0m | [36msrc.config.logging[0m:[36mlog_audio_event[0m | [1mAudio event: tts_success[0m
[32m16:24:34.845[0m | [1mINFO    [0m | [36msrc.config.logging[0m:[36mlog_audio_event[0m | [1mAudio event: single_utterance_synthesis[0m
[32m16:24:34.845[0m | [1mINFO    [0m | [36msrc.audio.single_utterance_processor[0m:[36msynthesize[0m | [1mSingle utterance synthesis completed[0m
[32m16:24:34.849[0m | [1mINFO    [0m | [36msrc.api.websocket[0m:[36mon_acknowledgment[0m | [1mSent acknowledgment for session 563a865f-446a-4ec1-ad2c-0d6ecc2025d5: Ok, moving down.[0m
[32m16:24:34.849[0m | [1mINFO    [0m | [36msrc.conversation.graph.runner[0m:[36mrun_turn[0m | [1mAcknowledgment sent before tool execution[0m
[32m16:24:34.849[0m | [1mINFO    [0m | [36msrc.conversation.graph.executor[0m:[36mexecute[0m | [1mInvoking MCP tool[0m
[32m16:24:34.849[0m | [1mINFO    [0m | [36msrc.conversation.graph.executor[0m:[36mexecute[0m | [1m[DIAG] Calling MCP tool: tool=move, args={'direction': 'down', 'distance': 0.1, 'angle': 15.0}[0m
[32m16:24:34.852[0m | [1mINFO    [0m | [36msrc.mcp.stdio_client[0m:[36m_stderr_loop[0m | [1m[moveit stderr] [DIAG] MCP call_tool: name=move, args={'direction': 'down', 'distance': 0.1, 'angle': 15.0}[0m
[move_group-9] [INFO] [1765401874.858220419] [moveit_move_group_default_capabilities.plan_service_capability]: Received new planning service request...
[move_group-9] [INFO] [1765401874.858984518] [moveit.ompl_planning.model_based_planning_context]: Planner configuration 'arm' will use planner 'geometric::RRTConnect'. Additional configuration parameters will be set when the planner is constructed.
[move_group-9] [INFO] [1765401874.925443095] [moveit_move_group_default_capabilities.execute_trajectory_action_capability]: Received goal request
[move_group-9] [INFO] [1765401874.925496361] [moveit_move_group_default_capabilities.execute_trajectory_action_capability]: Execution request received
[move_group-9] [INFO] [1765401874.925510261] [moveit.plugins.moveit_simple_controller_manager]: Returned 2 controllers in list
[move_group-9] [INFO] [1765401874.925521144] [moveit.plugins.moveit_simple_controller_manager]: Returned 2 controllers in list
[move_group-9] [INFO] [1765401874.925573426] [moveit_ros.trajectory_execution_manager]: Validating trajectory with allowed_start_tolerance 0.01
[move_group-9] [INFO] [1765401874.926608352] [moveit_ros.trajectory_execution_manager]: Starting trajectory execution ...
[move_group-9] [INFO] [1765401874.926633277] [moveit.plugins.moveit_simple_controller_manager]: Returned 2 controllers in list
[move_group-9] [INFO] [1765401874.926642783] [moveit.plugins.moveit_simple_controller_manager]: Returned 2 controllers in list
[move_group-9] [INFO] [1765401874.926709213] [moveit.simple_controller_manager.follow_joint_trajectory_controller_handle]: sending trajectory to joint_trajectory_controller
[ros2_control_node-1] [INFO] [1765401874.926843384] [joint_trajectory_controller]: Received new action goal
[ros2_control_node-1] [INFO] [1765401874.926869835] [joint_trajectory_controller]: Accepted new action goal
[move_group-9] [INFO] [1765401874.926935516] [moveit.simple_controller_manager.follow_joint_trajectory_controller_handle]: joint_trajectory_controller started execution
[move_group-9] [INFO] [1765401874.926944505] [moveit.simple_controller_manager.follow_joint_trajectory_controller_handle]: Goal request accepted!
[ros2_control_node-1] [INFO] [1765401880.122564717] [joint_trajectory_controller]: Goal reached, success!
[move_group-9] [INFO] [1765401880.127075558] [moveit.simple_controller_manager.follow_joint_trajectory_controller_handle]: Controller 'joint_trajectory_controller' successfully finished
[move_group-9] [INFO] [1765401880.129632130] [moveit_ros.trajectory_execution_manager]: Completed trajectory execution with status SUCCEEDED ...
[move_group-9] [INFO] [1765401880.129679129] [moveit_move_group_default_capabilities.execute_trajectory_action_capability]: Execution completed: SUCCEEDED
[32m16:24:40.132[0m | [1mINFO    [0m | [36msrc.config.logging[0m:[36mlog_mcp_event[0m | [1mMCP event: tool_invoked[0m
[32m16:24:40.132[0m | [1mINFO    [0m | [36msrc.conversation.graph.executor[0m:[36mexecute[0m | [1m[DIAG] MCP response: tool=move, result={'content': [{'type': 'text', 'text': '{\n  "success": true,\n  "message": "Moved to pose (0.160, 0.403, 0.401)",\n  "start_pose": {\n    "x": 0.16,\n    "y": 0.4031,\n    "z": 0.5009\n  },\n  "end_pose": {\n    "x": 0.1577,\n    "y": 0.4035,\n    "z": 0.3993\n  },\n  "duration_ms": 5277.59,\n  "dir[0m
[32m16:24:40.132[0m | [1mINFO    [0m | [36msrc.conversation.graph.runner[0m:[36mrun_turn[0m | [1mVerification required after tool execution[0m
[32m16:24:40.133[0m | [1mINFO    [0m | [36msrc.audio.single_utterance_processor[0m:[36msynthesize[0m | [1mSynthesizing single utterance response[0m
[32m16:24:40.133[0m | [1mINFO    [0m | [36msrc.config.logging[0m:[36mlog_audio_event[0m | [1mAudio event: tts_request[0m
[32m16:24:40.622[0m | [1mINFO    [0m | [36msrc.config.logging[0m:[36mlog_audio_event[0m | [1mAudio event: tts_success[0m
[32m16:24:40.623[0m | [1mINFO    [0m | [36msrc.config.logging[0m:[36mlog_audio_event[0m | [1mAudio event: single_utterance_synthesis[0m
[32m16:24:40.623[0m | [1mINFO    [0m | [36msrc.audio.single_utterance_processor[0m:[36msynthesize[0m | [1mSingle utterance synthesis completed[0m
[32m16:24:40.623[0m | [1mINFO    [0m | [36msrc.conversation.graph.responder[0m:[36mrespond[0m | [1mResponder prepared final output[0m
[32m16:24:40.623[0m | [1mINFO    [0m | [36msrc.conversation.state_machine[0m:[36mtransition_to[0m | [1mState transition completed[0m
[32m16:24:40.637[0m | [1mINFO    [0m | [36msrc.conversation.models[0m:[36mlog_snapshot[0m | [1mTurn metrics updated[0m
[32m16:24:40.637[0m | [1mINFO    [0m | [36msrc.config.logging[0m:[36mlog_conversation_event[0m | [1mConversation event: turn_complete[0m
[32m16:24:40.637[0m | [1mINFO    [0m | [36msrc.conversation.state_machine[0m:[36mtransition_to[0m | [1mState transition completed[0m
[32m16:24:40.643[0m | [1mINFO    [0m | [36msrc.api.websocket[0m:[36m_send_conversation_result[0m | [1mConversation turn completed for session 563a865f-446a-4ec1-ad2c-0d6ecc2025d5[0m
[32m16:24:40.644[0m | [1mINFO    [0m | [36msrc.api.websocket[0m:[36m_process_streaming_turn[0m | [1mStarting streaming turn for session 563a865f-446a-4ec1-ad2c-0d6ecc2025d5[0m
[32m16:24:40.644[0m | [1mINFO    [0m | [36msrc.config.logging[0m:[36mlog_conversation_event[0m | [1mConversation event: turn_start[0m
[32m16:24:40.644[0m | [1mINFO    [0m | [36msrc.conversation.state_machine[0m:[36mtransition_to[0m | [1mState transition completed[0m
[32m16:24:40.644[0m | [1mINFO    [0m | [36msrc.config.logging[0m:[36mlog_audio_event[0m | [1mAudio event: streaming_transcription_start[0m
[32m16:24:40.644[0m | [1mINFO    [0m | [36msrc.audio.single_utterance_processor[0m:[36mtranscribe_stream[0m | [1mStarting real-time stream transcription with V2 Recognizer...[0m
[32m16:24:40.644[0m | [1mINFO    [0m | [36msrc.config.logging[0m:[36mlog_audio_event[0m | [1mAudio event: stt_streaming_start[0m
[32m16:24:46.796[0m | [1mINFO    [0m | [36msrc.config.logging[0m:[36mlog_audio_event[0m | [1mAudio event: stt_streaming_event[0m
[32m16:24:46.834[0m | [1mINFO    [0m | [36msrc.audio.single_utterance_processor[0m:[36mtranscribe_stream[0m | [1mFinal transcript received from stream[0m
[32m16:24:46.834[0m | [1mINFO    [0m | [36msrc.config.logging[0m:[36mlog_audio_event[0m | [1mAudio event: streaming_transcription_success[0m
[32m16:24:46.834[0m | [1mINFO    [0m | [36msrc.api.websocket[0m:[36mon_transcript[0m | [1mSent early transcript: No, it has to go down a little bit more....[0m
[32m16:24:46.834[0m | [1mINFO    [0m | [36msrc.conversation.state_machine[0m:[36mtransition_to[0m | [1mState transition completed[0m
[32m16:24:46.834[0m | [1mINFO    [0m | [36msrc.conversation.single_utterance_engine[0m:[36mprocess_conversation_turn[0m | [1mSpeech transcribed via stream[0m
[32m16:24:46.834[0m | [1mINFO    [0m | [36msrc.conversation.graph.runner[0m:[36mrun_turn[0m | [1mVerification pending - passing to planner for LLM classification[0m
[32m16:24:47.790[0m | [1mINFO    [0m | [36msrc.conversation.graph.runner[0m:[36mrun_turn[0m | [1mPhase 11: Processing verification response via LLM[0m
[32m16:24:47.790[0m | [1mINFO    [0m | [36msrc.conversation.graph.runner[0m:[36mrun_turn[0m | [1mNew instruction during verification, proceeding with tool[0m
[32m16:24:47.790[0m | [1mINFO    [0m | [36msrc.conversation.graph.runner[0m:[36mrun_turn[0m | [1m[DIAG] Planner tool decision: tool_name=move, tool_args={'direction': 'down', 'distance': 0.1}[0m
[32m16:24:47.790[0m | [1mINFO    [0m | [36msrc.audio.single_utterance_processor[0m:[36msynthesize[0m | [1mSynthesizing single utterance response[0m
[32m16:24:47.790[0m | [1mINFO    [0m | [36msrc.config.logging[0m:[36mlog_audio_event[0m | [1mAudio event: tts_request[0m
[32m16:24:48.065[0m | [1mINFO    [0m | [36msrc.config.logging[0m:[36mlog_audio_event[0m | [1mAudio event: tts_success[0m
[32m16:24:48.066[0m | [1mINFO    [0m | [36msrc.config.logging[0m:[36mlog_audio_event[0m | [1mAudio event: single_utterance_synthesis[0m
[32m16:24:48.066[0m | [1mINFO    [0m | [36msrc.audio.single_utterance_processor[0m:[36msynthesize[0m | [1mSingle utterance synthesis completed[0m
[32m16:24:48.071[0m | [1mINFO    [0m | [36msrc.api.websocket[0m:[36mon_acknowledgment[0m | [1mSent acknowledgment for session 563a865f-446a-4ec1-ad2c-0d6ecc2025d5: Ok, moving down.[0m
[32m16:24:48.071[0m | [1mINFO    [0m | [36msrc.conversation.graph.runner[0m:[36mrun_turn[0m | [1mAcknowledgment sent before tool execution[0m
[32m16:24:48.071[0m | [1mINFO    [0m | [36msrc.conversation.graph.executor[0m:[36mexecute[0m | [1mInvoking MCP tool[0m
[32m16:24:48.071[0m | [1mINFO    [0m | [36msrc.conversation.graph.executor[0m:[36mexecute[0m | [1m[DIAG] Calling MCP tool: tool=move, args={'direction': 'down', 'distance': 0.1, 'angle': 15.0}[0m
[32m16:24:48.076[0m | [1mINFO    [0m | [36msrc.mcp.stdio_client[0m:[36m_stderr_loop[0m | [1m[moveit stderr] [DIAG] MCP call_tool: name=move, args={'direction': 'down', 'distance': 0.1, 'angle': 15.0}[0m
[move_group-9] [INFO] [1765401888.082518920] [moveit_move_group_default_capabilities.plan_service_capability]: Received new planning service request...
[move_group-9] [INFO] [1765401888.083317826] [moveit.ompl_planning.model_based_planning_context]: Planner configuration 'arm' will use planner 'geometric::RRTConnect'. Additional configuration parameters will be set when the planner is constructed.
[move_group-9] [INFO] [1765401888.116784861] [moveit_move_group_default_capabilities.execute_trajectory_action_capability]: Received goal request
[move_group-9] [INFO] [1765401888.116835144] [moveit_move_group_default_capabilities.execute_trajectory_action_capability]: Execution request received
[move_group-9] [INFO] [1765401888.116845196] [moveit.plugins.moveit_simple_controller_manager]: Returned 2 controllers in list
[move_group-9] [INFO] [1765401888.116853804] [moveit.plugins.moveit_simple_controller_manager]: Returned 2 controllers in list
[move_group-9] [INFO] [1765401888.116877293] [moveit_ros.trajectory_execution_manager]: Validating trajectory with allowed_start_tolerance 0.01
[move_group-9] [INFO] [1765401888.117630321] [moveit_ros.trajectory_execution_manager]: Starting trajectory execution ...
[move_group-9] [INFO] [1765401888.117655716] [moveit.plugins.moveit_simple_controller_manager]: Returned 2 controllers in list
[move_group-9] [INFO] [1765401888.117687664] [moveit.plugins.moveit_simple_controller_manager]: Returned 2 controllers in list
[move_group-9] [INFO] [1765401888.117761882] [moveit.simple_controller_manager.follow_joint_trajectory_controller_handle]: sending trajectory to joint_trajectory_controller
[ros2_control_node-1] [INFO] [1765401888.117881403] [joint_trajectory_controller]: Received new action goal
[ros2_control_node-1] [INFO] [1765401888.117903783] [joint_trajectory_controller]: Accepted new action goal
[move_group-9] [INFO] [1765401888.118023766] [moveit.simple_controller_manager.follow_joint_trajectory_controller_handle]: joint_trajectory_controller started execution
[move_group-9] [INFO] [1765401888.118040251] [moveit.simple_controller_manager.follow_joint_trajectory_controller_handle]: Goal request accepted!
[ros2_control_node-1] [INFO] [1765401889.259563006] [joint_trajectory_controller]: Goal reached, success!
[move_group-9] [INFO] [1765401889.268187462] [moveit.simple_controller_manager.follow_joint_trajectory_controller_handle]: Controller 'joint_trajectory_controller' successfully finished
[move_group-9] [INFO] [1765401889.270678664] [moveit_ros.trajectory_execution_manager]: Completed trajectory execution with status SUCCEEDED ...
[move_group-9] [INFO] [1765401889.270732419] [moveit_move_group_default_capabilities.execute_trajectory_action_capability]: Execution completed: SUCCEEDED
[32m16:24:49.274[0m | [1mINFO    [0m | [36msrc.config.logging[0m:[36mlog_mcp_event[0m | [1mMCP event: tool_invoked[0m
[32m16:24:49.274[0m | [1mINFO    [0m | [36msrc.conversation.graph.executor[0m:[36mexecute[0m | [1m[DIAG] MCP response: tool=move, result={'content': [{'type': 'text', 'text': '{\n  "success": true,\n  "message": "Moved to pose (0.158, 0.404, 0.299)",\n  "start_pose": {\n    "x": 0.1577,\n    "y": 0.4035,\n    "z": 0.3993\n  },\n  "end_pose": {\n    "x": 0.1574,\n    "y": 0.4036,\n    "z": 0.2992\n  },\n  "duration_ms": 1195.25,\n  "d[0m
[32m16:24:49.274[0m | [1mINFO    [0m | [36msrc.conversation.graph.runner[0m:[36mrun_turn[0m | [1mVerification required after tool execution[0m
[32m16:24:49.274[0m | [1mINFO    [0m | [36msrc.audio.single_utterance_processor[0m:[36msynthesize[0m | [1mSynthesizing single utterance response[0m
[32m16:24:49.275[0m | [1mINFO    [0m | [36msrc.config.logging[0m:[36mlog_audio_event[0m | [1mAudio event: tts_request[0m
[32m16:24:49.633[0m | [1mINFO    [0m | [36msrc.config.logging[0m:[36mlog_audio_event[0m | [1mAudio event: tts_success[0m
[32m16:24:49.633[0m | [1mINFO    [0m | [36msrc.config.logging[0m:[36mlog_audio_event[0m | [1mAudio event: single_utterance_synthesis[0m
[32m16:24:49.633[0m | [1mINFO    [0m | [36msrc.audio.single_utterance_processor[0m:[36msynthesize[0m | [1mSingle utterance synthesis completed[0m
[32m16:24:49.633[0m | [1mINFO    [0m | [36msrc.conversation.graph.responder[0m:[36mrespond[0m | [1mResponder prepared final output[0m
[32m16:24:49.634[0m | [1mINFO    [0m | [36msrc.conversation.state_machine[0m:[36mtransition_to[0m | [1mState transition completed[0m
[32m16:24:49.645[0m | [1mINFO    [0m | [36msrc.conversation.models[0m:[36mlog_snapshot[0m | [1mTurn metrics updated[0m
[32m16:24:49.645[0m | [1mINFO    [0m | [36msrc.config.logging[0m:[36mlog_conversation_event[0m | [1mConversation event: turn_complete[0m
[32m16:24:49.645[0m | [1mINFO    [0m | [36msrc.conversation.state_machine[0m:[36mtransition_to[0m | [1mState transition completed[0m
[32m16:24:49.652[0m | [1mINFO    [0m | [36msrc.api.websocket[0m:[36m_send_conversation_result[0m | [1mConversation turn completed for session 563a865f-446a-4ec1-ad2c-0d6ecc2025d5[0m
[32m16:24:49.652[0m | [1mINFO    [0m | [36msrc.api.websocket[0m:[36m_process_streaming_turn[0m | [1mStarting streaming turn for session 563a865f-446a-4ec1-ad2c-0d6ecc2025d5[0m
[32m16:24:49.652[0m | [1mINFO    [0m | [36msrc.config.logging[0m:[36mlog_conversation_event[0m | [1mConversation event: turn_start[0m
[32m16:24:49.652[0m | [1mINFO    [0m | [36msrc.conversation.state_machine[0m:[36mtransition_to[0m | [1mState transition completed[0m
[32m16:24:49.652[0m | [1mINFO    [0m | [36msrc.config.logging[0m:[36mlog_audio_event[0m | [1mAudio event: streaming_transcription_start[0m
[32m16:24:49.652[0m | [1mINFO    [0m | [36msrc.audio.single_utterance_processor[0m:[36mtranscribe_stream[0m | [1mStarting real-time stream transcription with V2 Recognizer...[0m
[32m16:24:49.652[0m | [1mINFO    [0m | [36msrc.config.logging[0m:[36mlog_audio_event[0m | [1mAudio event: stt_streaming_start[0m
[32m16:24:56.215[0m | [1mINFO    [0m | [36msrc.config.logging[0m:[36mlog_audio_event[0m | [1mAudio event: stt_streaming_event[0m
[32m16:24:56.255[0m | [1mINFO    [0m | [36msrc.audio.single_utterance_processor[0m:[36mtranscribe_stream[0m | [1mFinal transcript received from stream[0m
[32m16:24:56.255[0m | [1mINFO    [0m | [36msrc.config.logging[0m:[36mlog_audio_event[0m | [1mAudio event: streaming_transcription_success[0m
[32m16:24:56.255[0m | [1mINFO    [0m | [36msrc.api.websocket[0m:[36mon_transcript[0m | [1mSent early transcript: Move the gripper a bit more to the right....[0m
[32m16:24:56.255[0m | [1mINFO    [0m | [36msrc.conversation.state_machine[0m:[36mtransition_to[0m | [1mState transition completed[0m
[32m16:24:56.255[0m | [1mINFO    [0m | [36msrc.conversation.single_utterance_engine[0m:[36mprocess_conversation_turn[0m | [1mSpeech transcribed via stream[0m
[32m16:24:56.256[0m | [1mINFO    [0m | [36msrc.conversation.graph.runner[0m:[36mrun_turn[0m | [1mVerification pending - passing to planner for LLM classification[0m
[32m16:24:57.293[0m | [1mINFO    [0m | [36msrc.conversation.graph.runner[0m:[36mrun_turn[0m | [1mPhase 11: Processing verification response via LLM[0m
[32m16:24:57.294[0m | [1mINFO    [0m | [36msrc.conversation.graph.runner[0m:[36mrun_turn[0m | [1mNew instruction during verification, proceeding with tool[0m
[32m16:24:57.294[0m | [1mINFO    [0m | [36msrc.conversation.graph.runner[0m:[36mrun_turn[0m | [1m[DIAG] Planner tool decision: tool_name=move, tool_args={'direction': 'right', 'distance': 0.1}[0m
[32m16:24:57.294[0m | [1mINFO    [0m | [36msrc.audio.single_utterance_processor[0m:[36msynthesize[0m | [1mSynthesizing single utterance response[0m
[32m16:24:57.294[0m | [1mINFO    [0m | [36msrc.config.logging[0m:[36mlog_audio_event[0m | [1mAudio event: tts_request[0m
[32m16:24:57.620[0m | [1mINFO    [0m | [36msrc.config.logging[0m:[36mlog_audio_event[0m | [1mAudio event: tts_success[0m
[32m16:24:57.620[0m | [1mINFO    [0m | [36msrc.config.logging[0m:[36mlog_audio_event[0m | [1mAudio event: single_utterance_synthesis[0m
[32m16:24:57.620[0m | [1mINFO    [0m | [36msrc.audio.single_utterance_processor[0m:[36msynthesize[0m | [1mSingle utterance synthesis completed[0m
[32m16:24:57.624[0m | [1mINFO    [0m | [36msrc.api.websocket[0m:[36mon_acknowledgment[0m | [1mSent acknowledgment for session 563a865f-446a-4ec1-ad2c-0d6ecc2025d5: Ok, moving right.[0m
[32m16:24:57.624[0m | [1mINFO    [0m | [36msrc.conversation.graph.runner[0m:[36mrun_turn[0m | [1mAcknowledgment sent before tool execution[0m
[32m16:24:57.624[0m | [1mINFO    [0m | [36msrc.conversation.graph.executor[0m:[36mexecute[0m | [1mInvoking MCP tool[0m
[32m16:24:57.624[0m | [1mINFO    [0m | [36msrc.conversation.graph.executor[0m:[36mexecute[0m | [1m[DIAG] Calling MCP tool: tool=move, args={'direction': 'right', 'distance': 0.1, 'angle': 15.0}[0m
[32m16:24:57.627[0m | [1mINFO    [0m | [36msrc.mcp.stdio_client[0m:[36m_stderr_loop[0m | [1m[moveit stderr] [DIAG] MCP call_tool: name=move, args={'direction': 'right', 'distance': 0.1, 'angle': 15.0}[0m
[move_group-9] [INFO] [1765401897.631777171] [moveit_move_group_default_capabilities.plan_service_capability]: Received new planning service request...
[move_group-9] [INFO] [1765401897.632099857] [moveit.ompl_planning.model_based_planning_context]: Planner configuration 'arm' will use planner 'geometric::RRTConnect'. Additional configuration parameters will be set when the planner is constructed.
[move_group-9] [INFO] [1765401897.658081636] [moveit_move_group_default_capabilities.execute_trajectory_action_capability]: Received goal request
[move_group-9] [INFO] [1765401897.658131749] [moveit_move_group_default_capabilities.execute_trajectory_action_capability]: Execution request received
[move_group-9] [INFO] [1765401897.658144151] [moveit.plugins.moveit_simple_controller_manager]: Returned 2 controllers in list
[move_group-9] [INFO] [1765401897.658152375] [moveit.plugins.moveit_simple_controller_manager]: Returned 2 controllers in list
[move_group-9] [INFO] [1765401897.658176654] [moveit_ros.trajectory_execution_manager]: Validating trajectory with allowed_start_tolerance 0.01
[move_group-9] [INFO] [1765401897.658665929] [moveit_ros.trajectory_execution_manager]: Starting trajectory execution ...
[move_group-9] [INFO] [1765401897.658704101] [moveit.plugins.moveit_simple_controller_manager]: Returned 2 controllers in list
[move_group-9] [INFO] [1765401897.658724603] [moveit.plugins.moveit_simple_controller_manager]: Returned 2 controllers in list
[move_group-9] [INFO] [1765401897.658818604] [moveit.simple_controller_manager.follow_joint_trajectory_controller_handle]: sending trajectory to joint_trajectory_controller
[ros2_control_node-1] [INFO] [1765401897.658994998] [joint_trajectory_controller]: Received new action goal
[ros2_control_node-1] [INFO] [1765401897.659023256] [joint_trajectory_controller]: Accepted new action goal
[move_group-9] [INFO] [1765401897.659110225] [moveit.simple_controller_manager.follow_joint_trajectory_controller_handle]: joint_trajectory_controller started execution
[move_group-9] [INFO] [1765401897.659118995] [moveit.simple_controller_manager.follow_joint_trajectory_controller_handle]: Goal request accepted!
[ros2_control_node-1] [INFO] [1765401900.778568909] [joint_trajectory_controller]: Goal reached, success!
[move_group-9] [INFO] [1765401900.809359942] [moveit.simple_controller_manager.follow_joint_trajectory_controller_handle]: Controller 'joint_trajectory_controller' successfully finished
[move_group-9] [INFO] [1765401900.811676163] [moveit_ros.trajectory_execution_manager]: Completed trajectory execution with status SUCCEEDED ...
[move_group-9] [INFO] [1765401900.811744118] [moveit_move_group_default_capabilities.execute_trajectory_action_capability]: Execution completed: SUCCEEDED
[32m16:25:00.815[0m | [1mINFO    [0m | [36msrc.config.logging[0m:[36mlog_mcp_event[0m | [1mMCP event: tool_invoked[0m
[32m16:25:00.815[0m | [1mINFO    [0m | [36msrc.conversation.graph.executor[0m:[36mexecute[0m | [1m[DIAG] MCP response: tool=move, result={'content': [{'type': 'text', 'text': '{\n  "success": true,\n  "message": "Moved to pose (0.157, 0.504, 0.299)",\n  "start_pose": {\n    "x": 0.1574,\n    "y": 0.4036,\n    "z": 0.2992\n  },\n  "end_pose": {\n    "x": 0.1566,\n    "y": 0.5033,\n    "z": 0.297\n  },\n  "duration_ms": 3186.03,\n  "di[0m
[32m16:25:00.815[0m | [1mINFO    [0m | [36msrc.conversation.graph.runner[0m:[36mrun_turn[0m | [1mVerification required after tool execution[0m
[32m16:25:00.815[0m | [1mINFO    [0m | [36msrc.audio.single_utterance_processor[0m:[36msynthesize[0m | [1mSynthesizing single utterance response[0m
[32m16:25:00.815[0m | [1mINFO    [0m | [36msrc.config.logging[0m:[36mlog_audio_event[0m | [1mAudio event: tts_request[0m
[32m16:25:01.100[0m | [1mINFO    [0m | [36msrc.config.logging[0m:[36mlog_mcp_event[0m | [1mMCP event: health_check[0m
[32m16:25:01.168[0m | [1mINFO    [0m | [36msrc.config.logging[0m:[36mlog_audio_event[0m | [1mAudio event: tts_success[0m
[32m16:25:01.168[0m | [1mINFO    [0m | [36msrc.config.logging[0m:[36mlog_audio_event[0m | [1mAudio event: single_utterance_synthesis[0m
[32m16:25:01.168[0m | [1mINFO    [0m | [36msrc.audio.single_utterance_processor[0m:[36msynthesize[0m | [1mSingle utterance synthesis completed[0m
[32m16:25:01.168[0m | [1mINFO    [0m | [36msrc.conversation.graph.responder[0m:[36mrespond[0m | [1mResponder prepared final output[0m
[32m16:25:01.169[0m | [1mINFO    [0m | [36msrc.conversation.state_machine[0m:[36mtransition_to[0m | [1mState transition completed[0m
[32m16:25:01.182[0m | [1mINFO    [0m | [36msrc.conversation.models[0m:[36mlog_snapshot[0m | [1mTurn metrics updated[0m
[32m16:25:01.182[0m | [1mINFO    [0m | [36msrc.config.logging[0m:[36mlog_conversation_event[0m | [1mConversation event: turn_complete[0m
[32m16:25:01.182[0m | [1mINFO    [0m | [36msrc.conversation.state_machine[0m:[36mtransition_to[0m | [1mState transition completed[0m
[32m16:25:01.190[0m | [1mINFO    [0m | [36msrc.api.websocket[0m:[36m_send_conversation_result[0m | [1mConversation turn completed for session 563a865f-446a-4ec1-ad2c-0d6ecc2025d5[0m
[32m16:25:01.191[0m | [1mINFO    [0m | [36msrc.api.websocket[0m:[36m_process_streaming_turn[0m | [1mStarting streaming turn for session 563a865f-446a-4ec1-ad2c-0d6ecc2025d5[0m
[32m16:25:01.191[0m | [1mINFO    [0m | [36msrc.config.logging[0m:[36mlog_conversation_event[0m | [1mConversation event: turn_start[0m
[32m16:25:01.191[0m | [1mINFO    [0m | [36msrc.conversation.state_machine[0m:[36mtransition_to[0m | [1mState transition completed[0m
[32m16:25:01.191[0m | [1mINFO    [0m | [36msrc.config.logging[0m:[36mlog_audio_event[0m | [1mAudio event: streaming_transcription_start[0m
[32m16:25:01.191[0m | [1mINFO    [0m | [36msrc.audio.single_utterance_processor[0m:[36mtranscribe_stream[0m | [1mStarting real-time stream transcription with V2 Recognizer...[0m
[32m16:25:01.191[0m | [1mINFO    [0m | [36msrc.config.logging[0m:[36mlog_audio_event[0m | [1mAudio event: stt_streaming_start[0m
[32m16:25:03.055[0m | [1mINFO    [0m | [36msrc.api.websocket[0m:[36m_handle_message[0m | [1m🎯 Processing WebSocket message[0m
[32m16:25:03.055[0m | [1mINFO    [0m | [36msrc.api.websocket[0m:[36m_handle_message[0m | [1m🏓 Handling ping for session 563a865f-446a-4ec1-ad2c-0d6ecc2025d5[0m
[32m16:25:03.056[0m | [1mINFO    [0m | [36msrc.api.websocket[0m:[36m_handle_message[0m | [1m✅ ping handled successfully for session 563a865f-446a-4ec1-ad2c-0d6ecc2025d5[0m
[32m16:25:07.422[0m | [1mINFO    [0m | [36msrc.config.logging[0m:[36mlog_audio_event[0m | [1mAudio event: stt_streaming_event[0m
[32m16:25:07.451[0m | [1mINFO    [0m | [36msrc.audio.single_utterance_processor[0m:[36mtranscribe_stream[0m | [1mFinal transcript received from stream[0m
[32m16:25:07.451[0m | [1mINFO    [0m | [36msrc.config.logging[0m:[36mlog_audio_event[0m | [1mAudio event: streaming_transcription_success[0m
[32m16:25:07.452[0m | [1mINFO    [0m | [36msrc.api.websocket[0m:[36mon_transcript[0m | [1mSent early transcript: No, you need to go back a little bit....[0m
[32m16:25:07.452[0m | [1mINFO    [0m | [36msrc.conversation.state_machine[0m:[36mtransition_to[0m | [1mState transition completed[0m
[32m16:25:07.452[0m | [1mINFO    [0m | [36msrc.conversation.single_utterance_engine[0m:[36mprocess_conversation_turn[0m | [1mSpeech transcribed via stream[0m
[32m16:25:07.452[0m | [1mINFO    [0m | [36msrc.conversation.graph.runner[0m:[36mrun_turn[0m | [1mVerification pending - passing to planner for LLM classification[0m
[32m16:25:08.503[0m | [1mINFO    [0m | [36msrc.conversation.graph.runner[0m:[36mrun_turn[0m | [1mPhase 11: Processing verification response via LLM[0m
[32m16:25:08.503[0m | [1mINFO    [0m | [36msrc.conversation.graph.runner[0m:[36mrun_turn[0m | [1mNew instruction during verification, proceeding with tool[0m
[32m16:25:08.503[0m | [1mINFO    [0m | [36msrc.conversation.graph.runner[0m:[36mrun_turn[0m | [1m[DIAG] Planner tool decision: tool_name=move, tool_args={'direction': 'backward', 'distance': 0.1}[0m
[32m16:25:08.503[0m | [1mINFO    [0m | [36msrc.audio.single_utterance_processor[0m:[36msynthesize[0m | [1mSynthesizing single utterance response[0m
[32m16:25:08.503[0m | [1mINFO    [0m | [36msrc.config.logging[0m:[36mlog_audio_event[0m | [1mAudio event: tts_request[0m
[32m16:25:08.638[0m | [1mINFO    [0m | [36msrc.config.logging[0m:[36mlog_audio_event[0m | [1mAudio event: tts_success[0m
[32m16:25:08.638[0m | [1mINFO    [0m | [36msrc.config.logging[0m:[36mlog_audio_event[0m | [1mAudio event: single_utterance_synthesis[0m
[32m16:25:08.638[0m | [1mINFO    [0m | [36msrc.audio.single_utterance_processor[0m:[36msynthesize[0m | [1mSingle utterance synthesis completed[0m
[32m16:25:08.645[0m | [1mINFO    [0m | [36msrc.api.websocket[0m:[36mon_acknowledgment[0m | [1mSent acknowledgment for session 563a865f-446a-4ec1-ad2c-0d6ecc2025d5: Ok, moving backward.[0m
[32m16:25:08.645[0m | [1mINFO    [0m | [36msrc.conversation.graph.runner[0m:[36mrun_turn[0m | [1mAcknowledgment sent before tool execution[0m
[32m16:25:08.645[0m | [1mINFO    [0m | [36msrc.conversation.graph.executor[0m:[36mexecute[0m | [1mInvoking MCP tool[0m
[32m16:25:08.645[0m | [1mINFO    [0m | [36msrc.conversation.graph.executor[0m:[36mexecute[0m | [1m[DIAG] Calling MCP tool: tool=move, args={'direction': 'backward', 'distance': 0.1, 'angle': 15.0}[0m
[32m16:25:08.649[0m | [1mINFO    [0m | [36msrc.mcp.stdio_client[0m:[36m_stderr_loop[0m | [1m[moveit stderr] [DIAG] MCP call_tool: name=move, args={'direction': 'backward', 'distance': 0.1, 'angle': 15.0}[0m
[move_group-9] [INFO] [1765401908.656137422] [moveit_move_group_default_capabilities.plan_service_capability]: Received new planning service request...
[move_group-9] [INFO] [1765401908.656828306] [moveit.ompl_planning.model_based_planning_context]: Planner configuration 'arm' will use planner 'geometric::RRTConnect'. Additional configuration parameters will be set when the planner is constructed.
[move_group-9] [INFO] [1765401908.681231811] [moveit_move_group_default_capabilities.execute_trajectory_action_capability]: Received goal request
[move_group-9] [INFO] [1765401908.681288347] [moveit_move_group_default_capabilities.execute_trajectory_action_capability]: Execution request received
[move_group-9] [INFO] [1765401908.681301468] [moveit.plugins.moveit_simple_controller_manager]: Returned 2 controllers in list
[move_group-9] [INFO] [1765401908.681310205] [moveit.plugins.moveit_simple_controller_manager]: Returned 2 controllers in list
[move_group-9] [INFO] [1765401908.681334169] [moveit_ros.trajectory_execution_manager]: Validating trajectory with allowed_start_tolerance 0.01
[move_group-9] [INFO] [1765401908.681671903] [moveit_ros.trajectory_execution_manager]: Starting trajectory execution ...
[move_group-9] [INFO] [1765401908.681710655] [moveit.plugins.moveit_simple_controller_manager]: Returned 2 controllers in list
[move_group-9] [INFO] [1765401908.681733352] [moveit.plugins.moveit_simple_controller_manager]: Returned 2 controllers in list
[move_group-9] [INFO] [1765401908.681831885] [moveit.simple_controller_manager.follow_joint_trajectory_controller_handle]: sending trajectory to joint_trajectory_controller
[ros2_control_node-1] [INFO] [1765401908.682042870] [joint_trajectory_controller]: Received new action goal
[ros2_control_node-1] [INFO] [1765401908.682082942] [joint_trajectory_controller]: Accepted new action goal
[move_group-9] [INFO] [1765401908.682153329] [moveit.simple_controller_manager.follow_joint_trajectory_controller_handle]: joint_trajectory_controller started execution
[move_group-9] [INFO] [1765401908.682162967] [moveit.simple_controller_manager.follow_joint_trajectory_controller_handle]: Goal request accepted!
[ros2_control_node-1] [INFO] [1765401909.582526148] [joint_trajectory_controller]: Goal reached, success!
[move_group-9] [INFO] [1765401909.632545035] [moveit.simple_controller_manager.follow_joint_trajectory_controller_handle]: Controller 'joint_trajectory_controller' successfully finished
[move_group-9] [INFO] [1765401909.635702887] [moveit_ros.trajectory_execution_manager]: Completed trajectory execution with status SUCCEEDED ...
[move_group-9] [INFO] [1765401909.635763631] [moveit_move_group_default_capabilities.execute_trajectory_action_capability]: Execution completed: SUCCEEDED
[32m16:25:09.640[0m | [1mINFO    [0m | [36msrc.config.logging[0m:[36mlog_mcp_event[0m | [1mMCP event: tool_invoked[0m
[32m16:25:09.641[0m | [1mINFO    [0m | [36msrc.conversation.graph.executor[0m:[36mexecute[0m | [1m[DIAG] MCP response: tool=move, result={'content': [{'type': 'text', 'text': '{\n  "success": true,\n  "message": "Moved to pose (0.057, 0.503, 0.297)",\n  "start_pose": {\n    "x": 0.1566,\n    "y": 0.5033,\n    "z": 0.297\n  },\n  "end_pose": {\n    "x": 0.0552,\n    "y": 0.5035,\n    "z": 0.2957\n  },\n  "duration_ms": 987.69,\n  "dir[0m
[32m16:25:09.641[0m | [1mINFO    [0m | [36msrc.conversation.graph.runner[0m:[36mrun_turn[0m | [1mVerification required after tool execution[0m
[32m16:25:09.641[0m | [1mINFO    [0m | [36msrc.audio.single_utterance_processor[0m:[36msynthesize[0m | [1mSynthesizing single utterance response[0m
[32m16:25:09.641[0m | [1mINFO    [0m | [36msrc.config.logging[0m:[36mlog_audio_event[0m | [1mAudio event: tts_request[0m
[32m16:25:09.788[0m | [1mINFO    [0m | [36msrc.config.logging[0m:[36mlog_audio_event[0m | [1mAudio event: tts_success[0m
[32m16:25:09.788[0m | [1mINFO    [0m | [36msrc.config.logging[0m:[36mlog_audio_event[0m | [1mAudio event: single_utterance_synthesis[0m
[32m16:25:09.789[0m | [1mINFO    [0m | [36msrc.audio.single_utterance_processor[0m:[36msynthesize[0m | [1mSingle utterance synthesis completed[0m
[32m16:25:09.789[0m | [1mINFO    [0m | [36msrc.conversation.graph.responder[0m:[36mrespond[0m | [1mResponder prepared final output[0m
[32m16:25:09.789[0m | [1mINFO    [0m | [36msrc.conversation.state_machine[0m:[36mtransition_to[0m | [1mState transition completed[0m
[32m16:25:09.803[0m | [1mINFO    [0m | [36msrc.conversation.models[0m:[36mlog_snapshot[0m | [1mTurn metrics updated[0m
[32m16:25:09.803[0m | [1mINFO    [0m | [36msrc.config.logging[0m:[36mlog_conversation_event[0m | [1mConversation event: turn_complete[0m
[32m16:25:09.803[0m | [1mINFO    [0m | [36msrc.conversation.state_machine[0m:[36mtransition_to[0m | [1mState transition completed[0m
[32m16:25:09.808[0m | [1mINFO    [0m | [36msrc.api.websocket[0m:[36m_send_conversation_result[0m | [1mConversation turn completed for session 563a865f-446a-4ec1-ad2c-0d6ecc2025d5[0m
[32m16:25:09.809[0m | [1mINFO    [0m | [36msrc.api.websocket[0m:[36m_process_streaming_turn[0m | [1mStarting streaming turn for session 563a865f-446a-4ec1-ad2c-0d6ecc2025d5[0m
[32m16:25:09.809[0m | [1mINFO    [0m | [36msrc.config.logging[0m:[36mlog_conversation_event[0m | [1mConversation event: turn_start[0m
[32m16:25:09.809[0m | [1mINFO    [0m | [36msrc.conversation.state_machine[0m:[36mtransition_to[0m | [1mState transition completed[0m
[32m16:25:09.809[0m | [1mINFO    [0m | [36msrc.config.logging[0m:[36mlog_audio_event[0m | [1mAudio event: streaming_transcription_start[0m
[32m16:25:09.809[0m | [1mINFO    [0m | [36msrc.audio.single_utterance_processor[0m:[36mtranscribe_stream[0m | [1mStarting real-time stream transcription with V2 Recognizer...[0m
[32m16:25:09.809[0m | [1mINFO    [0m | [36msrc.config.logging[0m:[36mlog_audio_event[0m | [1mAudio event: stt_streaming_start[0m
[32m16:25:13.287[0m | [1mINFO    [0m | [36msrc.config.logging[0m:[36mlog_audio_event[0m | [1mAudio event: stt_streaming_event[0m
[32m16:25:13.311[0m | [1mINFO    [0m | [36msrc.audio.single_utterance_processor[0m:[36mtranscribe_stream[0m | [1mFinal transcript received from stream[0m
[32m16:25:13.311[0m | [1mINFO    [0m | [36msrc.config.logging[0m:[36mlog_audio_event[0m | [1mAudio event: streaming_transcription_success[0m
[32m16:25:13.311[0m | [1mINFO    [0m | [36msrc.api.websocket[0m:[36mon_transcript[0m | [1mSent early transcript: A little bit more....[0m
[32m16:25:13.311[0m | [1mINFO    [0m | [36msrc.conversation.state_machine[0m:[36mtransition_to[0m | [1mState transition completed[0m
[32m16:25:13.311[0m | [1mINFO    [0m | [36msrc.conversation.single_utterance_engine[0m:[36mprocess_conversation_turn[0m | [1mSpeech transcribed via stream[0m
[32m16:25:13.311[0m | [1mINFO    [0m | [36msrc.conversation.graph.runner[0m:[36mrun_turn[0m | [1mVerification pending - passing to planner for LLM classification[0m
[32m16:25:14.416[0m | [1mINFO    [0m | [36msrc.conversation.graph.runner[0m:[36mrun_turn[0m | [1mPhase 11: Processing verification response via LLM[0m
[32m16:25:14.416[0m | [1mINFO    [0m | [36msrc.conversation.graph.runner[0m:[36mrun_turn[0m | [1mNew instruction during verification, proceeding with tool[0m
[32m16:25:14.416[0m | [1mINFO    [0m | [36msrc.conversation.graph.runner[0m:[36mrun_turn[0m | [1m[DIAG] Planner tool decision: tool_name=move, tool_args={'direction': 'backward', 'distance': 0.1}[0m
[32m16:25:14.416[0m | [1mINFO    [0m | [36msrc.audio.single_utterance_processor[0m:[36msynthesize[0m | [1mSynthesizing single utterance response[0m
[32m16:25:14.416[0m | [1mINFO    [0m | [36msrc.config.logging[0m:[36mlog_audio_event[0m | [1mAudio event: tts_request[0m
[32m16:25:14.601[0m | [1mINFO    [0m | [36msrc.config.logging[0m:[36mlog_audio_event[0m | [1mAudio event: tts_success[0m
[32m16:25:14.601[0m | [1mINFO    [0m | [36msrc.config.logging[0m:[36mlog_audio_event[0m | [1mAudio event: single_utterance_synthesis[0m
[32m16:25:14.601[0m | [1mINFO    [0m | [36msrc.audio.single_utterance_processor[0m:[36msynthesize[0m | [1mSingle utterance synthesis completed[0m
[32m16:25:14.606[0m | [1mINFO    [0m | [36msrc.api.websocket[0m:[36mon_acknowledgment[0m | [1mSent acknowledgment for session 563a865f-446a-4ec1-ad2c-0d6ecc2025d5: Ok, moving backward.[0m
[32m16:25:14.606[0m | [1mINFO    [0m | [36msrc.conversation.graph.runner[0m:[36mrun_turn[0m | [1mAcknowledgment sent before tool execution[0m
[32m16:25:14.606[0m | [1mINFO    [0m | [36msrc.conversation.graph.executor[0m:[36mexecute[0m | [1mInvoking MCP tool[0m
[32m16:25:14.606[0m | [1mINFO    [0m | [36msrc.conversation.graph.executor[0m:[36mexecute[0m | [1m[DIAG] Calling MCP tool: tool=move, args={'direction': 'backward', 'distance': 0.1, 'angle': 15.0}[0m
[32m16:25:14.611[0m | [1mINFO    [0m | [36msrc.mcp.stdio_client[0m:[36m_stderr_loop[0m | [1m[moveit stderr] [DIAG] MCP call_tool: name=move, args={'direction': 'backward', 'distance': 0.1, 'angle': 15.0}[0m
[move_group-9] [INFO] [1765401914.618165785] [moveit_move_group_default_capabilities.plan_service_capability]: Received new planning service request...
[move_group-9] [INFO] [1765401914.618923369] [moveit.ompl_planning.model_based_planning_context]: Planner configuration 'arm' will use planner 'geometric::RRTConnect'. Additional configuration parameters will be set when the planner is constructed.
[move_group-9] [INFO] [1765401914.652779995] [moveit_move_group_default_capabilities.execute_trajectory_action_capability]: Received goal request
[move_group-9] [INFO] [1765401914.652876671] [moveit_move_group_default_capabilities.execute_trajectory_action_capability]: Execution request received
[move_group-9] [INFO] [1765401914.652896602] [moveit.plugins.moveit_simple_controller_manager]: Returned 2 controllers in list
[move_group-9] [INFO] [1765401914.652910600] [moveit.plugins.moveit_simple_controller_manager]: Returned 2 controllers in list
[move_group-9] [INFO] [1765401914.652976787] [moveit_ros.trajectory_execution_manager]: Validating trajectory with allowed_start_tolerance 0.01
[move_group-9] [INFO] [1765401914.653893636] [moveit_ros.trajectory_execution_manager]: Starting trajectory execution ...
[move_group-9] [INFO] [1765401914.654016044] [moveit.plugins.moveit_simple_controller_manager]: Returned 2 controllers in list
[move_group-9] [INFO] [1765401914.654105374] [moveit.plugins.moveit_simple_controller_manager]: Returned 2 controllers in list
[move_group-9] [INFO] [1765401914.654246021] [moveit.simple_controller_manager.follow_joint_trajectory_controller_handle]: sending trajectory to joint_trajectory_controller
[ros2_control_node-1] [INFO] [1765401914.654622684] [joint_trajectory_controller]: Received new action goal
[ros2_control_node-1] [INFO] [1765401914.654707271] [joint_trajectory_controller]: Accepted new action goal
[move_group-9] [INFO] [1765401914.654917301] [moveit.simple_controller_manager.follow_joint_trajectory_controller_handle]: joint_trajectory_controller started execution
[move_group-9] [INFO] [1765401914.654950107] [moveit.simple_controller_manager.follow_joint_trajectory_controller_handle]: Goal request accepted!
[ros2_control_node-1] [INFO] [1765401916.567566723] [joint_trajectory_controller]: Goal reached, success!
[move_group-9] [INFO] [1765401916.605200194] [moveit.simple_controller_manager.follow_joint_trajectory_controller_handle]: Controller 'joint_trajectory_controller' successfully finished
[move_group-9] [INFO] [1765401916.607683226] [moveit_ros.trajectory_execution_manager]: Completed trajectory execution with status SUCCEEDED ...
[move_group-9] [INFO] [1765401916.607738923] [moveit_move_group_default_capabilities.execute_trajectory_action_capability]: Execution completed: SUCCEEDED
[32m16:25:16.610[0m | [1mINFO    [0m | [36msrc.config.logging[0m:[36mlog_mcp_event[0m | [1mMCP event: tool_invoked[0m
[32m16:25:16.610[0m | [1mINFO    [0m | [36msrc.conversation.graph.executor[0m:[36mexecute[0m | [1m[DIAG] MCP response: tool=move, result={'content': [{'type': 'text', 'text': '{\n  "success": true,\n  "message": "Moved to pose (-0.045, 0.503, 0.296)",\n  "start_pose": {\n    "x": 0.0552,\n    "y": 0.5035,\n    "z": 0.2957\n  },\n  "end_pose": {\n    "x": -0.0459,\n    "y": 0.5027,\n    "z": 0.2956\n  },\n  "duration_ms": 1997.25,\n  [0m
[32m16:25:16.611[0m | [1mINFO    [0m | [36msrc.conversation.graph.runner[0m:[36mrun_turn[0m | [1mVerification required after tool execution[0m
[32m16:25:16.611[0m | [1mINFO    [0m | [36msrc.audio.single_utterance_processor[0m:[36msynthesize[0m | [1mSynthesizing single utterance response[0m
[32m16:25:16.611[0m | [1mINFO    [0m | [36msrc.config.logging[0m:[36mlog_audio_event[0m | [1mAudio event: tts_request[0m
[32m16:25:16.871[0m | [1mINFO    [0m | [36msrc.config.logging[0m:[36mlog_audio_event[0m | [1mAudio event: tts_success[0m
[32m16:25:16.871[0m | [1mINFO    [0m | [36msrc.config.logging[0m:[36mlog_audio_event[0m | [1mAudio event: single_utterance_synthesis[0m
[32m16:25:16.871[0m | [1mINFO    [0m | [36msrc.audio.single_utterance_processor[0m:[36msynthesize[0m | [1mSingle utterance synthesis completed[0m
[32m16:25:16.871[0m | [1mINFO    [0m | [36msrc.conversation.graph.responder[0m:[36mrespond[0m | [1mResponder prepared final output[0m
[32m16:25:16.872[0m | [1mINFO    [0m | [36msrc.conversation.state_machine[0m:[36mtransition_to[0m | [1mState transition completed[0m
[32m16:25:16.886[0m | [1mINFO    [0m | [36msrc.conversation.models[0m:[36mlog_snapshot[0m | [1mTurn metrics updated[0m
[32m16:25:16.886[0m | [1mINFO    [0m | [36msrc.config.logging[0m:[36mlog_conversation_event[0m | [1mConversation event: turn_complete[0m
[32m16:25:16.886[0m | [1mINFO    [0m | [36msrc.conversation.state_machine[0m:[36mtransition_to[0m | [1mState transition completed[0m
[32m16:25:16.892[0m | [1mINFO    [0m | [36msrc.api.websocket[0m:[36m_send_conversation_result[0m | [1mConversation turn completed for session 563a865f-446a-4ec1-ad2c-0d6ecc2025d5[0m
[32m16:25:16.893[0m | [1mINFO    [0m | [36msrc.api.websocket[0m:[36m_process_streaming_turn[0m | [1mStarting streaming turn for session 563a865f-446a-4ec1-ad2c-0d6ecc2025d5[0m
[32m16:25:16.893[0m | [1mINFO    [0m | [36msrc.config.logging[0m:[36mlog_conversation_event[0m | [1mConversation event: turn_start[0m
[32m16:25:16.893[0m | [1mINFO    [0m | [36msrc.conversation.state_machine[0m:[36mtransition_to[0m | [1mState transition completed[0m
[32m16:25:16.893[0m | [1mINFO    [0m | [36msrc.config.logging[0m:[36mlog_audio_event[0m | [1mAudio event: streaming_transcription_start[0m
[32m16:25:16.893[0m | [1mINFO    [0m | [36msrc.audio.single_utterance_processor[0m:[36mtranscribe_stream[0m | [1mStarting real-time stream transcription with V2 Recognizer...[0m
[32m16:25:16.893[0m | [1mINFO    [0m | [36msrc.config.logging[0m:[36mlog_audio_event[0m | [1mAudio event: stt_streaming_start[0m
[32m16:25:22.012[0m | [1mINFO    [0m | [36msrc.config.logging[0m:[36mlog_audio_event[0m | [1mAudio event: stt_streaming_event[0m
[32m16:25:22.047[0m | [1mINFO    [0m | [36msrc.audio.single_utterance_processor[0m:[36mtranscribe_stream[0m | [1mFinal transcript received from stream[0m
[32m16:25:22.047[0m | [1mINFO    [0m | [36msrc.config.logging[0m:[36mlog_audio_event[0m | [1mAudio event: streaming_transcription_success[0m
[32m16:25:22.047[0m | [1mINFO    [0m | [36msrc.api.websocket[0m:[36mon_transcript[0m | [1mSent early transcript: Just a smidge more....[0m
[32m16:25:22.047[0m | [1mINFO    [0m | [36msrc.conversation.state_machine[0m:[36mtransition_to[0m | [1mState transition completed[0m
[32m16:25:22.047[0m | [1mINFO    [0m | [36msrc.conversation.single_utterance_engine[0m:[36mprocess_conversation_turn[0m | [1mSpeech transcribed via stream[0m
[32m16:25:22.048[0m | [1mINFO    [0m | [36msrc.conversation.graph.runner[0m:[36mrun_turn[0m | [1mVerification pending - passing to planner for LLM classification[0m
[32m16:25:23.119[0m | [1mINFO    [0m | [36msrc.conversation.graph.runner[0m:[36mrun_turn[0m | [1mPhase 11: Processing verification response via LLM[0m
[32m16:25:23.119[0m | [1mINFO    [0m | [36msrc.conversation.graph.runner[0m:[36mrun_turn[0m | [1mNew instruction during verification, proceeding with tool[0m
[32m16:25:23.119[0m | [1mINFO    [0m | [36msrc.conversation.graph.runner[0m:[36mrun_turn[0m | [1m[DIAG] Planner tool decision: tool_name=move, tool_args={'direction': 'backward', 'distance': 0.05}[0m
[32m16:25:23.119[0m | [1mINFO    [0m | [36msrc.audio.single_utterance_processor[0m:[36msynthesize[0m | [1mSynthesizing single utterance response[0m
[32m16:25:23.119[0m | [1mINFO    [0m | [36msrc.config.logging[0m:[36mlog_audio_event[0m | [1mAudio event: tts_request[0m
[32m16:25:23.255[0m | [1mINFO    [0m | [36msrc.config.logging[0m:[36mlog_audio_event[0m | [1mAudio event: tts_success[0m
[32m16:25:23.255[0m | [1mINFO    [0m | [36msrc.config.logging[0m:[36mlog_audio_event[0m | [1mAudio event: single_utterance_synthesis[0m
[32m16:25:23.255[0m | [1mINFO    [0m | [36msrc.audio.single_utterance_processor[0m:[36msynthesize[0m | [1mSingle utterance synthesis completed[0m
[32m16:25:23.259[0m | [1mINFO    [0m | [36msrc.api.websocket[0m:[36mon_acknowledgment[0m | [1mSent acknowledgment for session 563a865f-446a-4ec1-ad2c-0d6ecc2025d5: Ok, moving backward.[0m
[32m16:25:23.259[0m | [1mINFO    [0m | [36msrc.conversation.graph.runner[0m:[36mrun_turn[0m | [1mAcknowledgment sent before tool execution[0m
[32m16:25:23.259[0m | [1mINFO    [0m | [36msrc.conversation.graph.executor[0m:[36mexecute[0m | [1mInvoking MCP tool[0m
[32m16:25:23.259[0m | [1mINFO    [0m | [36msrc.conversation.graph.executor[0m:[36mexecute[0m | [1m[DIAG] Calling MCP tool: tool=move, args={'direction': 'backward', 'distance': 0.05, 'angle': 15.0}[0m
[32m16:25:23.262[0m | [1mINFO    [0m | [36msrc.mcp.stdio_client[0m:[36m_stderr_loop[0m | [1m[moveit stderr] [DIAG] MCP call_tool: name=move, args={'direction': 'backward', 'distance': 0.05, 'angle': 15.0}[0m
[move_group-9] [INFO] [1765401923.268243656] [moveit_move_group_default_capabilities.plan_service_capability]: Received new planning service request...
[move_group-9] [INFO] [1765401923.269005830] [moveit.ompl_planning.model_based_planning_context]: Planner configuration 'arm' will use planner 'geometric::RRTConnect'. Additional configuration parameters will be set when the planner is constructed.
[move_group-9] [ERROR] [1765401923.772634255] [ompl]: ./src/ompl/geometric/planners/rrt/src/RRTConnect.cpp:265 - arm/arm: Unable to sample any valid states for goal tree
[move_group-9] [ERROR] [1765401923.772678893] [ompl]: ./src/ompl/geometric/planners/rrt/src/RRTConnect.cpp:265 - arm/arm: Unable to sample any valid states for goal tree
[move_group-9] [ERROR] [1765401923.772739064] [ompl]: ./src/ompl/geometric/planners/rrt/src/RRTConnect.cpp:265 - arm/arm: Unable to sample any valid states for goal tree
[move_group-9] [ERROR] [1765401923.772766287] [ompl]: ./src/ompl/geometric/planners/rrt/src/RRTConnect.cpp:265 - arm/arm: Unable to sample any valid states for goal tree
[move_group-9] [WARN] [1765401923.772808712] [ompl]: ./src/ompl/tools/multiplan/src/ParallelPlan.cpp:138 - ParallelPlan::solve(): Unable to find solution by any of the threads in 0.503609 seconds
[move_group-9] [INFO] [1765401923.783725385] [moveit.ompl_planning.model_based_planning_context]: Unable to solve the planning problem
[32m16:25:23.786[0m | [1mINFO    [0m | [36msrc.config.logging[0m:[36mlog_mcp_event[0m | [1mMCP event: tool_invoked[0m
[32m16:25:23.786[0m | [1mINFO    [0m | [36msrc.conversation.graph.executor[0m:[36mexecute[0m | [1m[DIAG] MCP response: tool=move, result={'content': [{'type': 'text', 'text': '{\n  "success": false,\n  "message": "Motion planning/execution failed (error_code: moveit_msgs.msg.MoveItErrorCodes(val=1))",\n  "start_pose": {\n    "x": -0.0459,\n    "y": 0.5027,\n    "z": 0.2956\n  },\n  "end_pose": {\n    "x": -0.0459,\n    "y": 0.5027,\n[0m
[32m16:25:23.786[0m | [33m[1mWARNING [0m | [36msrc.conversation.graph.executor[0m:[36mexecute[0m | [33m[1mTool reported error payload[0m
[32m16:25:23.786[0m | [33m[1mWARNING [0m | [36msrc.conversation.graph.runner[0m:[36mrun_turn[0m | [33m[1mTool execution failed - stopping turn[0m
[32m16:25:23.786[0m | [1mINFO    [0m | [36msrc.audio.single_utterance_processor[0m:[36msynthesize[0m | [1mSynthesizing single utterance response[0m
[32m16:25:23.786[0m | [1mINFO    [0m | [36msrc.config.logging[0m:[36mlog_audio_event[0m | [1mAudio event: tts_request[0m
[32m16:25:24.246[0m | [1mINFO    [0m | [36msrc.config.logging[0m:[36mlog_audio_event[0m | [1mAudio event: tts_success[0m
[32m16:25:24.246[0m | [1mINFO    [0m | [36msrc.config.logging[0m:[36mlog_audio_event[0m | [1mAudio event: single_utterance_synthesis[0m
[32m16:25:24.246[0m | [1mINFO    [0m | [36msrc.audio.single_utterance_processor[0m:[36msynthesize[0m | [1mSingle utterance synthesis completed[0m
[32m16:25:24.246[0m | [1mINFO    [0m | [36msrc.conversation.graph.responder[0m:[36mrespond[0m | [1mResponder prepared final output[0m
[32m16:25:24.247[0m | [1mINFO    [0m | [36msrc.conversation.state_machine[0m:[36mtransition_to[0m | [1mState transition completed[0m
[32m16:25:24.261[0m | [1mINFO    [0m | [36msrc.conversation.models[0m:[36mlog_snapshot[0m | [1mTurn metrics updated[0m
[32m16:25:24.261[0m | [1mINFO    [0m | [36msrc.config.logging[0m:[36mlog_conversation_event[0m | [1mConversation event: turn_complete[0m
[32m16:25:24.261[0m | [1mINFO    [0m | [36msrc.conversation.state_machine[0m:[36mtransition_to[0m | [1mState transition completed[0m
[32m16:25:24.277[0m | [1mINFO    [0m | [36msrc.api.websocket[0m:[36m_send_conversation_result[0m | [1mConversation turn completed for session 563a865f-446a-4ec1-ad2c-0d6ecc2025d5[0m
[32m16:25:24.277[0m | [1mINFO    [0m | [36msrc.api.websocket[0m:[36m_process_streaming_turn[0m | [1mStarting streaming turn for session 563a865f-446a-4ec1-ad2c-0d6ecc2025d5[0m
[32m16:25:24.277[0m | [1mINFO    [0m | [36msrc.config.logging[0m:[36mlog_conversation_event[0m | [1mConversation event: turn_start[0m
[32m16:25:24.277[0m | [1mINFO    [0m | [36msrc.conversation.state_machine[0m:[36mtransition_to[0m | [1mState transition completed[0m
[32m16:25:24.277[0m | [1mINFO    [0m | [36msrc.config.logging[0m:[36mlog_audio_event[0m | [1mAudio event: streaming_transcription_start[0m
[32m16:25:24.277[0m | [1mINFO    [0m | [36msrc.audio.single_utterance_processor[0m:[36mtranscribe_stream[0m | [1mStarting real-time stream transcription with V2 Recognizer...[0m
[32m16:25:24.278[0m | [1mINFO    [0m | [36msrc.config.logging[0m:[36mlog_audio_event[0m | [1mAudio event: stt_streaming_start[0m
[32m16:25:32.411[0m | [1mINFO    [0m | [36msrc.config.logging[0m:[36mlog_audio_event[0m | [1mAudio event: stt_streaming_event[0m
[32m16:25:32.442[0m | [1mINFO    [0m | [36msrc.audio.single_utterance_processor[0m:[36mtranscribe_stream[0m | [1mFinal transcript received from stream[0m
[32m16:25:32.443[0m | [1mINFO    [0m | [36msrc.config.logging[0m:[36mlog_audio_event[0m | [1mAudio event: streaming_transcription_success[0m
[32m16:25:32.443[0m | [1mINFO    [0m | [36msrc.api.websocket[0m:[36mon_transcript[0m | [1mSent early transcript: Move the gripper just a tiny bit to the left....[0m
[32m16:25:32.443[0m | [1mINFO    [0m | [36msrc.conversation.state_machine[0m:[36mtransition_to[0m | [1mState transition completed[0m
[32m16:25:32.443[0m | [1mINFO    [0m | [36msrc.conversation.single_utterance_engine[0m:[36mprocess_conversation_turn[0m | [1mSpeech transcribed via stream[0m
[32m16:25:33.567[0m | [1mINFO    [0m | [36msrc.conversation.graph.runner[0m:[36mrun_turn[0m | [1m[DIAG] Planner tool decision: tool_name=move, tool_args={'direction': 'left', 'distance': 0.1}[0m
[32m16:25:33.567[0m | [1mINFO    [0m | [36msrc.audio.single_utterance_processor[0m:[36msynthesize[0m | [1mSynthesizing single utterance response[0m
[32m16:25:33.568[0m | [1mINFO    [0m | [36msrc.config.logging[0m:[36mlog_audio_event[0m | [1mAudio event: tts_request[0m
[32m16:25:33.570[0m | [1mINFO    [0m | [36msrc.api.websocket[0m:[36m_handle_message[0m | [1m🎯 Processing WebSocket message[0m
[32m16:25:33.571[0m | [1mINFO    [0m | [36msrc.api.websocket[0m:[36m_handle_message[0m | [1m🏓 Handling ping for session 563a865f-446a-4ec1-ad2c-0d6ecc2025d5[0m
[32m16:25:33.571[0m | [1mINFO    [0m | [36msrc.api.websocket[0m:[36m_handle_message[0m | [1m✅ ping handled successfully for session 563a865f-446a-4ec1-ad2c-0d6ecc2025d5[0m
[32m16:25:33.870[0m | [1mINFO    [0m | [36msrc.config.logging[0m:[36mlog_audio_event[0m | [1mAudio event: tts_success[0m
[32m16:25:33.870[0m | [1mINFO    [0m | [36msrc.config.logging[0m:[36mlog_audio_event[0m | [1mAudio event: single_utterance_synthesis[0m
[32m16:25:33.870[0m | [1mINFO    [0m | [36msrc.audio.single_utterance_processor[0m:[36msynthesize[0m | [1mSingle utterance synthesis completed[0m
[32m16:25:33.874[0m | [1mINFO    [0m | [36msrc.api.websocket[0m:[36mon_acknowledgment[0m | [1mSent acknowledgment for session 563a865f-446a-4ec1-ad2c-0d6ecc2025d5: Ok, moving left.[0m
[32m16:25:33.874[0m | [1mINFO    [0m | [36msrc.conversation.graph.runner[0m:[36mrun_turn[0m | [1mAcknowledgment sent before tool execution[0m
[32m16:25:33.874[0m | [1mINFO    [0m | [36msrc.conversation.graph.executor[0m:[36mexecute[0m | [1mInvoking MCP tool[0m
[32m16:25:33.875[0m | [1mINFO    [0m | [36msrc.conversation.graph.executor[0m:[36mexecute[0m | [1m[DIAG] Calling MCP tool: tool=move, args={'direction': 'left', 'distance': 0.1, 'angle': 15.0}[0m
[32m16:25:33.878[0m | [1mINFO    [0m | [36msrc.mcp.stdio_client[0m:[36m_stderr_loop[0m | [1m[moveit stderr] [DIAG] MCP call_tool: name=move, args={'direction': 'left', 'distance': 0.1, 'angle': 15.0}[0m
[move_group-9] [INFO] [1765401933.883096742] [moveit_move_group_default_capabilities.plan_service_capability]: Received new planning service request...
[move_group-9] [INFO] [1765401933.883596028] [moveit.ompl_planning.model_based_planning_context]: Planner configuration 'arm' will use planner 'geometric::RRTConnect'. Additional configuration parameters will be set when the planner is constructed.
[move_group-9] [INFO] [1765401933.908847656] [moveit_move_group_default_capabilities.execute_trajectory_action_capability]: Received goal request
[move_group-9] [INFO] [1765401933.908961760] [moveit_move_group_default_capabilities.execute_trajectory_action_capability]: Execution request received
[move_group-9] [INFO] [1765401933.908990196] [moveit.plugins.moveit_simple_controller_manager]: Returned 2 controllers in list
[move_group-9] [INFO] [1765401933.909009204] [moveit.plugins.moveit_simple_controller_manager]: Returned 2 controllers in list
[move_group-9] [INFO] [1765401933.909071254] [moveit_ros.trajectory_execution_manager]: Validating trajectory with allowed_start_tolerance 0.01
[move_group-9] [INFO] [1765401933.909814818] [moveit_ros.trajectory_execution_manager]: Starting trajectory execution ...
[move_group-9] [INFO] [1765401933.909860450] [moveit.plugins.moveit_simple_controller_manager]: Returned 2 controllers in list
[move_group-9] [INFO] [1765401933.909885920] [moveit.plugins.moveit_simple_controller_manager]: Returned 2 controllers in list
[move_group-9] [INFO] [1765401933.910000570] [moveit.simple_controller_manager.follow_joint_trajectory_controller_handle]: sending trajectory to joint_trajectory_controller
[ros2_control_node-1] [INFO] [1765401933.910258767] [joint_trajectory_controller]: Received new action goal
[ros2_control_node-1] [INFO] [1765401933.910317786] [joint_trajectory_controller]: Accepted new action goal
[move_group-9] [INFO] [1765401933.910505427] [moveit.simple_controller_manager.follow_joint_trajectory_controller_handle]: joint_trajectory_controller started execution
[move_group-9] [INFO] [1765401933.910525591] [moveit.simple_controller_manager.follow_joint_trajectory_controller_handle]: Goal request accepted!
[ros2_control_node-1] [INFO] [1765401938.649552600] [joint_trajectory_controller]: Goal reached, success!
[move_group-9] [INFO] [1765401938.660738147] [moveit.simple_controller_manager.follow_joint_trajectory_controller_handle]: Controller 'joint_trajectory_controller' successfully finished
[move_group-9] [INFO] [1765401938.663692745] [moveit_ros.trajectory_execution_manager]: Completed trajectory execution with status SUCCEEDED ...
[move_group-9] [INFO] [1765401938.663781329] [moveit_move_group_default_capabilities.execute_trajectory_action_capability]: Execution completed: SUCCEEDED
[32m16:25:38.669[0m | [1mINFO    [0m | [36msrc.config.logging[0m:[36mlog_mcp_event[0m | [1mMCP event: tool_invoked[0m
[32m16:25:38.669[0m | [1mINFO    [0m | [36msrc.conversation.graph.executor[0m:[36mexecute[0m | [1m[DIAG] MCP response: tool=move, result={'content': [{'type': 'text', 'text': '{\n  "success": true,\n  "message": "Moved to pose (-0.046, 0.403, 0.295)",\n  "start_pose": {\n    "x": -0.0455,\n    "y": 0.503,\n    "z": 0.2949\n  },\n  "end_pose": {\n    "x": -0.044,\n    "y": 0.4032,\n    "z": 0.2931\n  },\n  "duration_ms": 4787.24,\n  "[0m
[32m16:25:38.669[0m | [1mINFO    [0m | [36msrc.conversation.graph.runner[0m:[36mrun_turn[0m | [1mVerification required after tool execution[0m
[32m16:25:38.669[0m | [1mINFO    [0m | [36msrc.audio.single_utterance_processor[0m:[36msynthesize[0m | [1mSynthesizing single utterance response[0m
[32m16:25:38.669[0m | [1mINFO    [0m | [36msrc.config.logging[0m:[36mlog_audio_event[0m | [1mAudio event: tts_request[0m
[32m16:25:38.855[0m | [1mINFO    [0m | [36msrc.config.logging[0m:[36mlog_audio_event[0m | [1mAudio event: tts_success[0m
[32m16:25:38.855[0m | [1mINFO    [0m | [36msrc.config.logging[0m:[36mlog_audio_event[0m | [1mAudio event: single_utterance_synthesis[0m
[32m16:25:38.855[0m | [1mINFO    [0m | [36msrc.audio.single_utterance_processor[0m:[36msynthesize[0m | [1mSingle utterance synthesis completed[0m
[32m16:25:38.855[0m | [1mINFO    [0m | [36msrc.conversation.graph.responder[0m:[36mrespond[0m | [1mResponder prepared final output[0m
[32m16:25:38.856[0m | [1mINFO    [0m | [36msrc.conversation.state_machine[0m:[36mtransition_to[0m | [1mState transition completed[0m
[32m16:25:38.867[0m | [1mINFO    [0m | [36msrc.conversation.models[0m:[36mlog_snapshot[0m | [1mTurn metrics updated[0m
[32m16:25:38.867[0m | [1mINFO    [0m | [36msrc.config.logging[0m:[36mlog_conversation_event[0m | [1mConversation event: turn_complete[0m
[32m16:25:38.867[0m | [1mINFO    [0m | [36msrc.conversation.state_machine[0m:[36mtransition_to[0m | [1mState transition completed[0m
[32m16:25:38.874[0m | [1mINFO    [0m | [36msrc.api.websocket[0m:[36m_send_conversation_result[0m | [1mConversation turn completed for session 563a865f-446a-4ec1-ad2c-0d6ecc2025d5[0m
[32m16:25:38.874[0m | [1mINFO    [0m | [36msrc.api.websocket[0m:[36m_process_streaming_turn[0m | [1mStarting streaming turn for session 563a865f-446a-4ec1-ad2c-0d6ecc2025d5[0m
[32m16:25:38.874[0m | [1mINFO    [0m | [36msrc.config.logging[0m:[36mlog_conversation_event[0m | [1mConversation event: turn_start[0m
[32m16:25:38.874[0m | [1mINFO    [0m | [36msrc.conversation.state_machine[0m:[36mtransition_to[0m | [1mState transition completed[0m
[32m16:25:38.874[0m | [1mINFO    [0m | [36msrc.config.logging[0m:[36mlog_audio_event[0m | [1mAudio event: streaming_transcription_start[0m
[32m16:25:38.874[0m | [1mINFO    [0m | [36msrc.audio.single_utterance_processor[0m:[36mtranscribe_stream[0m | [1mStarting real-time stream transcription with V2 Recognizer...[0m
[32m16:25:38.874[0m | [1mINFO    [0m | [36msrc.config.logging[0m:[36mlog_audio_event[0m | [1mAudio event: stt_streaming_start[0m
[32m16:25:46.351[0m | [1mINFO    [0m | [36msrc.config.logging[0m:[36mlog_audio_event[0m | [1mAudio event: stt_streaming_event[0m
[32m16:25:46.374[0m | [1mINFO    [0m | [36msrc.audio.single_utterance_processor[0m:[36mtranscribe_stream[0m | [1mFinal transcript received from stream[0m
[32m16:25:46.374[0m | [1mINFO    [0m | [36msrc.config.logging[0m:[36mlog_audio_event[0m | [1mAudio event: streaming_transcription_success[0m
[32m16:25:46.374[0m | [1mINFO    [0m | [36msrc.api.websocket[0m:[36mon_transcript[0m | [1mSent early transcript: I need to be just a tiny, tiny, tiny, bit more to ...[0m
[32m16:25:46.374[0m | [1mINFO    [0m | [36msrc.conversation.state_machine[0m:[36mtransition_to[0m | [1mState transition completed[0m
[32m16:25:46.374[0m | [1mINFO    [0m | [36msrc.conversation.single_utterance_engine[0m:[36mprocess_conversation_turn[0m | [1mSpeech transcribed via stream[0m
[32m16:25:46.375[0m | [1mINFO    [0m | [36msrc.conversation.graph.runner[0m:[36mrun_turn[0m | [1mVerification pending - passing to planner for LLM classification[0m
[32m16:25:47.591[0m | [1mINFO    [0m | [36msrc.conversation.graph.runner[0m:[36mrun_turn[0m | [1mPhase 11: Processing verification response via LLM[0m
[32m16:25:47.591[0m | [1mINFO    [0m | [36msrc.conversation.graph.runner[0m:[36mrun_turn[0m | [1mNew instruction during verification, proceeding with tool[0m
[32m16:25:47.591[0m | [1mINFO    [0m | [36msrc.conversation.graph.runner[0m:[36mrun_turn[0m | [1m[DIAG] Planner tool decision: tool_name=move, tool_args={'direction': 'right', 'distance': 0.05}[0m
[32m16:25:47.591[0m | [1mINFO    [0m | [36msrc.audio.single_utterance_processor[0m:[36msynthesize[0m | [1mSynthesizing single utterance response[0m
[32m16:25:47.591[0m | [1mINFO    [0m | [36msrc.config.logging[0m:[36mlog_audio_event[0m | [1mAudio event: tts_request[0m
[32m16:25:47.722[0m | [1mINFO    [0m | [36msrc.config.logging[0m:[36mlog_audio_event[0m | [1mAudio event: tts_success[0m
[32m16:25:47.723[0m | [1mINFO    [0m | [36msrc.config.logging[0m:[36mlog_audio_event[0m | [1mAudio event: single_utterance_synthesis[0m
[32m16:25:47.723[0m | [1mINFO    [0m | [36msrc.audio.single_utterance_processor[0m:[36msynthesize[0m | [1mSingle utterance synthesis completed[0m
[32m16:25:47.729[0m | [1mINFO    [0m | [36msrc.api.websocket[0m:[36mon_acknowledgment[0m | [1mSent acknowledgment for session 563a865f-446a-4ec1-ad2c-0d6ecc2025d5: Ok, moving right.[0m
[32m16:25:47.729[0m | [1mINFO    [0m | [36msrc.conversation.graph.runner[0m:[36mrun_turn[0m | [1mAcknowledgment sent before tool execution[0m
[32m16:25:47.729[0m | [1mINFO    [0m | [36msrc.conversation.graph.executor[0m:[36mexecute[0m | [1mInvoking MCP tool[0m
[32m16:25:47.729[0m | [1mINFO    [0m | [36msrc.conversation.graph.executor[0m:[36mexecute[0m | [1m[DIAG] Calling MCP tool: tool=move, args={'direction': 'right', 'distance': 0.05, 'angle': 15.0}[0m
[32m16:25:47.733[0m | [1mINFO    [0m | [36msrc.mcp.stdio_client[0m:[36m_stderr_loop[0m | [1m[moveit stderr] [DIAG] MCP call_tool: name=move, args={'direction': 'right', 'distance': 0.05, 'angle': 15.0}[0m
[move_group-9] [INFO] [1765401947.740715595] [moveit_move_group_default_capabilities.plan_service_capability]: Received new planning service request...
[move_group-9] [INFO] [1765401947.741405182] [moveit.ompl_planning.model_based_planning_context]: Planner configuration 'arm' will use planner 'geometric::RRTConnect'. Additional configuration parameters will be set when the planner is constructed.
[move_group-9] [INFO] [1765401947.773712427] [moveit_move_group_default_capabilities.execute_trajectory_action_capability]: Received goal request
[move_group-9] [INFO] [1765401947.773819831] [moveit_move_group_default_capabilities.execute_trajectory_action_capability]: Execution request received
[move_group-9] [INFO] [1765401947.773851961] [moveit.plugins.moveit_simple_controller_manager]: Returned 2 controllers in list
[move_group-9] [INFO] [1765401947.773868740] [moveit.plugins.moveit_simple_controller_manager]: Returned 2 controllers in list
[move_group-9] [INFO] [1765401947.773924455] [moveit_ros.trajectory_execution_manager]: Validating trajectory with allowed_start_tolerance 0.01
[move_group-9] [INFO] [1765401947.774783018] [moveit_ros.trajectory_execution_manager]: Starting trajectory execution ...
[move_group-9] [INFO] [1765401947.774829604] [moveit.plugins.moveit_simple_controller_manager]: Returned 2 controllers in list
[move_group-9] [INFO] [1765401947.774883250] [moveit.plugins.moveit_simple_controller_manager]: Returned 2 controllers in list
[move_group-9] [INFO] [1765401947.775003539] [moveit.simple_controller_manager.follow_joint_trajectory_controller_handle]: sending trajectory to joint_trajectory_controller
[ros2_control_node-1] [INFO] [1765401947.775254109] [joint_trajectory_controller]: Received new action goal
[ros2_control_node-1] [INFO] [1765401947.775304702] [joint_trajectory_controller]: Accepted new action goal
[move_group-9] [INFO] [1765401947.775546933] [moveit.simple_controller_manager.follow_joint_trajectory_controller_handle]: joint_trajectory_controller started execution
[move_group-9] [INFO] [1765401947.775573921] [moveit.simple_controller_manager.follow_joint_trajectory_controller_handle]: Goal request accepted!
[ros2_control_node-1] [INFO] [1765401952.520576957] [joint_trajectory_controller]: Goal reached, success!
[move_group-9] [INFO] [1765401952.525676009] [moveit.simple_controller_manager.follow_joint_trajectory_controller_handle]: Controller 'joint_trajectory_controller' successfully finished
[move_group-9] [INFO] [1765401952.528733356] [moveit_ros.trajectory_execution_manager]: Completed trajectory execution with status SUCCEEDED ...
[move_group-9] [INFO] [1765401952.528815614] [moveit_move_group_default_capabilities.execute_trajectory_action_capability]: Execution completed: SUCCEEDED
[32m16:25:52.535[0m | [1mINFO    [0m | [36msrc.config.logging[0m:[36mlog_mcp_event[0m | [1mMCP event: tool_invoked[0m
[32m16:25:52.535[0m | [1mINFO    [0m | [36msrc.conversation.graph.executor[0m:[36mexecute[0m | [1m[DIAG] MCP response: tool=move, result={'content': [{'type': 'text', 'text': '{\n  "success": true,\n  "message": "Moved to pose (-0.044, 0.453, 0.293)",\n  "start_pose": {\n    "x": -0.044,\n    "y": 0.4032,\n    "z": 0.2931\n  },\n  "end_pose": {\n    "x": -0.0455,\n    "y": 0.4522,\n    "z": 0.2905\n  },\n  "duration_ms": 4797.0,\n  "[0m
[32m16:25:52.535[0m | [1mINFO    [0m | [36msrc.conversation.graph.runner[0m:[36mrun_turn[0m | [1mVerification required after tool execution[0m
[32m16:25:52.535[0m | [1mINFO    [0m | [36msrc.audio.single_utterance_processor[0m:[36msynthesize[0m | [1mSynthesizing single utterance response[0m
[32m16:25:52.536[0m | [1mINFO    [0m | [36msrc.config.logging[0m:[36mlog_audio_event[0m | [1mAudio event: tts_request[0m
[32m16:25:52.897[0m | [1mINFO    [0m | [36msrc.config.logging[0m:[36mlog_audio_event[0m | [1mAudio event: tts_success[0m
[32m16:25:52.897[0m | [1mINFO    [0m | [36msrc.config.logging[0m:[36mlog_audio_event[0m | [1mAudio event: single_utterance_synthesis[0m
[32m16:25:52.897[0m | [1mINFO    [0m | [36msrc.audio.single_utterance_processor[0m:[36msynthesize[0m | [1mSingle utterance synthesis completed[0m
[32m16:25:52.897[0m | [1mINFO    [0m | [36msrc.conversation.graph.responder[0m:[36mrespond[0m | [1mResponder prepared final output[0m
[32m16:25:52.898[0m | [1mINFO    [0m | [36msrc.conversation.state_machine[0m:[36mtransition_to[0m | [1mState transition completed[0m
[32m16:25:52.910[0m | [1mINFO    [0m | [36msrc.conversation.models[0m:[36mlog_snapshot[0m | [1mTurn metrics updated[0m
[32m16:25:52.910[0m | [1mINFO    [0m | [36msrc.config.logging[0m:[36mlog_conversation_event[0m | [1mConversation event: turn_complete[0m
[32m16:25:52.910[0m | [1mINFO    [0m | [36msrc.conversation.state_machine[0m:[36mtransition_to[0m | [1mState transition completed[0m
[32m16:25:52.917[0m | [1mINFO    [0m | [36msrc.api.websocket[0m:[36m_send_conversation_result[0m | [1mConversation turn completed for session 563a865f-446a-4ec1-ad2c-0d6ecc2025d5[0m
[32m16:25:52.918[0m | [1mINFO    [0m | [36msrc.api.websocket[0m:[36m_process_streaming_turn[0m | [1mStarting streaming turn for session 563a865f-446a-4ec1-ad2c-0d6ecc2025d5[0m
[32m16:25:52.918[0m | [1mINFO    [0m | [36msrc.config.logging[0m:[36mlog_conversation_event[0m | [1mConversation event: turn_start[0m
[32m16:25:52.918[0m | [1mINFO    [0m | [36msrc.conversation.state_machine[0m:[36mtransition_to[0m | [1mState transition completed[0m
[32m16:25:52.918[0m | [1mINFO    [0m | [36msrc.config.logging[0m:[36mlog_audio_event[0m | [1mAudio event: streaming_transcription_start[0m
[32m16:25:52.918[0m | [1mINFO    [0m | [36msrc.audio.single_utterance_processor[0m:[36mtranscribe_stream[0m | [1mStarting real-time stream transcription with V2 Recognizer...[0m
[32m16:25:52.918[0m | [1mINFO    [0m | [36msrc.config.logging[0m:[36mlog_audio_event[0m | [1mAudio event: stt_streaming_start[0m
[32m16:25:58.189[0m | [1mINFO    [0m | [36msrc.mcp.discovery[0m:[36mdiscover_mcps[0m | [1mStarting MCP server discovery...[0m
[32m16:25:58.190[0m | [1mINFO    [0m | [36msrc.mcp.config_loader[0m:[36mload_mcp_config[0m | [1mLoaded MCP server config: moveit (stdio)[0m
[32m16:25:58.190[0m | [1mINFO    [0m | [36msrc.mcp.config_loader[0m:[36mload_mcp_config[0m | [1mSuccessfully loaded 1 MCP server configurations from /home/snickers/Documents/git-repos/hri-social-learner-manipulator/conversational_engine/mcp-config.json[0m
[32m16:25:58.190[0m | [1mINFO    [0m | [36msrc.mcp.discovery[0m:[36mdiscover_mcps[0m | [1mConfig file discovery found 1 servers[0m
[32m16:25:58.190[0m | [1mINFO    [0m | [36msrc.mcp.discovery[0m:[36mdiscover_mcps[0m | [1mMCP discovery completed. Active servers: 1[0m
[32m16:25:59.073[0m | [1mINFO    [0m | [36msrc.config.logging[0m:[36mlog_audio_event[0m | [1mAudio event: stt_streaming_event[0m
[32m16:25:59.091[0m | [1mINFO    [0m | [36msrc.audio.single_utterance_processor[0m:[36mtranscribe_stream[0m | [1mFinal transcript received from stream[0m
[32m16:25:59.092[0m | [1mINFO    [0m | [36msrc.config.logging[0m:[36mlog_audio_event[0m | [1mAudio event: streaming_transcription_success[0m
[32m16:25:59.092[0m | [1mINFO    [0m | [36msrc.api.websocket[0m:[36mon_transcript[0m | [1mSent early transcript: Try gripping....[0m
[32m16:25:59.092[0m | [1mINFO    [0m | [36msrc.conversation.state_machine[0m:[36mtransition_to[0m | [1mState transition completed[0m
[32m16:25:59.092[0m | [1mINFO    [0m | [36msrc.conversation.single_utterance_engine[0m:[36mprocess_conversation_turn[0m | [1mSpeech transcribed via stream[0m
[32m16:25:59.092[0m | [1mINFO    [0m | [36msrc.conversation.graph.runner[0m:[36mrun_turn[0m | [1mVerification pending - passing to planner for LLM classification[0m
[32m16:26:00.018[0m | [1mINFO    [0m | [36msrc.conversation.graph.runner[0m:[36mrun_turn[0m | [1mPhase 11: Processing verification response via LLM[0m
[32m16:26:00.018[0m | [1mINFO    [0m | [36msrc.conversation.graph.runner[0m:[36mrun_turn[0m | [1mNew instruction during verification, proceeding with tool[0m
[32m16:26:00.019[0m | [1mINFO    [0m | [36msrc.conversation.graph.runner[0m:[36mrun_turn[0m | [1m[DIAG] Planner tool decision: tool_name=close_gripper, tool_args={}[0m
[32m16:26:00.019[0m | [1mINFO    [0m | [36msrc.audio.single_utterance_processor[0m:[36msynthesize[0m | [1mSynthesizing single utterance response[0m
[32m16:26:00.019[0m | [1mINFO    [0m | [36msrc.config.logging[0m:[36mlog_audio_event[0m | [1mAudio event: tts_request[0m
[32m16:26:00.237[0m | [1mINFO    [0m | [36msrc.config.logging[0m:[36mlog_audio_event[0m | [1mAudio event: tts_success[0m
[32m16:26:00.238[0m | [1mINFO    [0m | [36msrc.config.logging[0m:[36mlog_audio_event[0m | [1mAudio event: single_utterance_synthesis[0m
[32m16:26:00.238[0m | [1mINFO    [0m | [36msrc.audio.single_utterance_processor[0m:[36msynthesize[0m | [1mSingle utterance synthesis completed[0m
[32m16:26:00.245[0m | [1mINFO    [0m | [36msrc.api.websocket[0m:[36mon_acknowledgment[0m | [1mSent acknowledgment for session 563a865f-446a-4ec1-ad2c-0d6ecc2025d5: Ok, closing the gripper.[0m
[32m16:26:00.246[0m | [1mINFO    [0m | [36msrc.conversation.graph.runner[0m:[36mrun_turn[0m | [1mAcknowledgment sent before tool execution[0m
[32m16:26:00.246[0m | [1mINFO    [0m | [36msrc.conversation.graph.executor[0m:[36mexecute[0m | [1mInvoking MCP tool[0m
[32m16:26:00.246[0m | [1mINFO    [0m | [36msrc.conversation.graph.executor[0m:[36mexecute[0m | [1m[DIAG] Calling MCP tool: tool=close_gripper, args={'verify_with_vision': True, 'object_description': 'object'}[0m
[32m16:26:00.249[0m | [1mINFO    [0m | [36msrc.mcp.stdio_client[0m:[36m_stderr_loop[0m | [1m[moveit stderr] [DIAG] MCP call_tool: name=close_gripper, args={'verify_with_vision': True, 'object_description': 'object'}[0m
[ros2_control_node-1] [INFO] [1765401960.250481956] [gen3_lite_2f_gripper_controller]: Received & accepted new action goal
[32m16:26:01.052[0m | [1mINFO    [0m | [36msrc.config.logging[0m:[36mlog_mcp_event[0m | [1mMCP event: tool_invoked[0m
[32m16:26:01.052[0m | [1mINFO    [0m | [36msrc.conversation.graph.executor[0m:[36mexecute[0m | [1m[DIAG] MCP response: tool=close_gripper, result={'content': [{'type': 'text', 'text': '{\n  "success": true,\n  "message": "Object detected - gripper stopped at 0.8055 rad",\n  "gripper_position": 0.8055,\n  "object_grasped": true,\n  "threshold_used": 0.01,\n  "duration_ms": 801.94,\n  "vision_verified": true,\n  "vision_result": null,\n  "visio[0m
[32m16:26:01.053[0m | [1mINFO    [0m | [36msrc.conversation.graph.runner[0m:[36mrun_turn[0m | [1mVerification required after tool execution[0m
[32m16:26:01.053[0m | [1mINFO    [0m | [36msrc.audio.single_utterance_processor[0m:[36msynthesize[0m | [1mSynthesizing single utterance response[0m
[32m16:26:01.053[0m | [1mINFO    [0m | [36msrc.config.logging[0m:[36mlog_audio_event[0m | [1mAudio event: tts_request[0m
[32m16:26:01.104[0m | [1mINFO    [0m | [36msrc.config.logging[0m:[36mlog_mcp_event[0m | [1mMCP event: health_check[0m
[32m16:26:01.417[0m | [1mINFO    [0m | [36msrc.config.logging[0m:[36mlog_audio_event[0m | [1mAudio event: tts_success[0m
[32m16:26:01.417[0m | [1mINFO    [0m | [36msrc.config.logging[0m:[36mlog_audio_event[0m | [1mAudio event: single_utterance_synthesis[0m
[32m16:26:01.417[0m | [1mINFO    [0m | [36msrc.audio.single_utterance_processor[0m:[36msynthesize[0m | [1mSingle utterance synthesis completed[0m
[32m16:26:01.417[0m | [1mINFO    [0m | [36msrc.conversation.graph.responder[0m:[36mrespond[0m | [1mResponder prepared final output[0m
[32m16:26:01.418[0m | [1mINFO    [0m | [36msrc.conversation.state_machine[0m:[36mtransition_to[0m | [1mState transition completed[0m
[32m16:26:01.429[0m | [1mINFO    [0m | [36msrc.conversation.models[0m:[36mlog_snapshot[0m | [1mTurn metrics updated[0m
[32m16:26:01.429[0m | [1mINFO    [0m | [36msrc.config.logging[0m:[36mlog_conversation_event[0m | [1mConversation event: turn_complete[0m
[32m16:26:01.429[0m | [1mINFO    [0m | [36msrc.conversation.state_machine[0m:[36mtransition_to[0m | [1mState transition completed[0m
[32m16:26:01.439[0m | [1mINFO    [0m | [36msrc.api.websocket[0m:[36m_send_conversation_result[0m | [1mConversation turn completed for session 563a865f-446a-4ec1-ad2c-0d6ecc2025d5[0m
[32m16:26:01.439[0m | [1mINFO    [0m | [36msrc.api.websocket[0m:[36m_process_streaming_turn[0m | [1mStarting streaming turn for session 563a865f-446a-4ec1-ad2c-0d6ecc2025d5[0m
[32m16:26:01.440[0m | [1mINFO    [0m | [36msrc.config.logging[0m:[36mlog_conversation_event[0m | [1mConversation event: turn_start[0m
[32m16:26:01.440[0m | [1mINFO    [0m | [36msrc.conversation.state_machine[0m:[36mtransition_to[0m | [1mState transition completed[0m
[32m16:26:01.440[0m | [1mINFO    [0m | [36msrc.config.logging[0m:[36mlog_audio_event[0m | [1mAudio event: streaming_transcription_start[0m
[32m16:26:01.440[0m | [1mINFO    [0m | [36msrc.audio.single_utterance_processor[0m:[36mtranscribe_stream[0m | [1mStarting real-time stream transcription with V2 Recognizer...[0m
[32m16:26:01.440[0m | [1mINFO    [0m | [36msrc.config.logging[0m:[36mlog_audio_event[0m | [1mAudio event: stt_streaming_start[0m
[32m16:26:03.055[0m | [1mINFO    [0m | [36msrc.api.websocket[0m:[36m_handle_message[0m | [1m🎯 Processing WebSocket message[0m
[32m16:26:03.055[0m | [1mINFO    [0m | [36msrc.api.websocket[0m:[36m_handle_message[0m | [1m🏓 Handling ping for session 563a865f-446a-4ec1-ad2c-0d6ecc2025d5[0m
[32m16:26:03.055[0m | [1mINFO    [0m | [36msrc.api.websocket[0m:[36m_handle_message[0m | [1m✅ ping handled successfully for session 563a865f-446a-4ec1-ad2c-0d6ecc2025d5[0m
[32m16:26:07.150[0m | [1mINFO    [0m | [36msrc.config.logging[0m:[36mlog_audio_event[0m | [1mAudio event: stt_streaming_event[0m
[32m16:26:07.167[0m | [1mINFO    [0m | [36msrc.audio.single_utterance_processor[0m:[36mtranscribe_stream[0m | [1mFinal transcript received from stream[0m
[32m16:26:07.167[0m | [1mINFO    [0m | [36msrc.config.logging[0m:[36mlog_audio_event[0m | [1mAudio event: streaming_transcription_success[0m
[32m16:26:07.167[0m | [1mINFO    [0m | [36msrc.api.websocket[0m:[36mon_transcript[0m | [1mSent early transcript: Yes....[0m
[32m16:26:07.168[0m | [1mINFO    [0m | [36msrc.conversation.state_machine[0m:[36mtransition_to[0m | [1mState transition completed[0m
[32m16:26:07.168[0m | [1mINFO    [0m | [36msrc.conversation.single_utterance_engine[0m:[36mprocess_conversation_turn[0m | [1mSpeech transcribed via stream[0m
[32m16:26:07.168[0m | [1mINFO    [0m | [36msrc.conversation.graph.runner[0m:[36mrun_turn[0m | [1mVerification pending - passing to planner for LLM classification[0m
[32m16:26:08.257[0m | [1mINFO    [0m | [36msrc.conversation.graph.runner[0m:[36mrun_turn[0m | [1mPhase 11: Processing verification response via LLM[0m
[32m16:26:08.258[0m | [1mINFO    [0m | [36msrc.conversation.graph.runner[0m:[36mrun_turn[0m | [1mNegative response recorded, planner will re-plan[0m
[32m16:26:08.258[0m | [1mINFO    [0m | [36msrc.audio.single_utterance_processor[0m:[36msynthesize[0m | [1mSynthesizing single utterance response[0m
[32m16:26:08.258[0m | [1mINFO    [0m | [36msrc.config.logging[0m:[36mlog_audio_event[0m | [1mAudio event: tts_request[0m
[32m16:26:08.910[0m | [1mINFO    [0m | [36msrc.config.logging[0m:[36mlog_audio_event[0m | [1mAudio event: tts_success[0m
[32m16:26:08.910[0m | [1mINFO    [0m | [36msrc.config.logging[0m:[36mlog_audio_event[0m | [1mAudio event: single_utterance_synthesis[0m
[32m16:26:08.910[0m | [1mINFO    [0m | [36msrc.audio.single_utterance_processor[0m:[36msynthesize[0m | [1mSingle utterance synthesis completed[0m
[32m16:26:08.910[0m | [1mINFO    [0m | [36msrc.conversation.graph.responder[0m:[36mrespond[0m | [1mResponder prepared final output[0m
[32m16:26:08.911[0m | [1mINFO    [0m | [36msrc.conversation.state_machine[0m:[36mtransition_to[0m | [1mState transition completed[0m
[32m16:26:08.926[0m | [1mINFO    [0m | [36msrc.conversation.models[0m:[36mlog_snapshot[0m | [1mTurn metrics updated[0m
[32m16:26:08.926[0m | [1mINFO    [0m | [36msrc.config.logging[0m:[36mlog_conversation_event[0m | [1mConversation event: turn_complete[0m
[32m16:26:08.926[0m | [1mINFO    [0m | [36msrc.conversation.state_machine[0m:[36mtransition_to[0m | [1mState transition completed[0m
[32m16:26:08.942[0m | [1mINFO    [0m | [36msrc.api.websocket[0m:[36m_send_conversation_result[0m | [1mConversation turn completed for session 563a865f-446a-4ec1-ad2c-0d6ecc2025d5[0m
[32m16:26:08.942[0m | [1mINFO    [0m | [36msrc.api.websocket[0m:[36m_process_streaming_turn[0m | [1mStarting streaming turn for session 563a865f-446a-4ec1-ad2c-0d6ecc2025d5[0m
[32m16:26:08.942[0m | [1mINFO    [0m | [36msrc.config.logging[0m:[36mlog_conversation_event[0m | [1mConversation event: turn_start[0m
[32m16:26:08.942[0m | [1mINFO    [0m | [36msrc.conversation.state_machine[0m:[36mtransition_to[0m | [1mState transition completed[0m
[32m16:26:08.942[0m | [1mINFO    [0m | [36msrc.config.logging[0m:[36mlog_audio_event[0m | [1mAudio event: streaming_transcription_start[0m
[32m16:26:08.943[0m | [1mINFO    [0m | [36msrc.audio.single_utterance_processor[0m:[36mtranscribe_stream[0m | [1mStarting real-time stream transcription with V2 Recognizer...[0m
[32m16:26:08.943[0m | [1mINFO    [0m | [36msrc.config.logging[0m:[36mlog_audio_event[0m | [1mAudio event: stt_streaming_start[0m
[32m16:26:20.710[0m | [1mINFO    [0m | [36msrc.config.logging[0m:[36mlog_audio_event[0m | [1mAudio event: stt_streaming_event[0m
[32m16:26:20.737[0m | [1mINFO    [0m | [36msrc.audio.single_utterance_processor[0m:[36mtranscribe_stream[0m | [1mFinal transcript received from stream[0m
[32m16:26:20.737[0m | [1mINFO    [0m | [36msrc.config.logging[0m:[36mlog_audio_event[0m | [1mAudio event: streaming_transcription_success[0m
[32m16:26:20.737[0m | [1mINFO    [0m | [36msrc.api.websocket[0m:[36mon_transcript[0m | [1mSent early transcript: Ungrip, and then move a bit to the left....[0m
[32m16:26:20.737[0m | [1mINFO    [0m | [36msrc.conversation.state_machine[0m:[36mtransition_to[0m | [1mState transition completed[0m
[32m16:26:20.737[0m | [1mINFO    [0m | [36msrc.conversation.single_utterance_engine[0m:[36mprocess_conversation_turn[0m | [1mSpeech transcribed via stream[0m
[32m16:26:21.569[0m | [1mINFO    [0m | [36msrc.conversation.graph.runner[0m:[36mrun_turn[0m | [1m[DIAG] Planner tool decision: tool_name=open_gripper, tool_args={}[0m
[32m16:26:21.569[0m | [1mINFO    [0m | [36msrc.audio.single_utterance_processor[0m:[36msynthesize[0m | [1mSynthesizing single utterance response[0m
[32m16:26:21.569[0m | [1mINFO    [0m | [36msrc.config.logging[0m:[36mlog_audio_event[0m | [1mAudio event: tts_request[0m
[32m16:26:21.793[0m | [1mINFO    [0m | [36msrc.config.logging[0m:[36mlog_audio_event[0m | [1mAudio event: tts_success[0m
[32m16:26:21.793[0m | [1mINFO    [0m | [36msrc.config.logging[0m:[36mlog_audio_event[0m | [1mAudio event: single_utterance_synthesis[0m
[32m16:26:21.793[0m | [1mINFO    [0m | [36msrc.audio.single_utterance_processor[0m:[36msynthesize[0m | [1mSingle utterance synthesis completed[0m
[32m16:26:21.798[0m | [1mINFO    [0m | [36msrc.api.websocket[0m:[36mon_acknowledgment[0m | [1mSent acknowledgment for session 563a865f-446a-4ec1-ad2c-0d6ecc2025d5: Ok, opening the gripper.[0m
[32m16:26:21.798[0m | [1mINFO    [0m | [36msrc.conversation.graph.runner[0m:[36mrun_turn[0m | [1mAcknowledgment sent before tool execution[0m
[32m16:26:21.798[0m | [1mINFO    [0m | [36msrc.conversation.graph.executor[0m:[36mexecute[0m | [1mInvoking MCP tool[0m
[32m16:26:21.798[0m | [1mINFO    [0m | [36msrc.conversation.graph.executor[0m:[36mexecute[0m | [1m[DIAG] Calling MCP tool: tool=open_gripper, args={}[0m
[32m16:26:21.801[0m | [1mINFO    [0m | [36msrc.mcp.stdio_client[0m:[36m_stderr_loop[0m | [1m[moveit stderr] [DIAG] MCP call_tool: name=open_gripper, args={}[0m
[ros2_control_node-1] [INFO] [1765401981.802186856] [gen3_lite_2f_gripper_controller]: Received & accepted new action goal
[32m16:26:22.403[0m | [1mINFO    [0m | [36msrc.config.logging[0m:[36mlog_mcp_event[0m | [1mMCP event: tool_invoked[0m
[32m16:26:22.404[0m | [1mINFO    [0m | [36msrc.conversation.graph.executor[0m:[36mexecute[0m | [1m[DIAG] MCP response: tool=open_gripper, result={'content': [{'type': 'text', 'text': '{\n  "success": true,\n  "message": "Gripper opened successfully",\n  "action": "open",\n  "duration_ms": 601.09\n}'}], 'isError': False}[0m
[32m16:26:22.404[0m | [1mINFO    [0m | [36msrc.conversation.graph.runner[0m:[36mrun_turn[0m | [1mVerification required after tool execution[0m
[32m16:26:22.404[0m | [1mINFO    [0m | [36msrc.audio.single_utterance_processor[0m:[36msynthesize[0m | [1mSynthesizing single utterance response[0m
[32m16:26:22.404[0m | [1mINFO    [0m | [36msrc.config.logging[0m:[36mlog_audio_event[0m | [1mAudio event: tts_request[0m
[32m16:26:22.817[0m | [1mINFO    [0m | [36msrc.config.logging[0m:[36mlog_audio_event[0m | [1mAudio event: tts_success[0m
[32m16:26:22.818[0m | [1mINFO    [0m | [36msrc.config.logging[0m:[36mlog_audio_event[0m | [1mAudio event: single_utterance_synthesis[0m
[32m16:26:22.818[0m | [1mINFO    [0m | [36msrc.audio.single_utterance_processor[0m:[36msynthesize[0m | [1mSingle utterance synthesis completed[0m
[32m16:26:22.818[0m | [1mINFO    [0m | [36msrc.conversation.graph.responder[0m:[36mrespond[0m | [1mResponder prepared final output[0m
[32m16:26:22.818[0m | [1mINFO    [0m | [36msrc.conversation.state_machine[0m:[36mtransition_to[0m | [1mState transition completed[0m
[32m16:26:22.830[0m | [1mINFO    [0m | [36msrc.conversation.models[0m:[36mlog_snapshot[0m | [1mTurn metrics updated[0m
[32m16:26:22.831[0m | [1mINFO    [0m | [36msrc.config.logging[0m:[36mlog_conversation_event[0m | [1mConversation event: turn_complete[0m
[32m16:26:22.831[0m | [1mINFO    [0m | [36msrc.conversation.state_machine[0m:[36mtransition_to[0m | [1mState transition completed[0m
[32m16:26:22.837[0m | [1mINFO    [0m | [36msrc.api.websocket[0m:[36m_send_conversation_result[0m | [1mConversation turn completed for session 563a865f-446a-4ec1-ad2c-0d6ecc2025d5[0m
[32m16:26:22.837[0m | [1mINFO    [0m | [36msrc.api.websocket[0m:[36m_process_streaming_turn[0m | [1mStarting streaming turn for session 563a865f-446a-4ec1-ad2c-0d6ecc2025d5[0m
[32m16:26:22.837[0m | [1mINFO    [0m | [36msrc.config.logging[0m:[36mlog_conversation_event[0m | [1mConversation event: turn_start[0m
[32m16:26:22.838[0m | [1mINFO    [0m | [36msrc.conversation.state_machine[0m:[36mtransition_to[0m | [1mState transition completed[0m
[32m16:26:22.838[0m | [1mINFO    [0m | [36msrc.config.logging[0m:[36mlog_audio_event[0m | [1mAudio event: streaming_transcription_start[0m
[32m16:26:22.838[0m | [1mINFO    [0m | [36msrc.audio.single_utterance_processor[0m:[36mtranscribe_stream[0m | [1mStarting real-time stream transcription with V2 Recognizer...[0m
[32m16:26:22.838[0m | [1mINFO    [0m | [36msrc.config.logging[0m:[36mlog_audio_event[0m | [1mAudio event: stt_streaming_start[0m
[32m16:26:24.606[0m | [1mINFO    [0m | [36msrc.api.websocket[0m:[36m_handle_message[0m | [1m🎯 Processing WebSocket message[0m
[32m16:26:24.607[0m | [1mINFO    [0m | [36msrc.api.websocket[0m:[36m_handle_message[0m | [1m🛑 Handling stop_conversation for session 563a865f-446a-4ec1-ad2c-0d6ecc2025d5[0m
[32m16:26:24.607[0m | [1mINFO    [0m | [36msrc.api.websocket[0m:[36m_handle_stop_conversation[0m | [1mStopping conversation for session 563a865f-446a-4ec1-ad2c-0d6ecc2025d5[0m
[32m16:26:24.607[0m | [1mINFO    [0m | [36msrc.api.websocket[0m:[36m_handle_stop_conversation[0m | [1mConversation stopped cleanly for session 563a865f-446a-4ec1-ad2c-0d6ecc2025d5[0m
[32m16:26:24.607[0m | [1mINFO    [0m | [36msrc.api.websocket[0m:[36m_handle_message[0m | [1m✅ stop_conversation handled successfully for session 563a865f-446a-4ec1-ad2c-0d6ecc2025d5[0m
[32m16:26:24.607[0m | [1mINFO    [0m | [36msrc.audio.stt[0m:[36mcancellation_monitor[0m | [1mSTT streaming cancelled by user request (background monitor)[0m
[32m16:26:24.608[0m | [1mINFO    [0m | [36msrc.conversation.state_machine[0m:[36mtransition_to[0m | [1mState transition completed[0m
