
[0;36m================================================================================[0m
[0;36m  HRI Social Learner Manipulator - Full System Startup[0m
[0;36m  Phase 4: Human-in-the-Loop Testing[0m
[0;36m================================================================================[0m

[1;33m================================================================================[0m
[1;33m  HARDWARE MODE ENABLED - Connecting to real Kinova robot[0m
[1;33m  Robot IP: 192.168.1.10[0m
[1;33m  NOTE: ARM MOTION TESTING ONLY - Camera not included[0m
[1;33m================================================================================[0m


[0;34m>>> Setting up ROS 2 environment...[0m

[0;32m[OK][0m Sourced ROS 2 Humble
not found: "/root/ros2_ws/install/local_setup.bash"
[0;32m[OK][0m Sourced project workspace: /home/snickers/Documents/git-repos/hri-social-learner-manipulator/install
[0;32m[OK][0m Sourced ros2_ws (Kinova packages)

[0;34m>>> Cleaning up stale processes from previous runs...[0m

[0;36m[INFO][0m Cleaning up 10 stale FastRTPS shared memory files...
The daemon is not running
[0;36m[INFO][0m Waiting for processes to terminate...
[0;32m[OK][0m Cleaned up 1 stale process group(s)

[0;34m>>> Checking prerequisites...[0m

[0;32m[OK][0m ROS 2 found: 
[0;32m[OK][0m Python 3 found: Python 3.10.12
[0;32m[OK][0m Perception MCP server found
[0;32m[OK][0m MoveIt MCP server found
[0;32m[OK][0m Conversational engine found
[0;32m[OK][0m GOOGLE_API_KEY exported from .env file
[0;32m[OK][0m All prerequisites satisfied

[0;34m>>> Starting HARDWARE MODE (Real Kinova Robot)...[0m

[0;36m[INFO][0m Robot IP: 192.168.1.10
[1;33m[WARN][0m NOTE: Camera not included - ARM MOTION TESTING ONLY
[0;36m[INFO][0m Checking network connectivity to robot...
[0;32m[OK][0m Robot is reachable at 192.168.1.10
[0;36m[INFO][0m Launching manipulation_scene.launch.py (hardware_mode=true)...
[0;36m[INFO][0m Waiting for ros2_kortex driver to initialize (20 seconds)...
[INFO] [launch]: All log files can be found below /home/snickers/.ros/log/2025-12-10-17-23-44-876803-snickers-jammy-29180
[INFO] [launch]: Default logging verbosity is set to INFO
warning: Using load_yaml() directly is deprecated. Use xacro.load_yaml() instead.
[INFO] [launch.user]: HARDWARE MODE: Connecting to Kinova Gen3 Lite at 192.168.1.10
[DEBUG] Saved resolved YAML to: /home/snickers/ros2_ws/install/kortex_description/share/kortex_description/arms/gen3_lite/6dof/config/ros2_controllers.yaml
[INFO] [ros2_control_node-1]: process started with pid [29184]
[INFO] [robot_state_publisher-2]: process started with pid [29186]
[INFO] [spawner-3]: process started with pid [29188]
[INFO] [spawner-4]: process started with pid [29190]
[INFO] [spawner-5]: process started with pid [29192]
[INFO] [spawner-6]: process started with pid [29194]
[INFO] [spawner-7]: process started with pid [29196]
[INFO] [robot_state_publisher-8]: process started with pid [29198]
[INFO] [move_group-9]: process started with pid [29200]
[ros2_control_node-1] [INFO] [1765405425.674173472] [controller_manager]: Subscribing to '~/robot_description' topic for robot description file.
[ros2_control_node-1] [INFO] [1765405425.675860186] [controller_manager]: update rate is 1000 Hz
[ros2_control_node-1] [INFO] [1765405425.675916564] [controller_manager]: Spawning controller_manager RT thread with scheduler priority: 50
[ros2_control_node-1] [WARN] [1765405425.676083055] [controller_manager]: Could not enable FIFO RT scheduling policy: with error number <1>(Operation not permitted). See [https://control.ros.org/master/doc/ros2_control/controller_manager/doc/userdoc.html] for details on how to enable realtime scheduling.
[robot_state_publisher-2] [INFO] [1765405425.701064084] [robot_state_publisher]: got segment arm_link
[robot_state_publisher-2] [INFO] [1765405425.701166178] [robot_state_publisher]: got segment base_link
[robot_state_publisher-2] [INFO] [1765405425.701175941] [robot_state_publisher]: got segment dummy_link
[robot_state_publisher-2] [INFO] [1765405425.701181176] [robot_state_publisher]: got segment end_effector_link
[robot_state_publisher-2] [INFO] [1765405425.701186198] [robot_state_publisher]: got segment forearm_link
[robot_state_publisher-2] [INFO] [1765405425.701190743] [robot_state_publisher]: got segment gripper_base_link
[robot_state_publisher-2] [INFO] [1765405425.701195438] [robot_state_publisher]: got segment left_finger_dist_link
[robot_state_publisher-2] [INFO] [1765405425.701200401] [robot_state_publisher]: got segment left_finger_prox_link
[robot_state_publisher-2] [INFO] [1765405425.701205266] [robot_state_publisher]: got segment lower_wrist_link
[robot_state_publisher-2] [INFO] [1765405425.701209757] [robot_state_publisher]: got segment right_finger_dist_link
[robot_state_publisher-2] [INFO] [1765405425.701214163] [robot_state_publisher]: got segment right_finger_prox_link
[robot_state_publisher-2] [INFO] [1765405425.701218087] [robot_state_publisher]: got segment shoulder_link
[robot_state_publisher-2] [INFO] [1765405425.701222601] [robot_state_publisher]: got segment tool_frame
[robot_state_publisher-2] [INFO] [1765405425.701227023] [robot_state_publisher]: got segment upper_wrist_link
[robot_state_publisher-2] [INFO] [1765405425.701231274] [robot_state_publisher]: got segment world
[ros2_control_node-1] [INFO] [1765405425.701641926] [controller_manager]: Received robot description file.
[ros2_control_node-1] [INFO] [1765405425.701911471] [resource_manager]: Loading hardware 'KortexMultiInterfaceHardware' 
[spawner-3] [INFO] [1765405425.705070080] [spawner_joint_state_broadcaster]: waiting for service /controller_manager/list_controllers to become available...
[spawner-6] [INFO] [1765405425.705302523] [spawner_fault_controller]: waiting for service /controller_manager/list_controllers to become available...
[spawner-4] [INFO] [1765405425.706222813] [spawner_joint_trajectory_controller]: waiting for service /controller_manager/list_controllers to become available...
[ros2_control_node-1] [INFO] [1765405425.707237970] [KortexMultiInterfaceHardware]: Setting severity threshold to DEBUG
[ros2_control_node-1] [INFO] [1765405425.707282697] [resource_manager]: Initialize hardware 'KortexMultiInterfaceHardware' 
[ros2_control_node-1] [INFO] [1765405425.707289415] [KortexMultiInterfaceHardware]: Configuring Hardware Interface
[ros2_control_node-1] [INFO] [1765405425.707304604] [KortexMultiInterfaceHardware]: Robot ip is '192.168.1.10'
[ros2_control_node-1] [INFO] [1765405425.707306674] [KortexMultiInterfaceHardware]: Username is 'admin'
[ros2_control_node-1] [INFO] [1765405425.707310515] [KortexMultiInterfaceHardware]: Port used '10000'
[ros2_control_node-1] [INFO] [1765405425.707312765] [KortexMultiInterfaceHardware]: Realtime port used '10001'
[ros2_control_node-1] [INFO] [1765405425.707314597] [KortexMultiInterfaceHardware]: Session inactivity timeout is '60000'
[ros2_control_node-1] [INFO] [1765405425.707316680] [KortexMultiInterfaceHardware]: Connection inactivity timeout is '2000'
[ros2_control_node-1] [INFO] [1765405425.707318717] [KortexMultiInterfaceHardware]: Gripper joint name is 'right_finger_bottom_joint'
[ros2_control_node-1] [INFO] [1765405425.707320574] [KortexMultiInterfaceHardware]: Listing all keys in hardware_parameters:
[ros2_control_node-1] [INFO] [1765405425.707322943] [KortexMultiInterfaceHardware]: Prefix is 
[ros2_control_node-1] [INFO] [1765405425.707325497] [KortexMultiInterfaceHardware]: updated gripper joint name is right_finger_bottom_joint
[ros2_control_node-1] [INFO] [1765405425.707334015] [KortexMultiInterfaceHardware]: Connecting to robot at 192.168.1.10
[ros2_control_node-1] [INFO] [1765405425.707858949] [KortexMultiInterfaceHardware]: Creating session for communication
[spawner-5] [INFO] [1765405425.711252364] [spawner_twist_controller]: waiting for service /controller_manager/list_controllers to become available...
[robot_state_publisher-8] [INFO] [1765405425.711330556] [robot_state_publisher]: got segment arm_link
[robot_state_publisher-8] [INFO] [1765405425.711392754] [robot_state_publisher]: got segment base_link
[robot_state_publisher-8] [INFO] [1765405425.711398068] [robot_state_publisher]: got segment dummy_link
[robot_state_publisher-8] [INFO] [1765405425.711400833] [robot_state_publisher]: got segment end_effector_link
[robot_state_publisher-8] [INFO] [1765405425.711404390] [robot_state_publisher]: got segment forearm_link
[robot_state_publisher-8] [INFO] [1765405425.711407170] [robot_state_publisher]: got segment gripper_base_link
[robot_state_publisher-8] [INFO] [1765405425.711409800] [robot_state_publisher]: got segment left_finger_dist_link
[robot_state_publisher-8] [INFO] [1765405425.711412612] [robot_state_publisher]: got segment left_finger_prox_link
[robot_state_publisher-8] [INFO] [1765405425.711415260] [robot_state_publisher]: got segment lower_wrist_link
[robot_state_publisher-8] [INFO] [1765405425.711417782] [robot_state_publisher]: got segment right_finger_dist_link
[robot_state_publisher-8] [INFO] [1765405425.711420219] [robot_state_publisher]: got segment right_finger_prox_link
[robot_state_publisher-8] [INFO] [1765405425.711422726] [robot_state_publisher]: got segment shoulder_link
[robot_state_publisher-8] [INFO] [1765405425.711425223] [robot_state_publisher]: got segment tool_frame
[robot_state_publisher-8] [INFO] [1765405425.711427763] [robot_state_publisher]: got segment upper_wrist_link
[robot_state_publisher-8] [INFO] [1765405425.711430159] [robot_state_publisher]: got segment world
[robot_state_publisher-8] [INFO] [1765405425.711432721] [robot_state_publisher]: got segment wrist_camera_link
[robot_state_publisher-8] [INFO] [1765405425.711435261] [robot_state_publisher]: got segment wrist_camera_optical_frame
[move_group-9] [INFO] [1765405425.711620170] [moveit_rdf_loader.rdf_loader]: Loaded robot model in 0.051625 seconds
[move_group-9] [INFO] [1765405425.711663818] [moveit_robot_model.robot_model]: Loading robot model 'gen3_lite_gen3_lite_2f'...
[move_group-9] [INFO] [1765405425.711669277] [moveit_robot_model.robot_model]: No root/virtual joint specified in SRDF. Assuming fixed joint
[spawner-7] [INFO] [1765405425.714546208] [spawner_gen3_lite_2f_gripper_controller]: waiting for service /controller_manager/list_controllers to become available...
[move_group-9] [WARN] [1765405425.878077687] [moveit_robot_model.robot_model]: Could not identify parent group for end-effector 'end_effector'
[ros2_control_node-1] [INFO] [1765405426.209014792] [KortexMultiInterfaceHardware]: Session created
[move_group-9] [INFO] [1765405426.368335562] [moveit_ros.planning_scene_monitor.planning_scene_monitor]: Publishing maintained planning scene on 'monitored_planning_scene'
[move_group-9] [INFO] [1765405426.368461223] [moveit.ros_planning_interface.moveit_cpp]: Listening to 'joint_states' for joint states
[move_group-9] [INFO] [1765405426.368858903] [moveit_ros.current_state_monitor]: Listening to joint states on topic 'joint_states'
[move_group-9] [INFO] [1765405426.369066497] [moveit_ros.planning_scene_monitor.planning_scene_monitor]: Listening to '/attached_collision_object' for attached collision objects
[move_group-9] [INFO] [1765405426.369077968] [moveit_ros.planning_scene_monitor.planning_scene_monitor]: Starting planning scene monitor
[move_group-9] [INFO] [1765405426.369214108] [moveit_ros.planning_scene_monitor.planning_scene_monitor]: Listening to '/planning_scene'
[move_group-9] [INFO] [1765405426.369222067] [moveit_ros.planning_scene_monitor.planning_scene_monitor]: Starting world geometry update monitor for collision objects, attached objects, octomap updates.
[move_group-9] [INFO] [1765405426.369598770] [moveit_ros.planning_scene_monitor.planning_scene_monitor]: Listening to 'collision_object'
[move_group-9] [INFO] [1765405426.369937159] [moveit_ros.planning_scene_monitor.planning_scene_monitor]: Listening to 'planning_scene_world' for planning scene world geometry
[move_group-9] [WARN] [1765405426.370215284] [moveit.ros.occupancy_map_monitor.middleware_handle]: Resolution not specified for Octomap. Assuming resolution = 0.1 instead
[move_group-9] [ERROR] [1765405426.370222782] [moveit.ros.occupancy_map_monitor.middleware_handle]: No 3D sensor plugin(s) defined for octomap updates
[move_group-9] [INFO] [1765405426.774491021] [moveit.ros_planning_interface.moveit_cpp]: Loading planning pipeline 'ompl'
[move_group-9] [INFO] [1765405426.782904967] [moveit.ros_planning.planning_pipeline]: Using planning interface 'OMPL'
[move_group-9] [INFO] [1765405426.784842644] [moveit_ros.add_time_optimal_parameterization]: Param 'ompl.path_tolerance' was not set. Using default value: 0.100000
[move_group-9] [INFO] [1765405426.784851181] [moveit_ros.add_time_optimal_parameterization]: Param 'ompl.resample_dt' was not set. Using default value: 0.100000
[move_group-9] [INFO] [1765405426.784854209] [moveit_ros.add_time_optimal_parameterization]: Param 'ompl.min_angle_change' was not set. Using default value: 0.001000
[move_group-9] [INFO] [1765405426.784866532] [moveit_ros.fix_workspace_bounds]: Param 'ompl.default_workspace_bounds' was not set. Using default value: 10.000000
[move_group-9] [INFO] [1765405426.784875166] [moveit_ros.fix_start_state_bounds]: Param 'ompl.start_state_max_bounds_error' was set to 0.100000
[move_group-9] [INFO] [1765405426.784878094] [moveit_ros.fix_start_state_bounds]: Param 'ompl.start_state_max_dt' was not set. Using default value: 0.500000
[move_group-9] [INFO] [1765405426.784884958] [moveit_ros.fix_start_state_collision]: Param 'ompl.start_state_max_dt' was not set. Using default value: 0.500000
[move_group-9] [INFO] [1765405426.784887419] [moveit_ros.fix_start_state_collision]: Param 'ompl.jiggle_fraction' was not set. Using default value: 0.020000
[move_group-9] [INFO] [1765405426.784890086] [moveit_ros.fix_start_state_collision]: Param 'ompl.max_sampling_attempts' was not set. Using default value: 100
[move_group-9] [INFO] [1765405426.784896593] [moveit.ros_planning.planning_pipeline]: Using planning request adapter 'Add Time Optimal Parameterization'
[move_group-9] [INFO] [1765405426.784898753] [moveit.ros_planning.planning_pipeline]: Using planning request adapter 'Resolve constraint frames to robot links'
[move_group-9] [INFO] [1765405426.784900395] [moveit.ros_planning.planning_pipeline]: Using planning request adapter 'Fix Workspace Bounds'
[move_group-9] [INFO] [1765405426.784902183] [moveit.ros_planning.planning_pipeline]: Using planning request adapter 'Fix Start State Bounds'
[move_group-9] [INFO] [1765405426.784903843] [moveit.ros_planning.planning_pipeline]: Using planning request adapter 'Fix Start State In Collision'
[move_group-9] [INFO] [1765405426.784923218] [moveit.ros_planning.planning_pipeline]: Using planning request adapter 'Fix Start State Path Constraints'
[move_group-9] [INFO] [1765405426.786337655] [moveit.ros_planning_interface.moveit_cpp]: Loading planning pipeline 'pilz_industrial_motion_planner'
[move_group-9] [INFO] [1765405426.788220121] [moveit.pilz_industrial_motion_planner.joint_limits_aggregator]: Reading limits from namespace robot_description_planning
[move_group-9] [INFO] [1765405426.789911936] [moveit.pilz_industrial_motion_planner]: Available plugins: pilz_industrial_motion_planner/PlanningContextLoaderCIRC pilz_industrial_motion_planner/PlanningContextLoaderLIN pilz_industrial_motion_planner/PlanningContextLoaderPTP 
[move_group-9] [INFO] [1765405426.789921016] [moveit.pilz_industrial_motion_planner]: About to load: pilz_industrial_motion_planner/PlanningContextLoaderCIRC
[move_group-9] [INFO] [1765405426.790732313] [moveit.pilz_industrial_motion_planner]: Registered Algorithm [CIRC]
[move_group-9] [INFO] [1765405426.790738493] [moveit.pilz_industrial_motion_planner]: About to load: pilz_industrial_motion_planner/PlanningContextLoaderLIN
[move_group-9] [INFO] [1765405426.791317739] [moveit.pilz_industrial_motion_planner]: Registered Algorithm [LIN]
[move_group-9] [INFO] [1765405426.791325410] [moveit.pilz_industrial_motion_planner]: About to load: pilz_industrial_motion_planner/PlanningContextLoaderPTP
[move_group-9] [INFO] [1765405426.791850618] [moveit.pilz_industrial_motion_planner]: Registered Algorithm [PTP]
[move_group-9] [INFO] [1765405426.791858877] [moveit.ros_planning.planning_pipeline]: Using planning interface 'Pilz Industrial Motion Planner'
[move_group-9] [INFO] [1765405426.792225537] [moveit.ros_planning_interface.moveit_cpp]: Loading planning pipeline 'chomp'
[move_group-9] [INFO] [1765405426.794598976] [moveit.ros_planning.planning_pipeline]: Using planning interface 'CHOMP'
[ros2_control_node-1] [INFO] [1765405426.795428569] [KortexMultiInterfaceHardware]: Actuator count reported by robot is '6'
[ros2_control_node-1] [INFO] [1765405426.795450620] [KortexMultiInterfaceHardware]: Using internal bus communication for gripper!
[ros2_control_node-1] [INFO] [1765405426.795453485] [KortexMultiInterfaceHardware]: Hardware Interface successfully configured
[ros2_control_node-1] [INFO] [1765405426.795465522] [resource_manager]: Successful initialization of hardware 'KortexMultiInterfaceHardware'
[ros2_control_node-1] [DEBUG] [1765405426.795471199] [KortexMultiInterfaceHardware]: export_state_interfaces for joint: joint_1
[ros2_control_node-1] [DEBUG] [1765405426.795475202] [KortexMultiInterfaceHardware]: export_state_interfaces for joint: joint_2
[ros2_control_node-1] [DEBUG] [1765405426.795477051] [KortexMultiInterfaceHardware]: export_state_interfaces for joint: joint_3
[ros2_control_node-1] [DEBUG] [1765405426.795478725] [KortexMultiInterfaceHardware]: export_state_interfaces for joint: joint_4
[ros2_control_node-1] [DEBUG] [1765405426.795480371] [KortexMultiInterfaceHardware]: export_state_interfaces for joint: joint_5
[ros2_control_node-1] [DEBUG] [1765405426.795482184] [KortexMultiInterfaceHardware]: export_state_interfaces for joint: joint_6
[ros2_control_node-1] [DEBUG] [1765405426.795483790] [KortexMultiInterfaceHardware]: export_state_interfaces for joint: right_finger_bottom_joint
[ros2_control_node-1] [INFO] [1765405426.795508025] [KortexMultiInterfaceHardware]: Gripper max vel and effort configured
[ros2_control_node-1] [INFO] [1765405426.795584196] [resource_manager]: 'configure' hardware 'KortexMultiInterfaceHardware' 
[ros2_control_node-1] [INFO] [1765405426.795588754] [resource_manager]: Successful 'configure' of hardware 'KortexMultiInterfaceHardware'
[ros2_control_node-1] [INFO] [1765405426.795597120] [resource_manager]: 'activate' hardware 'KortexMultiInterfaceHardware' 
[ros2_control_node-1] [INFO] [1765405426.795599475] [KortexMultiInterfaceHardware]: Activating KortexMultiInterfaceHardware...
[move_group-9] [INFO] [1765405426.795920962] [moveit_ros.add_time_optimal_parameterization]: Param 'chomp.path_tolerance' was not set. Using default value: 0.100000
[move_group-9] [INFO] [1765405426.795929802] [moveit_ros.add_time_optimal_parameterization]: Param 'chomp.resample_dt' was not set. Using default value: 0.100000
[move_group-9] [INFO] [1765405426.795932882] [moveit_ros.add_time_optimal_parameterization]: Param 'chomp.min_angle_change' was not set. Using default value: 0.001000
[move_group-9] [INFO] [1765405426.795946553] [moveit_ros.fix_workspace_bounds]: Param 'chomp.default_workspace_bounds' was not set. Using default value: 10.000000
[move_group-9] [INFO] [1765405426.795955087] [moveit_ros.fix_start_state_bounds]: Param 'chomp.start_state_max_bounds_error' was set to 0.100000
[move_group-9] [INFO] [1765405426.795957812] [moveit_ros.fix_start_state_bounds]: Param 'chomp.start_state_max_dt' was not set. Using default value: 0.500000
[move_group-9] [INFO] [1765405426.795967592] [moveit_ros.fix_start_state_collision]: Param 'chomp.start_state_max_dt' was not set. Using default value: 0.500000
[move_group-9] [INFO] [1765405426.795971858] [moveit_ros.fix_start_state_collision]: Param 'chomp.jiggle_fraction' was set to 0.050000
[move_group-9] [INFO] [1765405426.795974563] [moveit_ros.fix_start_state_collision]: Param 'chomp.max_sampling_attempts' was not set. Using default value: 100
[move_group-9] [INFO] [1765405426.795981398] [moveit.ros_planning.planning_pipeline]: Using planning request adapter 'Add Time Optimal Parameterization'
[move_group-9] [INFO] [1765405426.795983654] [moveit.ros_planning.planning_pipeline]: Using planning request adapter 'Resolve constraint frames to robot links'
[move_group-9] [INFO] [1765405426.795985349] [moveit.ros_planning.planning_pipeline]: Using planning request adapter 'Fix Workspace Bounds'
[move_group-9] [INFO] [1765405426.795987141] [moveit.ros_planning.planning_pipeline]: Using planning request adapter 'Fix Start State Bounds'
[move_group-9] [INFO] [1765405426.795989770] [moveit.ros_planning.planning_pipeline]: Using planning request adapter 'Fix Start State In Collision'
[move_group-9] [INFO] [1765405426.795992640] [moveit.ros_planning.planning_pipeline]: Using planning request adapter 'Fix Start State Path Constraints'
[ros2_control_node-1] [INFO] [1765405426.796281306] [KortexMultiInterfaceHardware]: Gripper initial position is '-4.388485'.
[ros2_control_node-1] [INFO] [1765405426.796316475] [KortexMultiInterfaceHardware]: Initialize interconnect command to current gripper position
[ros2_control_node-1] [INFO] [1765405426.796702620] [KortexMultiInterfaceHardware]: KortexMultiInterfaceHardware successfully activated!
[ros2_control_node-1] [INFO] [1765405426.796710995] [resource_manager]: Successful 'activate' of hardware 'KortexMultiInterfaceHardware'
[ros2_control_node-1] [DEBUG] [1765405426.797348321] [KortexMultiInterfaceHardware]: Fault was not recognized on the robot but combination of Control Mode and Active State are not supported!
[ros2_control_node-1] [DEBUG] [1765405426.797967727] [KortexMultiInterfaceHardware]: No controller active in LOW_LEVEL_SERVOING mode !
[ros2_control_node-1] [DEBUG] [1765405426.798319832] [KortexMultiInterfaceHardware]: No controller active in LOW_LEVEL_SERVOING mode !
[ros2_control_node-1] [DEBUG] [1765405426.798589608] [KortexMultiInterfaceHardware]: No controller active in LOW_LEVEL_SERVOING mode !
[ros2_control_node-1] [DEBUG] [1765405426.798880218] [KortexMultiInterfaceHardware]: No controller active in LOW_LEVEL_SERVOING mode !
[ros2_control_node-1] [DEBUG] [1765405426.799328539] [KortexMultiInterfaceHardware]: No controller active in LOW_LEVEL_SERVOING mode !
[ros2_control_node-1] [DEBUG] [1765405426.799625734] [KortexMultiInterfaceHardware]: No controller active in LOW_LEVEL_SERVOING mode !
[ros2_control_node-1] [DEBUG] [1765405426.799910761] [KortexMultiInterfaceHardware]: No controller active in LOW_LEVEL_SERVOING mode !
[ros2_control_node-1] [DEBUG] [1765405426.800310728] [KortexMultiInterfaceHardware]: No controller active in LOW_LEVEL_SERVOING mode !
[ros2_control_node-1] [DEBUG] [1765405426.800610842] [KortexMultiInterfaceHardware]: No controller active in LOW_LEVEL_SERVOING mode !
[ros2_control_node-1] [DEBUG] [1765405426.800903217] [KortexMultiInterfaceHardware]: No controller active in LOW_LEVEL_SERVOING mode !
[ros2_control_node-1] [DEBUG] [1765405426.801304996] [KortexMultiInterfaceHardware]: No controller active in LOW_LEVEL_SERVOING mode !
[ros2_control_node-1] [DEBUG] [1765405426.801573120] [KortexMultiInterfaceHardware]: No controller active in LOW_LEVEL_SERVOING mode !
[ros2_control_node-1] [INFO] [1765405426.801605015] [controller_manager]: Received robot description file.
[ros2_control_node-1] [WARN] [1765405426.801631003] [controller_manager]: ResourceManager has already loaded an urdf file. Ignoring attempt to reload a robot description file.
[ros2_control_node-1] [DEBUG] [1765405426.801850107] [KortexMultiInterfaceHardware]: No controller active in LOW_LEVEL_SERVOING mode !
[ros2_control_node-1] [DEBUG] [1765405426.802305390] [KortexMultiInterfaceHardware]: No controller active in LOW_LEVEL_SERVOING mode !
[ros2_control_node-1] [DEBUG] [1765405426.802583227] [KortexMultiInterfaceHardware]: No controller active in LOW_LEVEL_SERVOING mode !
[ros2_control_node-1] [DEBUG] [1765405426.802854226] [KortexMultiInterfaceHardware]: No controller active in LOW_LEVEL_SERVOING mode !
[ros2_control_node-1] [DEBUG] [1765405426.803303218] [KortexMultiInterfaceHardware]: No controller active in LOW_LEVEL_SERVOING mode !
[ros2_control_node-1] [DEBUG] [1765405426.803611284] [KortexMultiInterfaceHardware]: No controller active in LOW_LEVEL_SERVOING mode !
[ros2_control_node-1] [DEBUG] [1765405426.803892875] [KortexMultiInterfaceHardware]: No controller active in LOW_LEVEL_SERVOING mode !
[ros2_control_node-1] [DEBUG] [1765405426.804286755] [KortexMultiInterfaceHardware]: No controller active in LOW_LEVEL_SERVOING mode !
[ros2_control_node-1] [DEBUG] [1765405426.804548875] [KortexMultiInterfaceHardware]: No controller active in LOW_LEVEL_SERVOING mode !
[ros2_control_node-1] [DEBUG] [1765405426.804801340] [KortexMultiInterfaceHardware]: No controller active in LOW_LEVEL_SERVOING mode !
[ros2_control_node-1] [DEBUG] [1765405426.805196048] [KortexMultiInterfaceHardware]: No controller active in LOW_LEVEL_SERVOING mode !
[ros2_control_node-1] [DEBUG] [1765405426.805466677] [KortexMultiInterfaceHardware]: No controller active in LOW_LEVEL_SERVOING mode !
[ros2_control_node-1] [DEBUG] [1765405426.805714205] [KortexMultiInterfaceHardware]: No controller active in LOW_LEVEL_SERVOING mode !
[ros2_control_node-1] [DEBUG] [1765405426.806255811] [KortexMultiInterfaceHardware]: No controller active in LOW_LEVEL_SERVOING mode !
[ros2_control_node-1] [DEBUG] [1765405426.806516375] [KortexMultiInterfaceHardware]: No controller active in LOW_LEVEL_SERVOING mode !
[ros2_control_node-1] [DEBUG] [1765405426.806763505] [KortexMultiInterfaceHardware]: No controller active in LOW_LEVEL_SERVOING mode !
[ros2_control_node-1] [DEBUG] [1765405426.807014852] [KortexMultiInterfaceHardware]: No controller active in LOW_LEVEL_SERVOING mode !
[ros2_control_node-1] [DEBUG] [1765405426.807307177] [KortexMultiInterfaceHardware]: No controller active in LOW_LEVEL_SERVOING mode !
[ros2_control_node-1] [DEBUG] [1765405426.807554214] [KortexMultiInterfaceHardware]: No controller active in LOW_LEVEL_SERVOING mode !
[ros2_control_node-1] [DEBUG] [1765405426.807803748] [KortexMultiInterfaceHardware]: No controller active in LOW_LEVEL_SERVOING mode !
[ros2_control_node-1] [DEBUG] [1765405426.808332252] [KortexMultiInterfaceHardware]: No controller active in LOW_LEVEL_SERVOING mode !
[ros2_control_node-1] [DEBUG] [1765405426.808606377] [KortexMultiInterfaceHardware]: No controller active in LOW_LEVEL_SERVOING mode !
[ros2_control_node-1] [DEBUG] [1765405426.808882895] [KortexMultiInterfaceHardware]: No controller active in LOW_LEVEL_SERVOING mode !
[ros2_control_node-1] [DEBUG] [1765405426.809316437] [KortexMultiInterfaceHardware]: No controller active in LOW_LEVEL_SERVOING mode !
[ros2_control_node-1] [DEBUG] [1765405426.809576795] [KortexMultiInterfaceHardware]: No controller active in LOW_LEVEL_SERVOING mode !
[ros2_control_node-1] [DEBUG] [1765405426.809844314] [KortexMultiInterfaceHardware]: No controller active in LOW_LEVEL_SERVOING mode !
[ros2_control_node-1] [DEBUG] [1765405426.810315642] [KortexMultiInterfaceHardware]: No controller active in LOW_LEVEL_SERVOING mode !
[move_group-9] [INFO] [1765405426.810529445] [moveit.plugins.moveit_simple_controller_manager]: Added FollowJointTrajectory controller for joint_trajectory_controller
[move_group-9] [INFO] [1765405426.810553932] [moveit.plugins.moveit_simple_controller_manager]: Max effort set to 0.0
[ros2_control_node-1] [DEBUG] [1765405426.810610133] [KortexMultiInterfaceHardware]: No controller active in LOW_LEVEL_SERVOING mode !
[ros2_control_node-1] [DEBUG] [1765405426.810924921] [KortexMultiInterfaceHardware]: No controller active in LOW_LEVEL_SERVOING mode !
[ros2_control_node-1] [DEBUG] [1765405426.811301017] [KortexMultiInterfaceHardware]: No controller active in LOW_LEVEL_SERVOING mode !
[ros2_control_node-1] [DEBUG] [1765405426.811584889] [KortexMultiInterfaceHardware]: No controller active in LOW_LEVEL_SERVOING mode !
[ros2_control_node-1] [DEBUG] [1765405426.811835183] [KortexMultiInterfaceHardware]: No controller active in LOW_LEVEL_SERVOING mode !
[move_group-9] [INFO] [1765405426.811908329] [moveit.plugins.moveit_simple_controller_manager]: Added GripperCommand controller for gen3_lite_2f_gripper_controller
[move_group-9] [INFO] [1765405426.812011131] [moveit.plugins.moveit_simple_controller_manager]: Returned 2 controllers in list
[move_group-9] [INFO] [1765405426.812023852] [moveit.plugins.moveit_simple_controller_manager]: Returned 2 controllers in list
[move_group-9] [INFO] [1765405426.812226434] [moveit_ros.trajectory_execution_manager]: Trajectory execution is managing controllers
[move_group-9] [INFO] [1765405426.812236815] [move_group.move_group]: MoveGroup debug mode is ON
[ros2_control_node-1] [DEBUG] [1765405426.812319488] [KortexMultiInterfaceHardware]: No controller active in LOW_LEVEL_SERVOING mode !
[ros2_control_node-1] [DEBUG] [1765405426.812605322] [KortexMultiInterfaceHardware]: No controller active in LOW_LEVEL_SERVOING mode !
[ros2_control_node-1] [DEBUG] [1765405426.812869847] [KortexMultiInterfaceHardware]: No controller active in LOW_LEVEL_SERVOING mode !
[ros2_control_node-1] [DEBUG] [1765405426.813321320] [KortexMultiInterfaceHardware]: No controller active in LOW_LEVEL_SERVOING mode !
[ros2_control_node-1] [DEBUG] [1765405426.813584352] [KortexMultiInterfaceHardware]: No controller active in LOW_LEVEL_SERVOING mode !
[ros2_control_node-1] [DEBUG] [1765405426.813838146] [KortexMultiInterfaceHardware]: No controller active in LOW_LEVEL_SERVOING mode !
[ros2_control_node-1] [DEBUG] [1765405426.814288810] [KortexMultiInterfaceHardware]: No controller active in LOW_LEVEL_SERVOING mode !
[ros2_control_node-1] [DEBUG] [1765405426.814555928] [KortexMultiInterfaceHardware]: No controller active in LOW_LEVEL_SERVOING mode !
[ros2_control_node-1] [DEBUG] [1765405426.814802273] [KortexMultiInterfaceHardware]: No controller active in LOW_LEVEL_SERVOING mode !
[ros2_control_node-1] [DEBUG] [1765405426.815238764] [KortexMultiInterfaceHardware]: No controller active in LOW_LEVEL_SERVOING mode !
[ros2_control_node-1] [DEBUG] [1765405426.815504704] [KortexMultiInterfaceHardware]: No controller active in LOW_LEVEL_SERVOING mode !
[ros2_control_node-1] [DEBUG] [1765405426.815789964] [KortexMultiInterfaceHardware]: No controller active in LOW_LEVEL_SERVOING mode !
[ros2_control_node-1] [DEBUG] [1765405426.816335553] [KortexMultiInterfaceHardware]: No controller active in LOW_LEVEL_SERVOING mode !
[ros2_control_node-1] [DEBUG] [1765405426.816626595] [KortexMultiInterfaceHardware]: No controller active in LOW_LEVEL_SERVOING mode !
[ros2_control_node-1] [DEBUG] [1765405426.816933733] [KortexMultiInterfaceHardware]: No controller active in LOW_LEVEL_SERVOING mode !
[ros2_control_node-1] [DEBUG] [1765405426.817320024] [KortexMultiInterfaceHardware]: No controller active in LOW_LEVEL_SERVOING mode !
[ros2_control_node-1] [DEBUG] [1765405426.817599597] [KortexMultiInterfaceHardware]: No controller active in LOW_LEVEL_SERVOING mode !
[ros2_control_node-1] [DEBUG] [1765405426.817847791] [KortexMultiInterfaceHardware]: No controller active in LOW_LEVEL_SERVOING mode !
[ros2_control_node-1] [DEBUG] [1765405426.818287798] [KortexMultiInterfaceHardware]: No controller active in LOW_LEVEL_SERVOING mode !
[ros2_control_node-1] [DEBUG] [1765405426.818555108] [KortexMultiInterfaceHardware]: No controller active in LOW_LEVEL_SERVOING mode !
[ros2_control_node-1] [DEBUG] [1765405426.818826689] [KortexMultiInterfaceHardware]: No controller active in LOW_LEVEL_SERVOING mode !
[ros2_control_node-1] [DEBUG] [1765405426.819291690] [KortexMultiInterfaceHardware]: No controller active in LOW_LEVEL_SERVOING mode !
[ros2_control_node-1] [DEBUG] [1765405426.819580405] [KortexMultiInterfaceHardware]: No controller active in LOW_LEVEL_SERVOING mode !
[ros2_control_node-1] [DEBUG] [1765405426.819861788] [KortexMultiInterfaceHardware]: No controller active in LOW_LEVEL_SERVOING mode !
[ros2_control_node-1] [DEBUG] [1765405426.820325290] [KortexMultiInterfaceHardware]: No controller active in LOW_LEVEL_SERVOING mode !
[ros2_control_node-1] [DEBUG] [1765405426.820654929] [KortexMultiInterfaceHardware]: No controller active in LOW_LEVEL_SERVOING mode !
[ros2_control_node-1] [DEBUG] [1765405426.820972079] [KortexMultiInterfaceHardware]: No controller active in LOW_LEVEL_SERVOING mode !
[move_group-9] [INFO] [1765405426.821237882] [move_group.move_group]: 
[move_group-9] 
[move_group-9] ********************************************************
[move_group-9] * MoveGroup using: 
[move_group-9] *     - ApplyPlanningSceneService
[move_group-9] *     - ClearOctomapService
[move_group-9] *     - CartesianPathService
[move_group-9] *     - ExecuteTrajectoryAction
[move_group-9] *     - GetPlanningSceneService
[move_group-9] *     - KinematicsService
[move_group-9] *     - MoveAction
[move_group-9] *     - MotionPlanService
[move_group-9] *     - QueryPlannersService
[move_group-9] *     - StateValidationService
[move_group-9] ********************************************************
[move_group-9] 
[move_group-9] [INFO] [1765405426.821278944] [moveit_move_group_capabilities_base.move_group_context]: MoveGroup context using planning plugin ompl_interface/OMPLPlanner
[move_group-9] [INFO] [1765405426.821285122] [moveit_move_group_capabilities_base.move_group_context]: MoveGroup context initialization complete
[move_group-9] [96mLoading 'move_group/ApplyPlanningSceneService'...
[move_group-9] [0m[96mLoading 'move_group/ClearOctomapService'...
[move_group-9] [0m[96mLoading 'move_group/MoveGroupCartesianPathService'...
[move_group-9] [0m[96mLoading 'move_group/MoveGroupExecuteTrajectoryAction'...
[move_group-9] [0m[96mLoading 'move_group/MoveGroupGetPlanningSceneService'...
[move_group-9] [0m[96mLoading 'move_group/MoveGroupKinematicsService'...
[move_group-9] [0m[96mLoading 'move_group/MoveGroupMoveAction'...
[move_group-9] [0m[96mLoading 'move_group/MoveGroupPlanService'...
[move_group-9] [0m[96mLoading 'move_group/MoveGroupQueryPlannersService'...
[move_group-9] [0m[96mLoading 'move_group/MoveGroupStateValidationService'...
[move_group-9] [0m[92m
[move_group-9] You can start planning now!
[move_group-9] 
[ros2_control_node-1] [DEBUG] [1765405426.821294431] [KortexMultiInterfaceHardware]: No controller active in LOW_LEVEL_SERVOING mode !
[ros2_control_node-1] [DEBUG] [1765405426.821575016] [KortexMultiInterfaceHardware]: No controller active in LOW_LEVEL_SERVOING mode !
[ros2_control_node-1] [DEBUG] [1765405426.821844421] [KortexMultiInterfaceHardware]: No controller active in LOW_LEVEL_SERVOING mode !
[ros2_control_node-1] [DEBUG] [1765405426.822224095] [KortexMultiInterfaceHardware]: No controller active in LOW_LEVEL_SERVOING mode !
[ros2_control_node-1] [DEBUG] [1765405426.822466550] [KortexMultiInterfaceHardware]: No controller active in LOW_LEVEL_SERVOING mode !
[ros2_control_node-1] [DEBUG] [1765405426.822714640] [KortexMultiInterfaceHardware]: No controller active in LOW_LEVEL_SERVOING mode !
[ros2_control_node-1] [DEBUG] [1765405426.822943353] [KortexMultiInterfaceHardware]: No controller active in LOW_LEVEL_SERVOING mode !
[ros2_control_node-1] [DEBUG] [1765405426.823279266] [KortexMultiInterfaceHardware]: No controller active in LOW_LEVEL_SERVOING mode !
[ros2_control_node-1] [DEBUG] [1765405426.823531740] [KortexMultiInterfaceHardware]: No controller active in LOW_LEVEL_SERVOING mode !
[ros2_control_node-1] [DEBUG] [1765405426.823780654] [KortexMultiInterfaceHardware]: No controller active in LOW_LEVEL_SERVOING mode !
[ros2_control_node-1] [DEBUG] [1765405426.824044029] [KortexMultiInterfaceHardware]: No controller active in LOW_LEVEL_SERVOING mode !
[ros2_control_node-1] [DEBUG] [1765405426.824376823] [KortexMultiInterfaceHardware]: No controller active in LOW_LEVEL_SERVOING mode !
[ros2_control_node-1] [DEBUG] [1765405426.824640734] [KortexMultiInterfaceHardware]: No controller active in LOW_LEVEL_SERVOING mode !
[ros2_control_node-1] [DEBUG] [1765405426.824892200] [KortexMultiInterfaceHardware]: No controller active in LOW_LEVEL_SERVOING mode !
[ros2_control_node-1] [DEBUG] [1765405426.825278608] [KortexMultiInterfaceHardware]: No controller active in LOW_LEVEL_SERVOING mode !
[ros2_control_node-1] [DEBUG] [1765405426.825638959] [KortexMultiInterfaceHardware]: No controller active in LOW_LEVEL_SERVOING mode !
[ros2_control_node-1] [DEBUG] [1765405426.825914290] [KortexMultiInterfaceHardware]: No controller active in LOW_LEVEL_SERVOING mode !
[ros2_control_node-1] [DEBUG] [1765405426.826293200] [KortexMultiInterfaceHardware]: No controller active in LOW_LEVEL_SERVOING mode !
[ros2_control_node-1] [DEBUG] [1765405426.826551819] [KortexMultiInterfaceHardware]: No controller active in LOW_LEVEL_SERVOING mode !
[ros2_control_node-1] [DEBUG] [1765405426.826800303] [KortexMultiInterfaceHardware]: No controller active in LOW_LEVEL_SERVOING mode !
[ros2_control_node-1] [DEBUG] [1765405426.827287825] [KortexMultiInterfaceHardware]: No controller active in LOW_LEVEL_SERVOING mode !
[ros2_control_node-1] [DEBUG] [1765405426.827553606] [KortexMultiInterfaceHardware]: No controller active in LOW_LEVEL_SERVOING mode !
[ros2_control_node-1] [DEBUG] [1765405426.827813054] [KortexMultiInterfaceHardware]: No controller active in LOW_LEVEL_SERVOING mode !
[ros2_control_node-1] [DEBUG] [1765405426.828247950] [KortexMultiInterfaceHardware]: No controller active in LOW_LEVEL_SERVOING mode !
[ros2_control_node-1] [DEBUG] [1765405426.828512705] [KortexMultiInterfaceHardware]: No controller active in LOW_LEVEL_SERVOING mode !
[ros2_control_node-1] [DEBUG] [1765405426.828782337] [KortexMultiInterfaceHardware]: No controller active in LOW_LEVEL_SERVOING mode !
[ros2_control_node-1] [DEBUG] [1765405426.829410887] [KortexMultiInterfaceHardware]: No controller active in LOW_LEVEL_SERVOING mode !
[ros2_control_node-1] [DEBUG] [1765405426.829708993] [KortexMultiInterfaceHardware]: No controller active in LOW_LEVEL_SERVOING mode !
[ros2_control_node-1] [DEBUG] [1765405426.829959369] [KortexMultiInterfaceHardware]: No controller active in LOW_LEVEL_SERVOING mode !
[ros2_control_node-1] [DEBUG] [1765405426.830332478] [KortexMultiInterfaceHardware]: No controller active in LOW_LEVEL_SERVOING mode !
[ros2_control_node-1] [DEBUG] [1765405426.830594828] [KortexMultiInterfaceHardware]: No controller active in LOW_LEVEL_SERVOING mode !
[ros2_control_node-1] [DEBUG] [1765405426.830865522] [KortexMultiInterfaceHardware]: No controller active in LOW_LEVEL_SERVOING mode !
[ros2_control_node-1] [DEBUG] [1765405426.831406191] [KortexMultiInterfaceHardware]: No controller active in LOW_LEVEL_SERVOING mode !
[ros2_control_node-1] [DEBUG] [1765405426.831662766] [KortexMultiInterfaceHardware]: No controller active in LOW_LEVEL_SERVOING mode !
[ros2_control_node-1] [DEBUG] [1765405426.831913064] [KortexMultiInterfaceHardware]: No controller active in LOW_LEVEL_SERVOING mode !
[ros2_control_node-1] [DEBUG] [1765405426.832283712] [KortexMultiInterfaceHardware]: No controller active in LOW_LEVEL_SERVOING mode !
[ros2_control_node-1] [DEBUG] [1765405426.832536072] [KortexMultiInterfaceHardware]: No controller active in LOW_LEVEL_SERVOING mode !
[ros2_control_node-1] [DEBUG] [1765405426.832781975] [KortexMultiInterfaceHardware]: No controller active in LOW_LEVEL_SERVOING mode !
[ros2_control_node-1] [DEBUG] [1765405426.833422348] [KortexMultiInterfaceHardware]: No controller active in LOW_LEVEL_SERVOING mode !
[ros2_control_node-1] [DEBUG] [1765405426.833684640] [KortexMultiInterfaceHardware]: No controller active in LOW_LEVEL_SERVOING mode !
[ros2_control_node-1] [DEBUG] [1765405426.833956543] [KortexMultiInterfaceHardware]: No controller active in LOW_LEVEL_SERVOING mode !
[ros2_control_node-1] [DEBUG] [1765405426.834314640] [KortexMultiInterfaceHardware]: No controller active in LOW_LEVEL_SERVOING mode !
[ros2_control_node-1] [DEBUG] [1765405426.834573869] [KortexMultiInterfaceHardware]: No controller active in LOW_LEVEL_SERVOING mode !
[ros2_control_node-1] [DEBUG] [1765405426.834823452] [KortexMultiInterfaceHardware]: No controller active in LOW_LEVEL_SERVOING mode !
[ros2_control_node-1] [DEBUG] [1765405426.835380004] [KortexMultiInterfaceHardware]: No controller active in LOW_LEVEL_SERVOING mode !
[ros2_control_node-1] [DEBUG] [1765405426.835674269] [KortexMultiInterfaceHardware]: No controller active in LOW_LEVEL_SERVOING mode !
[ros2_control_node-1] [DEBUG] [1765405426.835936869] [KortexMultiInterfaceHardware]: No controller active in LOW_LEVEL_SERVOING mode !
[ros2_control_node-1] [DEBUG] [1765405426.836322171] [KortexMultiInterfaceHardware]: No controller active in LOW_LEVEL_SERVOING mode !
[ros2_control_node-1] [DEBUG] [1765405426.836576134] [KortexMultiInterfaceHardware]: No controller active in LOW_LEVEL_SERVOING mode !
[ros2_control_node-1] [DEBUG] [1765405426.836828530] [KortexMultiInterfaceHardware]: No controller active in LOW_LEVEL_SERVOING mode !
[ros2_control_node-1] [DEBUG] [1765405426.837525302] [KortexMultiInterfaceHardware]: No controller active in LOW_LEVEL_SERVOING mode !
[ros2_control_node-1] [DEBUG] [1765405426.837786797] [KortexMultiInterfaceHardware]: No controller active in LOW_LEVEL_SERVOING mode !
[ros2_control_node-1] [DEBUG] [1765405426.838249225] [KortexMultiInterfaceHardware]: No controller active in LOW_LEVEL_SERVOING mode !
[ros2_control_node-1] [DEBUG] [1765405426.838515597] [KortexMultiInterfaceHardware]: No controller active in LOW_LEVEL_SERVOING mode !
[ros2_control_node-1] [DEBUG] [1765405426.838783809] [KortexMultiInterfaceHardware]: No controller active in LOW_LEVEL_SERVOING mode !
[ros2_control_node-1] [DEBUG] [1765405426.839406791] [KortexMultiInterfaceHardware]: No controller active in LOW_LEVEL_SERVOING mode !
[ros2_control_node-1] [DEBUG] [1765405426.839659964] [KortexMultiInterfaceHardware]: No controller active in LOW_LEVEL_SERVOING mode !
[ros2_control_node-1] [DEBUG] [1765405426.839935604] [KortexMultiInterfaceHardware]: No controller active in LOW_LEVEL_SERVOING mode !
[ros2_control_node-1] [DEBUG] [1765405426.840294121] [KortexMultiInterfaceHardware]: No controller active in LOW_LEVEL_SERVOING mode !
[ros2_control_node-1] [DEBUG] [1765405426.840554809] [KortexMultiInterfaceHardware]: No controller active in LOW_LEVEL_SERVOING mode !
[ros2_control_node-1] [DEBUG] [1765405426.840803495] [KortexMultiInterfaceHardware]: No controller active in LOW_LEVEL_SERVOING mode !
[ros2_control_node-1] [DEBUG] [1765405426.841284550] [KortexMultiInterfaceHardware]: No controller active in LOW_LEVEL_SERVOING mode !
[ros2_control_node-1] [DEBUG] [1765405426.841554384] [KortexMultiInterfaceHardware]: No controller active in LOW_LEVEL_SERVOING mode !
[ros2_control_node-1] [DEBUG] [1765405426.841824002] [KortexMultiInterfaceHardware]: No controller active in LOW_LEVEL_SERVOING mode !
[ros2_control_node-1] [DEBUG] [1765405426.842345936] [KortexMultiInterfaceHardware]: No controller active in LOW_LEVEL_SERVOING mode !
[ros2_control_node-1] [DEBUG] [1765405426.842635833] [KortexMultiInterfaceHardware]: No controller active in LOW_LEVEL_SERVOING mode !
[ros2_control_node-1] [DEBUG] [1765405426.842885463] [KortexMultiInterfaceHardware]: No controller active in LOW_LEVEL_SERVOING mode !
[ros2_control_node-1] [DEBUG] [1765405426.843283152] [KortexMultiInterfaceHardware]: No controller active in LOW_LEVEL_SERVOING mode !
[ros2_control_node-1] [DEBUG] [1765405426.843573968] [KortexMultiInterfaceHardware]: No controller active in LOW_LEVEL_SERVOING mode !
[ros2_control_node-1] [DEBUG] [1765405426.843843145] [KortexMultiInterfaceHardware]: No controller active in LOW_LEVEL_SERVOING mode !
[ros2_control_node-1] [DEBUG] [1765405426.844324320] [KortexMultiInterfaceHardware]: No controller active in LOW_LEVEL_SERVOING mode !
[ros2_control_node-1] [DEBUG] [1765405426.844594288] [KortexMultiInterfaceHardware]: No controller active in LOW_LEVEL_SERVOING mode !
[ros2_control_node-1] [DEBUG] [1765405426.844842965] [KortexMultiInterfaceHardware]: No controller active in LOW_LEVEL_SERVOING mode !
[ros2_control_node-1] [DEBUG] [1765405426.845375366] [KortexMultiInterfaceHardware]: No controller active in LOW_LEVEL_SERVOING mode !
[ros2_control_node-1] [DEBUG] [1765405426.845636638] [KortexMultiInterfaceHardware]: No controller active in LOW_LEVEL_SERVOING mode !
[ros2_control_node-1] [DEBUG] [1765405426.845887584] [KortexMultiInterfaceHardware]: No controller active in LOW_LEVEL_SERVOING mode !
[ros2_control_node-1] [DEBUG] [1765405426.846332395] [KortexMultiInterfaceHardware]: No controller active in LOW_LEVEL_SERVOING mode !
[ros2_control_node-1] [DEBUG] [1765405426.846593448] [KortexMultiInterfaceHardware]: No controller active in LOW_LEVEL_SERVOING mode !
[ros2_control_node-1] [DEBUG] [1765405426.846841998] [KortexMultiInterfaceHardware]: No controller active in LOW_LEVEL_SERVOING mode !
[ros2_control_node-1] [DEBUG] [1765405426.847274848] [KortexMultiInterfaceHardware]: No controller active in LOW_LEVEL_SERVOING mode !
[ros2_control_node-1] [DEBUG] [1765405426.847531065] [KortexMultiInterfaceHardware]: No controller active in LOW_LEVEL_SERVOING mode !
[ros2_control_node-1] [DEBUG] [1765405426.847784184] [KortexMultiInterfaceHardware]: No controller active in LOW_LEVEL_SERVOING mode !
[ros2_control_node-1] [DEBUG] [1765405426.848349258] [KortexMultiInterfaceHardware]: No controller active in LOW_LEVEL_SERVOING mode !
[ros2_control_node-1] [DEBUG] [1765405426.848592466] [KortexMultiInterfaceHardware]: No controller active in LOW_LEVEL_SERVOING mode !
[ros2_control_node-1] [DEBUG] [1765405426.848841809] [KortexMultiInterfaceHardware]: No controller active in LOW_LEVEL_SERVOING mode !
[ros2_control_node-1] [DEBUG] [1765405426.849275441] [KortexMultiInterfaceHardware]: No controller active in LOW_LEVEL_SERVOING mode !
[ros2_control_node-1] [DEBUG] [1765405426.849540276] [KortexMultiInterfaceHardware]: No controller active in LOW_LEVEL_SERVOING mode !
[ros2_control_node-1] [DEBUG] [1765405426.849802969] [KortexMultiInterfaceHardware]: No controller active in LOW_LEVEL_SERVOING mode !
[ros2_control_node-1] [DEBUG] [1765405426.850287946] [KortexMultiInterfaceHardware]: No controller active in LOW_LEVEL_SERVOING mode !
[ros2_control_node-1] [DEBUG] [1765405426.850528927] [KortexMultiInterfaceHardware]: No controller active in LOW_LEVEL_SERVOING mode !
[ros2_control_node-1] [DEBUG] [1765405426.850781083] [KortexMultiInterfaceHardware]: No controller active in LOW_LEVEL_SERVOING mode !
[ros2_control_node-1] [DEBUG] [1765405426.851011970] [KortexMultiInterfaceHardware]: No controller active in LOW_LEVEL_SERVOING mode !
[ros2_control_node-1] [DEBUG] [1765405426.851280081] [KortexMultiInterfaceHardware]: No controller active in LOW_LEVEL_SERVOING mode !
[ros2_control_node-1] [DEBUG] [1765405426.851509517] [KortexMultiInterfaceHardware]: No controller active in LOW_LEVEL_SERVOING mode !
[ros2_control_node-1] [DEBUG] [1765405426.851757597] [KortexMultiInterfaceHardware]: No controller active in LOW_LEVEL_SERVOING mode !
[ros2_control_node-1] [DEBUG] [1765405426.852355071] [KortexMultiInterfaceHardware]: No controller active in LOW_LEVEL_SERVOING mode !
[ros2_control_node-1] [DEBUG] [1765405426.852613559] [KortexMultiInterfaceHardware]: No controller active in LOW_LEVEL_SERVOING mode !
[ros2_control_node-1] [DEBUG] [1765405426.852867825] [KortexMultiInterfaceHardware]: No controller active in LOW_LEVEL_SERVOING mode !
[ros2_control_node-1] [DEBUG] [1765405426.853331497] [KortexMultiInterfaceHardware]: No controller active in LOW_LEVEL_SERVOING mode !
[ros2_control_node-1] [DEBUG] [1765405426.853569993] [KortexMultiInterfaceHardware]: No controller active in LOW_LEVEL_SERVOING mode !
[ros2_control_node-1] [DEBUG] [1765405426.853818294] [KortexMultiInterfaceHardware]: No controller active in LOW_LEVEL_SERVOING mode !
[ros2_control_node-1] [DEBUG] [1765405426.854376376] [KortexMultiInterfaceHardware]: No controller active in LOW_LEVEL_SERVOING mode !
[ros2_control_node-1] [DEBUG] [1765405426.854611529] [KortexMultiInterfaceHardware]: No controller active in LOW_LEVEL_SERVOING mode !
[ros2_control_node-1] [DEBUG] [1765405426.854860295] [KortexMultiInterfaceHardware]: No controller active in LOW_LEVEL_SERVOING mode !
[ros2_control_node-1] [DEBUG] [1765405426.855283332] [KortexMultiInterfaceHardware]: No controller active in LOW_LEVEL_SERVOING mode !
[ros2_control_node-1] [DEBUG] [1765405426.855506967] [KortexMultiInterfaceHardware]: No controller active in LOW_LEVEL_SERVOING mode !
[ros2_control_node-1] [DEBUG] [1765405426.855738641] [KortexMultiInterfaceHardware]: No controller active in LOW_LEVEL_SERVOING mode !
[ros2_control_node-1] [DEBUG] [1765405426.856308687] [KortexMultiInterfaceHardware]: No controller active in LOW_LEVEL_SERVOING mode !
[ros2_control_node-1] [DEBUG] [1765405426.856550160] [KortexMultiInterfaceHardware]: No controller active in LOW_LEVEL_SERVOING mode !
[ros2_control_node-1] [DEBUG] [1765405426.856798728] [KortexMultiInterfaceHardware]: No controller active in LOW_LEVEL_SERVOING mode !
[ros2_control_node-1] [DEBUG] [1765405426.857312046] [KortexMultiInterfaceHardware]: No controller active in LOW_LEVEL_SERVOING mode !
[ros2_control_node-1] [DEBUG] [1765405426.857547926] [KortexMultiInterfaceHardware]: No controller active in LOW_LEVEL_SERVOING mode !
[ros2_control_node-1] [DEBUG] [1765405426.857798077] [KortexMultiInterfaceHardware]: No controller active in LOW_LEVEL_SERVOING mode !
[ros2_control_node-1] [DEBUG] [1765405426.858372060] [KortexMultiInterfaceHardware]: No controller active in LOW_LEVEL_SERVOING mode !
[ros2_control_node-1] [DEBUG] [1765405426.858617708] [KortexMultiInterfaceHardware]: No controller active in LOW_LEVEL_SERVOING mode !
[ros2_control_node-1] [DEBUG] [1765405426.858861612] [KortexMultiInterfaceHardware]: No controller active in LOW_LEVEL_SERVOING mode !
[ros2_control_node-1] [DEBUG] [1765405426.859362458] [KortexMultiInterfaceHardware]: No controller active in LOW_LEVEL_SERVOING mode !
[ros2_control_node-1] [DEBUG] [1765405426.859633185] [KortexMultiInterfaceHardware]: No controller active in LOW_LEVEL_SERVOING mode !
[ros2_control_node-1] [DEBUG] [1765405426.859884543] [KortexMultiInterfaceHardware]: No controller active in LOW_LEVEL_SERVOING mode !
[ros2_control_node-1] [DEBUG] [1765405426.860329050] [KortexMultiInterfaceHardware]: No controller active in LOW_LEVEL_SERVOING mode !
[ros2_control_node-1] [DEBUG] [1765405426.860590792] [KortexMultiInterfaceHardware]: No controller active in LOW_LEVEL_SERVOING mode !
[ros2_control_node-1] [DEBUG] [1765405426.860839214] [KortexMultiInterfaceHardware]: No controller active in LOW_LEVEL_SERVOING mode !
[ros2_control_node-1] [DEBUG] [1765405426.861361500] [KortexMultiInterfaceHardware]: No controller active in LOW_LEVEL_SERVOING mode !
[ros2_control_node-1] [DEBUG] [1765405426.861611234] [KortexMultiInterfaceHardware]: No controller active in LOW_LEVEL_SERVOING mode !
[ros2_control_node-1] [DEBUG] [1765405426.861839584] [KortexMultiInterfaceHardware]: No controller active in LOW_LEVEL_SERVOING mode !
[ros2_control_node-1] [DEBUG] [1765405426.862383228] [KortexMultiInterfaceHardware]: No controller active in LOW_LEVEL_SERVOING mode !
[ros2_control_node-1] [DEBUG] [1765405426.862630308] [KortexMultiInterfaceHardware]: No controller active in LOW_LEVEL_SERVOING mode !
[ros2_control_node-1] [DEBUG] [1765405426.862888318] [KortexMultiInterfaceHardware]: No controller active in LOW_LEVEL_SERVOING mode !
[ros2_control_node-1] [DEBUG] [1765405426.863330236] [KortexMultiInterfaceHardware]: No controller active in LOW_LEVEL_SERVOING mode !
[ros2_control_node-1] [DEBUG] [1765405426.863570022] [KortexMultiInterfaceHardware]: No controller active in LOW_LEVEL_SERVOING mode !
[ros2_control_node-1] [DEBUG] [1765405426.863819172] [KortexMultiInterfaceHardware]: No controller active in LOW_LEVEL_SERVOING mode !
[ros2_control_node-1] [DEBUG] [1765405426.864368583] [KortexMultiInterfaceHardware]: No controller active in LOW_LEVEL_SERVOING mode !
[ros2_control_node-1] [DEBUG] [1765405426.864592180] [KortexMultiInterfaceHardware]: No controller active in LOW_LEVEL_SERVOING mode !
[ros2_control_node-1] [DEBUG] [1765405426.864841055] [KortexMultiInterfaceHardware]: No controller active in LOW_LEVEL_SERVOING mode !
[ros2_control_node-1] [DEBUG] [1765405426.865353175] [KortexMultiInterfaceHardware]: No controller active in LOW_LEVEL_SERVOING mode !
[ros2_control_node-1] [DEBUG] [1765405426.865591458] [KortexMultiInterfaceHardware]: No controller active in LOW_LEVEL_SERVOING mode !
[ros2_control_node-1] [DEBUG] [1765405426.865841234] [KortexMultiInterfaceHardware]: No controller active in LOW_LEVEL_SERVOING mode !
[ros2_control_node-1] [DEBUG] [1765405426.866282130] [KortexMultiInterfaceHardware]: No controller active in LOW_LEVEL_SERVOING mode !
[ros2_control_node-1] [DEBUG] [1765405426.866532644] [KortexMultiInterfaceHardware]: No controller active in LOW_LEVEL_SERVOING mode !
[ros2_control_node-1] [DEBUG] [1765405426.866781564] [KortexMultiInterfaceHardware]: No controller active in LOW_LEVEL_SERVOING mode !
[ros2_control_node-1] [DEBUG] [1765405426.867317107] [KortexMultiInterfaceHardware]: No controller active in LOW_LEVEL_SERVOING mode !
[ros2_control_node-1] [DEBUG] [1765405426.867573751] [KortexMultiInterfaceHardware]: No controller active in LOW_LEVEL_SERVOING mode !
[ros2_control_node-1] [DEBUG] [1765405426.867819301] [KortexMultiInterfaceHardware]: No controller active in LOW_LEVEL_SERVOING mode !
[ros2_control_node-1] [DEBUG] [1765405426.868370113] [KortexMultiInterfaceHardware]: No controller active in LOW_LEVEL_SERVOING mode !
[ros2_control_node-1] [DEBUG] [1765405426.868654045] [KortexMultiInterfaceHardware]: No controller active in LOW_LEVEL_SERVOING mode !
[ros2_control_node-1] [DEBUG] [1765405426.868903075] [KortexMultiInterfaceHardware]: No controller active in LOW_LEVEL_SERVOING mode !
[ros2_control_node-1] [DEBUG] [1765405426.869323524] [KortexMultiInterfaceHardware]: No controller active in LOW_LEVEL_SERVOING mode !
[ros2_control_node-1] [DEBUG] [1765405426.869586093] [KortexMultiInterfaceHardware]: No controller active in LOW_LEVEL_SERVOING mode !
[ros2_control_node-1] [DEBUG] [1765405426.869839663] [KortexMultiInterfaceHardware]: No controller active in LOW_LEVEL_SERVOING mode !
[ros2_control_node-1] [DEBUG] [1765405426.870215642] [KortexMultiInterfaceHardware]: No controller active in LOW_LEVEL_SERVOING mode !
[ros2_control_node-1] [DEBUG] [1765405426.870466781] [KortexMultiInterfaceHardware]: No controller active in LOW_LEVEL_SERVOING mode !
[ros2_control_node-1] [DEBUG] [1765405426.870715932] [KortexMultiInterfaceHardware]: No controller active in LOW_LEVEL_SERVOING mode !
[ros2_control_node-1] [DEBUG] [1765405426.870947938] [KortexMultiInterfaceHardware]: No controller active in LOW_LEVEL_SERVOING mode !
[ros2_control_node-1] [DEBUG] [1765405426.871332532] [KortexMultiInterfaceHardware]: No controller active in LOW_LEVEL_SERVOING mode !
[ros2_control_node-1] [DEBUG] [1765405426.871590174] [KortexMultiInterfaceHardware]: No controller active in LOW_LEVEL_SERVOING mode !
[ros2_control_node-1] [DEBUG] [1765405426.871818127] [KortexMultiInterfaceHardware]: No controller active in LOW_LEVEL_SERVOING mode !
[ros2_control_node-1] [DEBUG] [1765405426.872245945] [KortexMultiInterfaceHardware]: No controller active in LOW_LEVEL_SERVOING mode !
[ros2_control_node-1] [DEBUG] [1765405426.872506644] [KortexMultiInterfaceHardware]: No controller active in LOW_LEVEL_SERVOING mode !
[ros2_control_node-1] [DEBUG] [1765405426.872738130] [KortexMultiInterfaceHardware]: No controller active in LOW_LEVEL_SERVOING mode !
[ros2_control_node-1] [DEBUG] [1765405426.873299401] [KortexMultiInterfaceHardware]: No controller active in LOW_LEVEL_SERVOING mode !
[ros2_control_node-1] [DEBUG] [1765405426.873570549] [KortexMultiInterfaceHardware]: No controller active in LOW_LEVEL_SERVOING mode !
[ros2_control_node-1] [DEBUG] [1765405426.873839322] [KortexMultiInterfaceHardware]: No controller active in LOW_LEVEL_SERVOING mode !
[ros2_control_node-1] [DEBUG] [1765405426.874270204] [KortexMultiInterfaceHardware]: No controller active in LOW_LEVEL_SERVOING mode !
[ros2_control_node-1] [DEBUG] [1765405426.874527232] [KortexMultiInterfaceHardware]: No controller active in LOW_LEVEL_SERVOING mode !
[ros2_control_node-1] [DEBUG] [1765405426.874798414] [KortexMultiInterfaceHardware]: No controller active in LOW_LEVEL_SERVOING mode !
[ros2_control_node-1] [DEBUG] [1765405426.875374390] [KortexMultiInterfaceHardware]: No controller active in LOW_LEVEL_SERVOING mode !
[ros2_control_node-1] [DEBUG] [1765405426.875656847] [KortexMultiInterfaceHardware]: No controller active in LOW_LEVEL_SERVOING mode !
[ros2_control_node-1] [DEBUG] [1765405426.875905510] [KortexMultiInterfaceHardware]: No controller active in LOW_LEVEL_SERVOING mode !
[ros2_control_node-1] [DEBUG] [1765405426.876302263] [KortexMultiInterfaceHardware]: No controller active in LOW_LEVEL_SERVOING mode !
[ros2_control_node-1] [DEBUG] [1765405426.876550328] [KortexMultiInterfaceHardware]: No controller active in LOW_LEVEL_SERVOING mode !
[ros2_control_node-1] [DEBUG] [1765405426.876798198] [KortexMultiInterfaceHardware]: No controller active in LOW_LEVEL_SERVOING mode !
[ros2_control_node-1] [DEBUG] [1765405426.877379386] [KortexMultiInterfaceHardware]: No controller active in LOW_LEVEL_SERVOING mode !
[ros2_control_node-1] [DEBUG] [1765405426.877634395] [KortexMultiInterfaceHardware]: No controller active in LOW_LEVEL_SERVOING mode !
[ros2_control_node-1] [DEBUG] [1765405426.877876478] [KortexMultiInterfaceHardware]: No controller active in LOW_LEVEL_SERVOING mode !
[ros2_control_node-1] [DEBUG] [1765405426.878403090] [KortexMultiInterfaceHardware]: No controller active in LOW_LEVEL_SERVOING mode !
[ros2_control_node-1] [DEBUG] [1765405426.878674604] [KortexMultiInterfaceHardware]: No controller active in LOW_LEVEL_SERVOING mode !
[ros2_control_node-1] [DEBUG] [1765405426.878924182] [KortexMultiInterfaceHardware]: No controller active in LOW_LEVEL_SERVOING mode !
[ros2_control_node-1] [DEBUG] [1765405426.879278680] [KortexMultiInterfaceHardware]: No controller active in LOW_LEVEL_SERVOING mode !
[ros2_control_node-1] [DEBUG] [1765405426.879528095] [KortexMultiInterfaceHardware]: No controller active in LOW_LEVEL_SERVOING mode !
[ros2_control_node-1] [DEBUG] [1765405426.879779935] [KortexMultiInterfaceHardware]: No controller active in LOW_LEVEL_SERVOING mode !
[ros2_control_node-1] [DEBUG] [1765405426.880007359] [KortexMultiInterfaceHardware]: No controller active in LOW_LEVEL_SERVOING mode !
[ros2_control_node-1] [DEBUG] [1765405426.880306496] [KortexMultiInterfaceHardware]: No controller active in LOW_LEVEL_SERVOING mode !
[ros2_control_node-1] [DEBUG] [1765405426.880549439] [KortexMultiInterfaceHardware]: No controller active in LOW_LEVEL_SERVOING mode !
[ros2_control_node-1] [DEBUG] [1765405426.880819578] [KortexMultiInterfaceHardware]: No controller active in LOW_LEVEL_SERVOING mode !
[ros2_control_node-1] [DEBUG] [1765405426.881375134] [KortexMultiInterfaceHardware]: No controller active in LOW_LEVEL_SERVOING mode !
[ros2_control_node-1] [DEBUG] [1765405426.881632536] [KortexMultiInterfaceHardware]: No controller active in LOW_LEVEL_SERVOING mode !
[ros2_control_node-1] [DEBUG] [1765405426.881884257] [KortexMultiInterfaceHardware]: No controller active in LOW_LEVEL_SERVOING mode !
[ros2_control_node-1] [DEBUG] [1765405426.882390137] [KortexMultiInterfaceHardware]: No controller active in LOW_LEVEL_SERVOING mode !
[ros2_control_node-1] [DEBUG] [1765405426.882653842] [KortexMultiInterfaceHardware]: No controller active in LOW_LEVEL_SERVOING mode !
[ros2_control_node-1] [DEBUG] [1765405426.882882402] [KortexMultiInterfaceHardware]: No controller active in LOW_LEVEL_SERVOING mode !
[ros2_control_node-1] [DEBUG] [1765405426.883282538] [KortexMultiInterfaceHardware]: No controller active in LOW_LEVEL_SERVOING mode !
[ros2_control_node-1] [DEBUG] [1765405426.883531861] [KortexMultiInterfaceHardware]: No controller active in LOW_LEVEL_SERVOING mode !
[ros2_control_node-1] [DEBUG] [1765405426.883785131] [KortexMultiInterfaceHardware]: No controller active in LOW_LEVEL_SERVOING mode !
[ros2_control_node-1] [DEBUG] [1765405426.884219019] [KortexMultiInterfaceHardware]: No controller active in LOW_LEVEL_SERVOING mode !
[ros2_control_node-1] [DEBUG] [1765405426.884463384] [KortexMultiInterfaceHardware]: No controller active in LOW_LEVEL_SERVOING mode !
[ros2_control_node-1] [DEBUG] [1765405426.884693635] [KortexMultiInterfaceHardware]: No controller active in LOW_LEVEL_SERVOING mode !
[ros2_control_node-1] [DEBUG] [1765405426.885306022] [KortexMultiInterfaceHardware]: No controller active in LOW_LEVEL_SERVOING mode !
[ros2_control_node-1] [DEBUG] [1765405426.885590096] [KortexMultiInterfaceHardware]: No controller active in LOW_LEVEL_SERVOING mode !
[ros2_control_node-1] [DEBUG] [1765405426.885839970] [KortexMultiInterfaceHardware]: No controller active in LOW_LEVEL_SERVOING mode !
[ros2_control_node-1] [DEBUG] [1765405426.886392415] [KortexMultiInterfaceHardware]: No controller active in LOW_LEVEL_SERVOING mode !
[ros2_control_node-1] [DEBUG] [1765405426.886653402] [KortexMultiInterfaceHardware]: No controller active in LOW_LEVEL_SERVOING mode !
[ros2_control_node-1] [DEBUG] [1765405426.886903399] [KortexMultiInterfaceHardware]: No controller active in LOW_LEVEL_SERVOING mode !
[ros2_control_node-1] [DEBUG] [1765405426.887300334] [KortexMultiInterfaceHardware]: No controller active in LOW_LEVEL_SERVOING mode !
[ros2_control_node-1] [DEBUG] [1765405426.887550457] [KortexMultiInterfaceHardware]: No controller active in LOW_LEVEL_SERVOING mode !
[ros2_control_node-1] [DEBUG] [1765405426.887798380] [KortexMultiInterfaceHardware]: No controller active in LOW_LEVEL_SERVOING mode !
[ros2_control_node-1] [DEBUG] [1765405426.888339631] [KortexMultiInterfaceHardware]: No controller active in LOW_LEVEL_SERVOING mode !
[ros2_control_node-1] [DEBUG] [1765405426.888590739] [KortexMultiInterfaceHardware]: No controller active in LOW_LEVEL_SERVOING mode !
[ros2_control_node-1] [DEBUG] [1765405426.888838784] [KortexMultiInterfaceHardware]: No controller active in LOW_LEVEL_SERVOING mode !
[ros2_control_node-1] [DEBUG] [1765405426.889373005] [KortexMultiInterfaceHardware]: No controller active in LOW_LEVEL_SERVOING mode !
[ros2_control_node-1] [DEBUG] [1765405426.889612084] [KortexMultiInterfaceHardware]: No controller active in LOW_LEVEL_SERVOING mode !
[ros2_control_node-1] [DEBUG] [1765405426.889835222] [KortexMultiInterfaceHardware]: No controller active in LOW_LEVEL_SERVOING mode !
[ros2_control_node-1] [DEBUG] [1765405426.890375296] [KortexMultiInterfaceHardware]: No controller active in LOW_LEVEL_SERVOING mode !
[ros2_control_node-1] [DEBUG] [1765405426.890673532] [KortexMultiInterfaceHardware]: No controller active in LOW_LEVEL_SERVOING mode !
[ros2_control_node-1] [DEBUG] [1765405426.891278871] [KortexMultiInterfaceHardware]: No controller active in LOW_LEVEL_SERVOING mode !
[ros2_control_node-1] [DEBUG] [1765405426.891527903] [KortexMultiInterfaceHardware]: No controller active in LOW_LEVEL_SERVOING mode !
[ros2_control_node-1] [DEBUG] [1765405426.891777825] [KortexMultiInterfaceHardware]: No controller active in LOW_LEVEL_SERVOING mode !
[ros2_control_node-1] [DEBUG] [1765405426.892329435] [KortexMultiInterfaceHardware]: No controller active in LOW_LEVEL_SERVOING mode !
[ros2_control_node-1] [DEBUG] [1765405426.892590073] [KortexMultiInterfaceHardware]: No controller active in LOW_LEVEL_SERVOING mode !
[ros2_control_node-1] [DEBUG] [1765405426.892842604] [KortexMultiInterfaceHardware]: No controller active in LOW_LEVEL_SERVOING mode !
[ros2_control_node-1] [DEBUG] [1765405426.893400429] [KortexMultiInterfaceHardware]: No controller active in LOW_LEVEL_SERVOING mode !
[ros2_control_node-1] [DEBUG] [1765405426.893725144] [KortexMultiInterfaceHardware]: No controller active in LOW_LEVEL_SERVOING mode !
[ros2_control_node-1] [DEBUG] [1765405426.894258482] [KortexMultiInterfaceHardware]: No controller active in LOW_LEVEL_SERVOING mode !
[ros2_control_node-1] [DEBUG] [1765405426.894538382] [KortexMultiInterfaceHardware]: No controller active in LOW_LEVEL_SERVOING mode !
[ros2_control_node-1] [DEBUG] [1765405426.894797990] [KortexMultiInterfaceHardware]: No controller active in LOW_LEVEL_SERVOING mode !
[ros2_control_node-1] [DEBUG] [1765405426.895048751] [KortexMultiInterfaceHardware]: No controller active in LOW_LEVEL_SERVOING mode !
[ros2_control_node-1] [DEBUG] [1765405426.895298394] [KortexMultiInterfaceHardware]: No controller active in LOW_LEVEL_SERVOING mode !
[ros2_control_node-1] [DEBUG] [1765405426.895543878] [KortexMultiInterfaceHardware]: No controller active in LOW_LEVEL_SERVOING mode !
[ros2_control_node-1] [DEBUG] [1765405426.895799521] [KortexMultiInterfaceHardware]: No controller active in LOW_LEVEL_SERVOING mode !
[ros2_control_node-1] [DEBUG] [1765405426.896369714] [KortexMultiInterfaceHardware]: No controller active in LOW_LEVEL_SERVOING mode !
[ros2_control_node-1] [DEBUG] [1765405426.896632421] [KortexMultiInterfaceHardware]: No controller active in LOW_LEVEL_SERVOING mode !
[ros2_control_node-1] [DEBUG] [1765405426.896885216] [KortexMultiInterfaceHardware]: No controller active in LOW_LEVEL_SERVOING mode !
[ros2_control_node-1] [DEBUG] [1765405426.897335734] [KortexMultiInterfaceHardware]: No controller active in LOW_LEVEL_SERVOING mode !
[ros2_control_node-1] [DEBUG] [1765405426.897590772] [KortexMultiInterfaceHardware]: No controller active in LOW_LEVEL_SERVOING mode !
[ros2_control_node-1] [DEBUG] [1765405426.897839442] [KortexMultiInterfaceHardware]: No controller active in LOW_LEVEL_SERVOING mode !
[ros2_control_node-1] [DEBUG] [1765405426.898368148] [KortexMultiInterfaceHardware]: No controller active in LOW_LEVEL_SERVOING mode !
[ros2_control_node-1] [DEBUG] [1765405426.898611392] [KortexMultiInterfaceHardware]: No controller active in LOW_LEVEL_SERVOING mode !
[ros2_control_node-1] [DEBUG] [1765405426.898861340] [KortexMultiInterfaceHardware]: No controller active in LOW_LEVEL_SERVOING mode !
[ros2_control_node-1] [DEBUG] [1765405426.899258511] [KortexMultiInterfaceHardware]: No controller active in LOW_LEVEL_SERVOING mode !
[ros2_control_node-1] [DEBUG] [1765405426.899506908] [KortexMultiInterfaceHardware]: No controller active in LOW_LEVEL_SERVOING mode !
[ros2_control_node-1] [DEBUG] [1765405426.899738235] [KortexMultiInterfaceHardware]: No controller active in LOW_LEVEL_SERVOING mode !
[ros2_control_node-1] [DEBUG] [1765405426.900217087] [KortexMultiInterfaceHardware]: No controller active in LOW_LEVEL_SERVOING mode !
[ros2_control_node-1] [DEBUG] [1765405426.900466714] [KortexMultiInterfaceHardware]: No controller active in LOW_LEVEL_SERVOING mode !
[ros2_control_node-1] [DEBUG] [1765405426.900715723] [KortexMultiInterfaceHardware]: No controller active in LOW_LEVEL_SERVOING mode !
[ros2_control_node-1] [DEBUG] [1765405426.900964999] [KortexMultiInterfaceHardware]: No controller active in LOW_LEVEL_SERVOING mode !
[ros2_control_node-1] [DEBUG] [1765405426.901301317] [KortexMultiInterfaceHardware]: No controller active in LOW_LEVEL_SERVOING mode !
[ros2_control_node-1] [DEBUG] [1765405426.901535938] [KortexMultiInterfaceHardware]: No controller active in LOW_LEVEL_SERVOING mode !
[ros2_control_node-1] [DEBUG] [1765405426.901777114] [KortexMultiInterfaceHardware]: No controller active in LOW_LEVEL_SERVOING mode !
[ros2_control_node-1] [DEBUG] [1765405426.902285504] [KortexMultiInterfaceHardware]: No controller active in LOW_LEVEL_SERVOING mode !
[ros2_control_node-1] [DEBUG] [1765405426.902551196] [KortexMultiInterfaceHardware]: No controller active in LOW_LEVEL_SERVOING mode !
[ros2_control_node-1] [DEBUG] [1765405426.902799209] [KortexMultiInterfaceHardware]: No controller active in LOW_LEVEL_SERVOING mode !
[ros2_control_node-1] [DEBUG] [1765405426.903035745] [KortexMultiInterfaceHardware]: No controller active in LOW_LEVEL_SERVOING mode !
[ros2_control_node-1] [DEBUG] [1765405426.903320715] [KortexMultiInterfaceHardware]: No controller active in LOW_LEVEL_SERVOING mode !
[ros2_control_node-1] [DEBUG] [1765405426.903580785] [KortexMultiInterfaceHardware]: No controller active in LOW_LEVEL_SERVOING mode !
[ros2_control_node-1] [DEBUG] [1765405426.903938528] [KortexMultiInterfaceHardware]: No controller active in LOW_LEVEL_SERVOING mode !
[ros2_control_node-1] [DEBUG] [1765405426.904291173] [KortexMultiInterfaceHardware]: No controller active in LOW_LEVEL_SERVOING mode !
[ros2_control_node-1] [DEBUG] [1765405426.904563938] [KortexMultiInterfaceHardware]: No controller active in LOW_LEVEL_SERVOING mode !
[ros2_control_node-1] [DEBUG] [1765405426.904810152] [KortexMultiInterfaceHardware]: No controller active in LOW_LEVEL_SERVOING mode !
[ros2_control_node-1] [DEBUG] [1765405426.905273585] [KortexMultiInterfaceHardware]: No controller active in LOW_LEVEL_SERVOING mode !
[ros2_control_node-1] [DEBUG] [1765405426.905518719] [KortexMultiInterfaceHardware]: No controller active in LOW_LEVEL_SERVOING mode !
[ros2_control_node-1] [DEBUG] [1765405426.905778397] [KortexMultiInterfaceHardware]: No controller active in LOW_LEVEL_SERVOING mode !
[ros2_control_node-1] [DEBUG] [1765405426.906366830] [KortexMultiInterfaceHardware]: No controller active in LOW_LEVEL_SERVOING mode !
[ros2_control_node-1] [DEBUG] [1765405426.906612623] [KortexMultiInterfaceHardware]: No controller active in LOW_LEVEL_SERVOING mode !
[ros2_control_node-1] [DEBUG] [1765405426.906860651] [KortexMultiInterfaceHardware]: No controller active in LOW_LEVEL_SERVOING mode !
[ros2_control_node-1] [DEBUG] [1765405426.907335245] [KortexMultiInterfaceHardware]: No controller active in LOW_LEVEL_SERVOING mode !
[ros2_control_node-1] [DEBUG] [1765405426.907590167] [KortexMultiInterfaceHardware]: No controller active in LOW_LEVEL_SERVOING mode !
[ros2_control_node-1] [DEBUG] [1765405426.907845239] [KortexMultiInterfaceHardware]: No controller active in LOW_LEVEL_SERVOING mode !
[ros2_control_node-1] [DEBUG] [1765405426.908279615] [KortexMultiInterfaceHardware]: No controller active in LOW_LEVEL_SERVOING mode !
[ros2_control_node-1] [DEBUG] [1765405426.908529095] [KortexMultiInterfaceHardware]: No controller active in LOW_LEVEL_SERVOING mode !
[ros2_control_node-1] [DEBUG] [1765405426.908761486] [KortexMultiInterfaceHardware]: No controller active in LOW_LEVEL_SERVOING mode !
[ros2_control_node-1] [DEBUG] [1765405426.908994623] [KortexMultiInterfaceHardware]: No controller active in LOW_LEVEL_SERVOING mode !
[ros2_control_node-1] [DEBUG] [1765405426.909306099] [KortexMultiInterfaceHardware]: No controller active in LOW_LEVEL_SERVOING mode !
[ros2_control_node-1] [DEBUG] [1765405426.909553114] [KortexMultiInterfaceHardware]: No controller active in LOW_LEVEL_SERVOING mode !
[ros2_control_node-1] [DEBUG] [1765405426.909801054] [KortexMultiInterfaceHardware]: No controller active in LOW_LEVEL_SERVOING mode !
[ros2_control_node-1] [DEBUG] [1765405426.910360165] [KortexMultiInterfaceHardware]: No controller active in LOW_LEVEL_SERVOING mode !
[ros2_control_node-1] [DEBUG] [1765405426.910618955] [KortexMultiInterfaceHardware]: No controller active in LOW_LEVEL_SERVOING mode !
[ros2_control_node-1] [DEBUG] [1765405426.910866815] [KortexMultiInterfaceHardware]: No controller active in LOW_LEVEL_SERVOING mode !
[ros2_control_node-1] [DEBUG] [1765405426.911286596] [KortexMultiInterfaceHardware]: No controller active in LOW_LEVEL_SERVOING mode !
[ros2_control_node-1] [DEBUG] [1765405426.911538177] [KortexMultiInterfaceHardware]: No controller active in LOW_LEVEL_SERVOING mode !
[ros2_control_node-1] [DEBUG] [1765405426.911783207] [KortexMultiInterfaceHardware]: No controller active in LOW_LEVEL_SERVOING mode !
[ros2_control_node-1] [DEBUG] [1765405426.912366015] [KortexMultiInterfaceHardware]: No controller active in LOW_LEVEL_SERVOING mode !
[ros2_control_node-1] [DEBUG] [1765405426.912620161] [KortexMultiInterfaceHardware]: No controller active in LOW_LEVEL_SERVOING mode !
[ros2_control_node-1] [DEBUG] [1765405426.912867628] [KortexMultiInterfaceHardware]: No controller active in LOW_LEVEL_SERVOING mode !
[ros2_control_node-1] [DEBUG] [1765405426.913287127] [KortexMultiInterfaceHardware]: No controller active in LOW_LEVEL_SERVOING mode !
[ros2_control_node-1] [DEBUG] [1765405426.913555953] [KortexMultiInterfaceHardware]: No controller active in LOW_LEVEL_SERVOING mode !
[ros2_control_node-1] [DEBUG] [1765405426.913811210] [KortexMultiInterfaceHardware]: No controller active in LOW_LEVEL_SERVOING mode !
[ros2_control_node-1] [DEBUG] [1765405426.914288154] [KortexMultiInterfaceHardware]: No controller active in LOW_LEVEL_SERVOING mode !
[ros2_control_node-1] [DEBUG] [1765405426.914537045] [KortexMultiInterfaceHardware]: No controller active in LOW_LEVEL_SERVOING mode !
[ros2_control_node-1] [DEBUG] [1765405426.914788572] [KortexMultiInterfaceHardware]: No controller active in LOW_LEVEL_SERVOING mode !
[ros2_control_node-1] [DEBUG] [1765405426.915236470] [KortexMultiInterfaceHardware]: No controller active in LOW_LEVEL_SERVOING mode !
[ros2_control_node-1] [DEBUG] [1765405426.915497988] [KortexMultiInterfaceHardware]: No controller active in LOW_LEVEL_SERVOING mode !
[ros2_control_node-1] [DEBUG] [1765405426.915766845] [KortexMultiInterfaceHardware]: No controller active in LOW_LEVEL_SERVOING mode !
[ros2_control_node-1] [DEBUG] [1765405426.916329249] [KortexMultiInterfaceHardware]: No controller active in LOW_LEVEL_SERVOING mode !
[ros2_control_node-1] [DEBUG] [1765405426.916649223] [KortexMultiInterfaceHardware]: No controller active in LOW_LEVEL_SERVOING mode !
[ros2_control_node-1] [DEBUG] [1765405426.916955823] [KortexMultiInterfaceHardware]: No controller active in LOW_LEVEL_SERVOING mode !
[ros2_control_node-1] [DEBUG] [1765405426.917328973] [KortexMultiInterfaceHardware]: No controller active in LOW_LEVEL_SERVOING mode !
[ros2_control_node-1] [DEBUG] [1765405426.917629641] [KortexMultiInterfaceHardware]: No controller active in LOW_LEVEL_SERVOING mode !
[ros2_control_node-1] [DEBUG] [1765405426.918305816] [KortexMultiInterfaceHardware]: No controller active in LOW_LEVEL_SERVOING mode !
[ros2_control_node-1] [DEBUG] [1765405426.918585326] [KortexMultiInterfaceHardware]: No controller active in LOW_LEVEL_SERVOING mode !
[ros2_control_node-1] [DEBUG] [1765405426.918854031] [KortexMultiInterfaceHardware]: No controller active in LOW_LEVEL_SERVOING mode !
[ros2_control_node-1] [DEBUG] [1765405426.919379713] [KortexMultiInterfaceHardware]: No controller active in LOW_LEVEL_SERVOING mode !
[ros2_control_node-1] [DEBUG] [1765405426.919717947] [KortexMultiInterfaceHardware]: No controller active in LOW_LEVEL_SERVOING mode !
[ros2_control_node-1] [DEBUG] [1765405426.920004835] [KortexMultiInterfaceHardware]: No controller active in LOW_LEVEL_SERVOING mode !
[ros2_control_node-1] [DEBUG] [1765405426.920312262] [KortexMultiInterfaceHardware]: No controller active in LOW_LEVEL_SERVOING mode !
[ros2_control_node-1] [DEBUG] [1765405426.920585126] [KortexMultiInterfaceHardware]: No controller active in LOW_LEVEL_SERVOING mode !
[ros2_control_node-1] [DEBUG] [1765405426.920853894] [KortexMultiInterfaceHardware]: No controller active in LOW_LEVEL_SERVOING mode !
[ros2_control_node-1] [DEBUG] [1765405426.921294029] [KortexMultiInterfaceHardware]: No controller active in LOW_LEVEL_SERVOING mode !
[ros2_control_node-1] [DEBUG] [1765405426.921562162] [KortexMultiInterfaceHardware]: No controller active in LOW_LEVEL_SERVOING mode !
[ros2_control_node-1] [DEBUG] [1765405426.921832311] [KortexMultiInterfaceHardware]: No controller active in LOW_LEVEL_SERVOING mode !
[ros2_control_node-1] [DEBUG] [1765405426.922229639] [KortexMultiInterfaceHardware]: No controller active in LOW_LEVEL_SERVOING mode !
[ros2_control_node-1] [DEBUG] [1765405426.922518168] [KortexMultiInterfaceHardware]: No controller active in LOW_LEVEL_SERVOING mode !
[ros2_control_node-1] [DEBUG] [1765405426.922768244] [KortexMultiInterfaceHardware]: No controller active in LOW_LEVEL_SERVOING mode !
[ros2_control_node-1] [DEBUG] [1765405426.923328322] [KortexMultiInterfaceHardware]: No controller active in LOW_LEVEL_SERVOING mode !
[ros2_control_node-1] [DEBUG] [1765405426.923601367] [KortexMultiInterfaceHardware]: No controller active in LOW_LEVEL_SERVOING mode !
[ros2_control_node-1] [DEBUG] [1765405426.923850493] [KortexMultiInterfaceHardware]: No controller active in LOW_LEVEL_SERVOING mode !
[ros2_control_node-1] [DEBUG] [1765405426.924269299] [KortexMultiInterfaceHardware]: No controller active in LOW_LEVEL_SERVOING mode !
[ros2_control_node-1] [DEBUG] [1765405426.924538292] [KortexMultiInterfaceHardware]: No controller active in LOW_LEVEL_SERVOING mode !
[ros2_control_node-1] [DEBUG] [1765405426.924787642] [KortexMultiInterfaceHardware]: No controller active in LOW_LEVEL_SERVOING mode !
[ros2_control_node-1] [DEBUG] [1765405426.925338885] [KortexMultiInterfaceHardware]: No controller active in LOW_LEVEL_SERVOING mode !
[ros2_control_node-1] [DEBUG] [1765405426.925623412] [KortexMultiInterfaceHardware]: No controller active in LOW_LEVEL_SERVOING mode !
[ros2_control_node-1] [DEBUG] [1765405426.925889989] [KortexMultiInterfaceHardware]: No controller active in LOW_LEVEL_SERVOING mode !
[ros2_control_node-1] [DEBUG] [1765405426.926286855] [KortexMultiInterfaceHardware]: No controller active in LOW_LEVEL_SERVOING mode !
[ros2_control_node-1] [DEBUG] [1765405426.926534600] [KortexMultiInterfaceHardware]: No controller active in LOW_LEVEL_SERVOING mode !
[ros2_control_node-1] [DEBUG] [1765405426.926807583] [KortexMultiInterfaceHardware]: No controller active in LOW_LEVEL_SERVOING mode !
[ros2_control_node-1] [DEBUG] [1765405426.927309805] [KortexMultiInterfaceHardware]: No controller active in LOW_LEVEL_SERVOING mode !
[ros2_control_node-1] [DEBUG] [1765405426.927596611] [KortexMultiInterfaceHardware]: No controller active in LOW_LEVEL_SERVOING mode !
[ros2_control_node-1] [DEBUG] [1765405426.927845476] [KortexMultiInterfaceHardware]: No controller active in LOW_LEVEL_SERVOING mode !
[ros2_control_node-1] [DEBUG] [1765405426.928264784] [KortexMultiInterfaceHardware]: No controller active in LOW_LEVEL_SERVOING mode !
[ros2_control_node-1] [DEBUG] [1765405426.928512200] [KortexMultiInterfaceHardware]: No controller active in LOW_LEVEL_SERVOING mode !
[ros2_control_node-1] [DEBUG] [1765405426.928762596] [KortexMultiInterfaceHardware]: No controller active in LOW_LEVEL_SERVOING mode !
[ros2_control_node-1] [DEBUG] [1765405426.929362110] [KortexMultiInterfaceHardware]: No controller active in LOW_LEVEL_SERVOING mode !
[ros2_control_node-1] [DEBUG] [1765405426.929614145] [KortexMultiInterfaceHardware]: No controller active in LOW_LEVEL_SERVOING mode !
[ros2_control_node-1] [DEBUG] [1765405426.929862633] [KortexMultiInterfaceHardware]: No controller active in LOW_LEVEL_SERVOING mode !
[ros2_control_node-1] [DEBUG] [1765405426.930284213] [KortexMultiInterfaceHardware]: No controller active in LOW_LEVEL_SERVOING mode !
[ros2_control_node-1] [DEBUG] [1765405426.930535380] [KortexMultiInterfaceHardware]: No controller active in LOW_LEVEL_SERVOING mode !
[ros2_control_node-1] [DEBUG] [1765405426.930782761] [KortexMultiInterfaceHardware]: No controller active in LOW_LEVEL_SERVOING mode !
[ros2_control_node-1] [DEBUG] [1765405426.931347636] [KortexMultiInterfaceHardware]: No controller active in LOW_LEVEL_SERVOING mode !
[ros2_control_node-1] [DEBUG] [1765405426.931597491] [KortexMultiInterfaceHardware]: No controller active in LOW_LEVEL_SERVOING mode !
[ros2_control_node-1] [DEBUG] [1765405426.931841952] [KortexMultiInterfaceHardware]: No controller active in LOW_LEVEL_SERVOING mode !
[ros2_control_node-1] [DEBUG] [1765405426.932313144] [KortexMultiInterfaceHardware]: No controller active in LOW_LEVEL_SERVOING mode !
[ros2_control_node-1] [DEBUG] [1765405426.932572489] [KortexMultiInterfaceHardware]: No controller active in LOW_LEVEL_SERVOING mode !
[ros2_control_node-1] [DEBUG] [1765405426.932821124] [KortexMultiInterfaceHardware]: No controller active in LOW_LEVEL_SERVOING mode !
[ros2_control_node-1] [DEBUG] [1765405426.933315037] [KortexMultiInterfaceHardware]: No controller active in LOW_LEVEL_SERVOING mode !
[ros2_control_node-1] [DEBUG] [1765405426.933596997] [KortexMultiInterfaceHardware]: No controller active in LOW_LEVEL_SERVOING mode !
[ros2_control_node-1] [DEBUG] [1765405426.933867720] [KortexMultiInterfaceHardware]: No controller active in LOW_LEVEL_SERVOING mode !
[ros2_control_node-1] [DEBUG] [1765405426.934316192] [KortexMultiInterfaceHardware]: No controller active in LOW_LEVEL_SERVOING mode !
[ros2_control_node-1] [DEBUG] [1765405426.934596721] [KortexMultiInterfaceHardware]: No controller active in LOW_LEVEL_SERVOING mode !
[ros2_control_node-1] [DEBUG] [1765405426.934846712] [KortexMultiInterfaceHardware]: No controller active in LOW_LEVEL_SERVOING mode !
[ros2_control_node-1] [DEBUG] [1765405426.935313872] [KortexMultiInterfaceHardware]: No controller active in LOW_LEVEL_SERVOING mode !
[ros2_control_node-1] [DEBUG] [1765405426.935592388] [KortexMultiInterfaceHardware]: No controller active in LOW_LEVEL_SERVOING mode !
[ros2_control_node-1] [DEBUG] [1765405426.935844516] [KortexMultiInterfaceHardware]: No controller active in LOW_LEVEL_SERVOING mode !
[ros2_control_node-1] [DEBUG] [1765405426.936294548] [KortexMultiInterfaceHardware]: No controller active in LOW_LEVEL_SERVOING mode !
[ros2_control_node-1] [DEBUG] [1765405426.936557864] [KortexMultiInterfaceHardware]: No controller active in LOW_LEVEL_SERVOING mode !
[ros2_control_node-1] [DEBUG] [1765405426.936827396] [KortexMultiInterfaceHardware]: No controller active in LOW_LEVEL_SERVOING mode !
[ros2_control_node-1] [DEBUG] [1765405426.937339602] [KortexMultiInterfaceHardware]: No controller active in LOW_LEVEL_SERVOING mode !
[ros2_control_node-1] [DEBUG] [1765405426.937595864] [KortexMultiInterfaceHardware]: No controller active in LOW_LEVEL_SERVOING mode !
[ros2_control_node-1] [DEBUG] [1765405426.937841283] [KortexMultiInterfaceHardware]: No controller active in LOW_LEVEL_SERVOING mode !
[ros2_control_node-1] [DEBUG] [1765405426.938309307] [KortexMultiInterfaceHardware]: No controller active in LOW_LEVEL_SERVOING mode !
[ros2_control_node-1] [DEBUG] [1765405426.938592026] [KortexMultiInterfaceHardware]: No controller active in LOW_LEVEL_SERVOING mode !
[ros2_control_node-1] [DEBUG] [1765405426.938841100] [KortexMultiInterfaceHardware]: No controller active in LOW_LEVEL_SERVOING mode !
[ros2_control_node-1] [DEBUG] [1765405426.939371779] [KortexMultiInterfaceHardware]: No controller active in LOW_LEVEL_SERVOING mode !
[ros2_control_node-1] [DEBUG] [1765405426.939614881] [KortexMultiInterfaceHardware]: No controller active in LOW_LEVEL_SERVOING mode !
[ros2_control_node-1] [DEBUG] [1765405426.939864151] [KortexMultiInterfaceHardware]: No controller active in LOW_LEVEL_SERVOING mode !
[ros2_control_node-1] [DEBUG] [1765405426.940312469] [KortexMultiInterfaceHardware]: No controller active in LOW_LEVEL_SERVOING mode !
[ros2_control_node-1] [DEBUG] [1765405426.940573540] [KortexMultiInterfaceHardware]: No controller active in LOW_LEVEL_SERVOING mode !
[ros2_control_node-1] [DEBUG] [1765405426.940807686] [KortexMultiInterfaceHardware]: No controller active in LOW_LEVEL_SERVOING mode !
[ros2_control_node-1] [DEBUG] [1765405426.941392794] [KortexMultiInterfaceHardware]: No controller active in LOW_LEVEL_SERVOING mode !
[ros2_control_node-1] [DEBUG] [1765405426.941701991] [KortexMultiInterfaceHardware]: No controller active in LOW_LEVEL_SERVOING mode !
[ros2_control_node-1] [DEBUG] [1765405426.941988253] [KortexMultiInterfaceHardware]: No controller active in LOW_LEVEL_SERVOING mode !
[ros2_control_node-1] [DEBUG] [1765405426.942297002] [KortexMultiInterfaceHardware]: No controller active in LOW_LEVEL_SERVOING mode !
[ros2_control_node-1] [DEBUG] [1765405426.942546321] [KortexMultiInterfaceHardware]: No controller active in LOW_LEVEL_SERVOING mode !
[ros2_control_node-1] [DEBUG] [1765405426.942796746] [KortexMultiInterfaceHardware]: No controller active in LOW_LEVEL_SERVOING mode !
[ros2_control_node-1] [DEBUG] [1765405426.943021767] [KortexMultiInterfaceHardware]: No controller active in LOW_LEVEL_SERVOING mode !
[ros2_control_node-1] [DEBUG] [1765405426.943296215] [KortexMultiInterfaceHardware]: No controller active in LOW_LEVEL_SERVOING mode !
[ros2_control_node-1] [DEBUG] [1765405426.943551877] [KortexMultiInterfaceHardware]: No controller active in LOW_LEVEL_SERVOING mode !
[ros2_control_node-1] [DEBUG] [1765405426.943797531] [KortexMultiInterfaceHardware]: No controller active in LOW_LEVEL_SERVOING mode !
[ros2_control_node-1] [DEBUG] [1765405426.944363735] [KortexMultiInterfaceHardware]: No controller active in LOW_LEVEL_SERVOING mode !
[ros2_control_node-1] [DEBUG] [1765405426.944635681] [KortexMultiInterfaceHardware]: No controller active in LOW_LEVEL_SERVOING mode !
[ros2_control_node-1] [DEBUG] [1765405426.944885045] [KortexMultiInterfaceHardware]: No controller active in LOW_LEVEL_SERVOING mode !
[ros2_control_node-1] [DEBUG] [1765405426.945307577] [KortexMultiInterfaceHardware]: No controller active in LOW_LEVEL_SERVOING mode !
[ros2_control_node-1] [DEBUG] [1765405426.945588228] [KortexMultiInterfaceHardware]: No controller active in LOW_LEVEL_SERVOING mode !
[ros2_control_node-1] [DEBUG] [1765405426.945839891] [KortexMultiInterfaceHardware]: No controller active in LOW_LEVEL_SERVOING mode !
[ros2_control_node-1] [DEBUG] [1765405426.946330653] [KortexMultiInterfaceHardware]: No controller active in LOW_LEVEL_SERVOING mode !
[ros2_control_node-1] [DEBUG] [1765405426.946592075] [KortexMultiInterfaceHardware]: No controller active in LOW_LEVEL_SERVOING mode !
[ros2_control_node-1] [DEBUG] [1765405426.946821229] [KortexMultiInterfaceHardware]: No controller active in LOW_LEVEL_SERVOING mode !
[ros2_control_node-1] [DEBUG] [1765405426.947217569] [KortexMultiInterfaceHardware]: No controller active in LOW_LEVEL_SERVOING mode !
[ros2_control_node-1] [DEBUG] [1765405426.947466495] [KortexMultiInterfaceHardware]: No controller active in LOW_LEVEL_SERVOING mode !
[ros2_control_node-1] [DEBUG] [1765405426.947760939] [KortexMultiInterfaceHardware]: No controller active in LOW_LEVEL_SERVOING mode !
[ros2_control_node-1] [DEBUG] [1765405426.948378423] [KortexMultiInterfaceHardware]: No controller active in LOW_LEVEL_SERVOING mode !
[ros2_control_node-1] [DEBUG] [1765405426.948670300] [KortexMultiInterfaceHardware]: No controller active in LOW_LEVEL_SERVOING mode !
[ros2_control_node-1] [DEBUG] [1765405426.948966204] [KortexMultiInterfaceHardware]: No controller active in LOW_LEVEL_SERVOING mode !
[ros2_control_node-1] [DEBUG] [1765405426.949308780] [KortexMultiInterfaceHardware]: No controller active in LOW_LEVEL_SERVOING mode !
[ros2_control_node-1] [DEBUG] [1765405426.949561125] [KortexMultiInterfaceHardware]: No controller active in LOW_LEVEL_SERVOING mode !
[ros2_control_node-1] [DEBUG] [1765405426.949833215] [KortexMultiInterfaceHardware]: No controller active in LOW_LEVEL_SERVOING mode !
[ros2_control_node-1] [DEBUG] [1765405426.950293070] [KortexMultiInterfaceHardware]: No controller active in LOW_LEVEL_SERVOING mode !
[ros2_control_node-1] [DEBUG] [1765405426.950586490] [KortexMultiInterfaceHardware]: No controller active in LOW_LEVEL_SERVOING mode !
[ros2_control_node-1] [DEBUG] [1765405426.950866907] [KortexMultiInterfaceHardware]: No controller active in LOW_LEVEL_SERVOING mode !
[ros2_control_node-1] [DEBUG] [1765405426.951317224] [KortexMultiInterfaceHardware]: No controller active in LOW_LEVEL_SERVOING mode !
[ros2_control_node-1] [DEBUG] [1765405426.951608531] [KortexMultiInterfaceHardware]: No controller active in LOW_LEVEL_SERVOING mode !
[ros2_control_node-1] [DEBUG] [1765405426.951882040] [KortexMultiInterfaceHardware]: No controller active in LOW_LEVEL_SERVOING mode !
[ros2_control_node-1] [DEBUG] [1765405426.952314087] [KortexMultiInterfaceHardware]: No controller active in LOW_LEVEL_SERVOING mode !
[ros2_control_node-1] [DEBUG] [1765405426.952586911] [KortexMultiInterfaceHardware]: No controller active in LOW_LEVEL_SERVOING mode !
[ros2_control_node-1] [DEBUG] [1765405426.952859350] [KortexMultiInterfaceHardware]: No controller active in LOW_LEVEL_SERVOING mode !
[ros2_control_node-1] [DEBUG] [1765405426.953294820] [KortexMultiInterfaceHardware]: No controller active in LOW_LEVEL_SERVOING mode !
[ros2_control_node-1] [DEBUG] [1765405426.953569586] [KortexMultiInterfaceHardware]: No controller active in LOW_LEVEL_SERVOING mode !
[ros2_control_node-1] [DEBUG] [1765405426.953860756] [KortexMultiInterfaceHardware]: No controller active in LOW_LEVEL_SERVOING mode !
[ros2_control_node-1] [DEBUG] [1765405426.954300572] [KortexMultiInterfaceHardware]: No controller active in LOW_LEVEL_SERVOING mode !
[ros2_control_node-1] [DEBUG] [1765405426.954590743] [KortexMultiInterfaceHardware]: No controller active in LOW_LEVEL_SERVOING mode !
[ros2_control_node-1] [DEBUG] [1765405426.954879024] [KortexMultiInterfaceHardware]: No controller active in LOW_LEVEL_SERVOING mode !
[ros2_control_node-1] [DEBUG] [1765405426.955315131] [KortexMultiInterfaceHardware]: No controller active in LOW_LEVEL_SERVOING mode !
[ros2_control_node-1] [DEBUG] [1765405426.955585723] [KortexMultiInterfaceHardware]: No controller active in LOW_LEVEL_SERVOING mode !
[ros2_control_node-1] [DEBUG] [1765405426.955854975] [KortexMultiInterfaceHardware]: No controller active in LOW_LEVEL_SERVOING mode !
[ros2_control_node-1] [DEBUG] [1765405426.956293693] [KortexMultiInterfaceHardware]: No controller active in LOW_LEVEL_SERVOING mode !
[ros2_control_node-1] [DEBUG] [1765405426.956603159] [KortexMultiInterfaceHardware]: No controller active in LOW_LEVEL_SERVOING mode !
[ros2_control_node-1] [DEBUG] [1765405426.956872590] [KortexMultiInterfaceHardware]: No controller active in LOW_LEVEL_SERVOING mode !
[ros2_control_node-1] [DEBUG] [1765405426.957294868] [KortexMultiInterfaceHardware]: No controller active in LOW_LEVEL_SERVOING mode !
[ros2_control_node-1] [DEBUG] [1765405426.957572458] [KortexMultiInterfaceHardware]: No controller active in LOW_LEVEL_SERVOING mode !
[ros2_control_node-1] [DEBUG] [1765405426.957829450] [KortexMultiInterfaceHardware]: No controller active in LOW_LEVEL_SERVOING mode !
[ros2_control_node-1] [DEBUG] [1765405426.958313472] [KortexMultiInterfaceHardware]: No controller active in LOW_LEVEL_SERVOING mode !
[ros2_control_node-1] [DEBUG] [1765405426.958607572] [KortexMultiInterfaceHardware]: No controller active in LOW_LEVEL_SERVOING mode !
[ros2_control_node-1] [DEBUG] [1765405426.958948236] [KortexMultiInterfaceHardware]: No controller active in LOW_LEVEL_SERVOING mode !
[ros2_control_node-1] [INFO] [1765405426.959267834] [controller_manager]: Loading controller 'joint_state_broadcaster'
[ros2_control_node-1] [DEBUG] [1765405426.959334704] [KortexMultiInterfaceHardware]: No controller active in LOW_LEVEL_SERVOING mode !
[ros2_control_node-1] [DEBUG] [1765405426.959657425] [KortexMultiInterfaceHardware]: No controller active in LOW_LEVEL_SERVOING mode !
[ros2_control_node-1] [DEBUG] [1765405426.960069903] [KortexMultiInterfaceHardware]: No controller active in LOW_LEVEL_SERVOING mode !
[ros2_control_node-1] [DEBUG] [1765405426.960575525] [KortexMultiInterfaceHardware]: No controller active in LOW_LEVEL_SERVOING mode !
[ros2_control_node-1] [DEBUG] [1765405426.960999245] [KortexMultiInterfaceHardware]: No controller active in LOW_LEVEL_SERVOING mode !
[ros2_control_node-1] [DEBUG] [1765405426.961402767] [KortexMultiInterfaceHardware]: No controller active in LOW_LEVEL_SERVOING mode !
[ros2_control_node-1] [DEBUG] [1765405426.961773818] [KortexMultiInterfaceHardware]: No controller active in LOW_LEVEL_SERVOING mode !
[ros2_control_node-1] [DEBUG] [1765405426.962369910] [KortexMultiInterfaceHardware]: No controller active in LOW_LEVEL_SERVOING mode !
[ros2_control_node-1] [DEBUG] [1765405426.963426944] [KortexMultiInterfaceHardware]: No controller active in LOW_LEVEL_SERVOING mode !
[ros2_control_node-1] [DEBUG] [1765405426.963899720] [KortexMultiInterfaceHardware]: No controller active in LOW_LEVEL_SERVOING mode !
[ros2_control_node-1] [DEBUG] [1765405426.964535256] [KortexMultiInterfaceHardware]: No controller active in LOW_LEVEL_SERVOING mode !
[ros2_control_node-1] [DEBUG] [1765405426.964948431] [KortexMultiInterfaceHardware]: No controller active in LOW_LEVEL_SERVOING mode !
[ros2_control_node-1] [DEBUG] [1765405426.965362442] [KortexMultiInterfaceHardware]: No controller active in LOW_LEVEL_SERVOING mode !
[ros2_control_node-1] [DEBUG] [1765405426.965777058] [KortexMultiInterfaceHardware]: No controller active in LOW_LEVEL_SERVOING mode !
[ros2_control_node-1] [DEBUG] [1765405426.966386127] [KortexMultiInterfaceHardware]: No controller active in LOW_LEVEL_SERVOING mode !
[ros2_control_node-1] [DEBUG] [1765405426.966805122] [KortexMultiInterfaceHardware]: No controller active in LOW_LEVEL_SERVOING mode !
[ros2_control_node-1] [DEBUG] [1765405426.967390922] [KortexMultiInterfaceHardware]: No controller active in LOW_LEVEL_SERVOING mode !
[ros2_control_node-1] [DEBUG] [1765405426.967783432] [KortexMultiInterfaceHardware]: No controller active in LOW_LEVEL_SERVOING mode !
[ros2_control_node-1] [DEBUG] [1765405426.968312768] [KortexMultiInterfaceHardware]: No controller active in LOW_LEVEL_SERVOING mode !
[ros2_control_node-1] [DEBUG] [1765405426.968706615] [KortexMultiInterfaceHardware]: No controller active in LOW_LEVEL_SERVOING mode !
[ros2_control_node-1] [DEBUG] [1765405426.969308407] [KortexMultiInterfaceHardware]: No controller active in LOW_LEVEL_SERVOING mode !
[ros2_control_node-1] [DEBUG] [1765405426.969711887] [KortexMultiInterfaceHardware]: No controller active in LOW_LEVEL_SERVOING mode !
[ros2_control_node-1] [DEBUG] [1765405426.970042508] [KortexMultiInterfaceHardware]: No controller active in LOW_LEVEL_SERVOING mode !
[ros2_control_node-1] [DEBUG] [1765405426.970431351] [KortexMultiInterfaceHardware]: No controller active in LOW_LEVEL_SERVOING mode !
[ros2_control_node-1] [DEBUG] [1765405426.970830856] [KortexMultiInterfaceHardware]: No controller active in LOW_LEVEL_SERVOING mode !
[ros2_control_node-1] [DEBUG] [1765405426.971382210] [KortexMultiInterfaceHardware]: No controller active in LOW_LEVEL_SERVOING mode !
[ros2_control_node-1] [DEBUG] [1765405426.971779904] [KortexMultiInterfaceHardware]: No controller active in LOW_LEVEL_SERVOING mode !
[ros2_control_node-1] [DEBUG] [1765405426.972391253] [KortexMultiInterfaceHardware]: No controller active in LOW_LEVEL_SERVOING mode !
[ros2_control_node-1] [DEBUG] [1765405426.972778892] [KortexMultiInterfaceHardware]: No controller active in LOW_LEVEL_SERVOING mode !
[ros2_control_node-1] [DEBUG] [1765405426.973375820] [KortexMultiInterfaceHardware]: No controller active in LOW_LEVEL_SERVOING mode !
[ros2_control_node-1] [INFO] [1765405426.973444244] [controller_manager]: Loading controller 'fault_controller'
[ros2_control_node-1] [DEBUG] [1765405426.973688950] [KortexMultiInterfaceHardware]: No controller active in LOW_LEVEL_SERVOING mode !
[ros2_control_node-1] [DEBUG] [1765405426.974010130] [KortexMultiInterfaceHardware]: No controller active in LOW_LEVEL_SERVOING mode !
[ros2_control_node-1] [DEBUG] [1765405426.974334434] [KortexMultiInterfaceHardware]: No controller active in LOW_LEVEL_SERVOING mode !
[ros2_control_node-1] [DEBUG] [1765405426.974676484] [KortexMultiInterfaceHardware]: No controller active in LOW_LEVEL_SERVOING mode !
[spawner-3] [INFO] [1765405426.974865400] [spawner_joint_state_broadcaster]: [94mLoaded [1mjoint_state_broadcaster[0m
[ros2_control_node-1] [DEBUG] [1765405426.975051206] [KortexMultiInterfaceHardware]: No controller active in LOW_LEVEL_SERVOING mode !
[ros2_control_node-1] [DEBUG] [1765405426.975427826] [KortexMultiInterfaceHardware]: No controller active in LOW_LEVEL_SERVOING mode !
[ros2_control_node-1] [DEBUG] [1765405426.975829970] [KortexMultiInterfaceHardware]: No controller active in LOW_LEVEL_SERVOING mode !
[ros2_control_node-1] [DEBUG] [1765405426.976403148] [KortexMultiInterfaceHardware]: No controller active in LOW_LEVEL_SERVOING mode !
[ros2_control_node-1] [DEBUG] [1765405426.977413340] [KortexMultiInterfaceHardware]: No controller active in LOW_LEVEL_SERVOING mode !
[ros2_control_node-1] [DEBUG] [1765405426.977731660] [KortexMultiInterfaceHardware]: No controller active in LOW_LEVEL_SERVOING mode !
[ros2_control_node-1] [DEBUG] [1765405426.978021288] [KortexMultiInterfaceHardware]: No controller active in LOW_LEVEL_SERVOING mode !
[ros2_control_node-1] [DEBUG] [1765405426.978352299] [KortexMultiInterfaceHardware]: No controller active in LOW_LEVEL_SERVOING mode !
[ros2_control_node-1] [DEBUG] [1765405426.978656322] [KortexMultiInterfaceHardware]: No controller active in LOW_LEVEL_SERVOING mode !
[ros2_control_node-1] [DEBUG] [1765405426.979009326] [KortexMultiInterfaceHardware]: No controller active in LOW_LEVEL_SERVOING mode !
[ros2_control_node-1] [DEBUG] [1765405426.979378939] [KortexMultiInterfaceHardware]: No controller active in LOW_LEVEL_SERVOING mode !
[ros2_control_node-1] [DEBUG] [1765405426.979801385] [KortexMultiInterfaceHardware]: No controller active in LOW_LEVEL_SERVOING mode !
[ros2_control_node-1] [DEBUG] [1765405426.980356197] [KortexMultiInterfaceHardware]: No controller active in LOW_LEVEL_SERVOING mode !
[ros2_control_node-1] [DEBUG] [1765405426.980753401] [KortexMultiInterfaceHardware]: No controller active in LOW_LEVEL_SERVOING mode !
[ros2_control_node-1] [DEBUG] [1765405426.981358776] [KortexMultiInterfaceHardware]: No controller active in LOW_LEVEL_SERVOING mode !
[ros2_control_node-1] [DEBUG] [1765405426.981701033] [KortexMultiInterfaceHardware]: No controller active in LOW_LEVEL_SERVOING mode !
[ros2_control_node-1] [DEBUG] [1765405426.982040419] [KortexMultiInterfaceHardware]: No controller active in LOW_LEVEL_SERVOING mode !
[ros2_control_node-1] [DEBUG] [1765405426.982389623] [KortexMultiInterfaceHardware]: No controller active in LOW_LEVEL_SERVOING mode !
[ros2_control_node-1] [DEBUG] [1765405426.982698772] [KortexMultiInterfaceHardware]: No controller active in LOW_LEVEL_SERVOING mode !
[ros2_control_node-1] [DEBUG] [1765405426.983303721] [KortexMultiInterfaceHardware]: No controller active in LOW_LEVEL_SERVOING mode !
[ros2_control_node-1] [DEBUG] [1765405426.983629515] [KortexMultiInterfaceHardware]: No controller active in LOW_LEVEL_SERVOING mode !
[ros2_control_node-1] [DEBUG] [1765405426.983945687] [KortexMultiInterfaceHardware]: No controller active in LOW_LEVEL_SERVOING mode !
[ros2_control_node-1] [DEBUG] [1765405426.984357793] [KortexMultiInterfaceHardware]: No controller active in LOW_LEVEL_SERVOING mode !
[ros2_control_node-1] [DEBUG] [1765405426.984737486] [KortexMultiInterfaceHardware]: No controller active in LOW_LEVEL_SERVOING mode !
[ros2_control_node-1] [DEBUG] [1765405426.985382180] [KortexMultiInterfaceHardware]: No controller active in LOW_LEVEL_SERVOING mode !
[ros2_control_node-1] [DEBUG] [1765405426.985835322] [KortexMultiInterfaceHardware]: No controller active in LOW_LEVEL_SERVOING mode !
[ros2_control_node-1] [DEBUG] [1765405426.986380309] [KortexMultiInterfaceHardware]: No controller active in LOW_LEVEL_SERVOING mode !
[ros2_control_node-1] [DEBUG] [1765405426.986779203] [KortexMultiInterfaceHardware]: No controller active in LOW_LEVEL_SERVOING mode !
[ros2_control_node-1] [INFO] [1765405426.986925034] [controller_manager]: Loading controller 'joint_trajectory_controller'
[ros2_control_node-1] [DEBUG] [1765405426.987379374] [KortexMultiInterfaceHardware]: No controller active in LOW_LEVEL_SERVOING mode !
[ros2_control_node-1] [DEBUG] [1765405426.987712385] [KortexMultiInterfaceHardware]: No controller active in LOW_LEVEL_SERVOING mode !
[ros2_control_node-1] [DEBUG] [1765405426.988021797] [KortexMultiInterfaceHardware]: No controller active in LOW_LEVEL_SERVOING mode !
[ros2_control_node-1] [DEBUG] [1765405426.988386563] [KortexMultiInterfaceHardware]: No controller active in LOW_LEVEL_SERVOING mode !
[ros2_control_node-1] [DEBUG] [1765405426.988720659] [KortexMultiInterfaceHardware]: No controller active in LOW_LEVEL_SERVOING mode !
[spawner-6] [INFO] [1765405426.989108005] [spawner_fault_controller]: [94mLoaded [1mfault_controller[0m
[ros2_control_node-1] [DEBUG] [1765405426.989340784] [KortexMultiInterfaceHardware]: No controller active in LOW_LEVEL_SERVOING mode !
[ros2_control_node-1] [DEBUG] [1765405426.989618796] [KortexMultiInterfaceHardware]: No controller active in LOW_LEVEL_SERVOING mode !
[ros2_control_node-1] [DEBUG] [1765405426.989889634] [KortexMultiInterfaceHardware]: No controller active in LOW_LEVEL_SERVOING mode !
[ros2_control_node-1] [DEBUG] [1765405426.990357954] [KortexMultiInterfaceHardware]: No controller active in LOW_LEVEL_SERVOING mode !
[ros2_control_node-1] [DEBUG] [1765405426.990848628] [KortexMultiInterfaceHardware]: No controller active in LOW_LEVEL_SERVOING mode !
[ros2_control_node-1] [DEBUG] [1765405426.991279809] [KortexMultiInterfaceHardware]: No controller active in LOW_LEVEL_SERVOING mode !
[ros2_control_node-1] [DEBUG] [1765405426.991581634] [KortexMultiInterfaceHardware]: No controller active in LOW_LEVEL_SERVOING mode !
[ros2_control_node-1] [DEBUG] [1765405426.991880286] [KortexMultiInterfaceHardware]: No controller active in LOW_LEVEL_SERVOING mode !
[ros2_control_node-1] [DEBUG] [1765405426.992302722] [KortexMultiInterfaceHardware]: No controller active in LOW_LEVEL_SERVOING mode !
[ros2_control_node-1] [DEBUG] [1765405426.992564528] [KortexMultiInterfaceHardware]: No controller active in LOW_LEVEL_SERVOING mode !
[ros2_control_node-1] [DEBUG] [1765405426.992873939] [KortexMultiInterfaceHardware]: No controller active in LOW_LEVEL_SERVOING mode !
[ros2_control_node-1] [DEBUG] [1765405426.993305499] [KortexMultiInterfaceHardware]: No controller active in LOW_LEVEL_SERVOING mode !
[ros2_control_node-1] [DEBUG] [1765405426.993629415] [KortexMultiInterfaceHardware]: No controller active in LOW_LEVEL_SERVOING mode !
[ros2_control_node-1] [DEBUG] [1765405426.993994896] [KortexMultiInterfaceHardware]: No controller active in LOW_LEVEL_SERVOING mode !
[ros2_control_node-1] [DEBUG] [1765405426.994471461] [KortexMultiInterfaceHardware]: No controller active in LOW_LEVEL_SERVOING mode !
[ros2_control_node-1] [DEBUG] [1765405426.994908580] [KortexMultiInterfaceHardware]: No controller active in LOW_LEVEL_SERVOING mode !
[ros2_control_node-1] [DEBUG] [1765405426.995401777] [KortexMultiInterfaceHardware]: No controller active in LOW_LEVEL_SERVOING mode !
[ros2_control_node-1] [DEBUG] [1765405426.995805709] [KortexMultiInterfaceHardware]: No controller active in LOW_LEVEL_SERVOING mode !
[ros2_control_node-1] [DEBUG] [1765405426.996396578] [KortexMultiInterfaceHardware]: No controller active in LOW_LEVEL_SERVOING mode !
[ros2_control_node-1] [DEBUG] [1765405426.996917439] [KortexMultiInterfaceHardware]: No controller active in LOW_LEVEL_SERVOING mode !
[ros2_control_node-1] [DEBUG] [1765405426.997408821] [KortexMultiInterfaceHardware]: No controller active in LOW_LEVEL_SERVOING mode !
[ros2_control_node-1] [DEBUG] [1765405426.997819718] [KortexMultiInterfaceHardware]: No controller active in LOW_LEVEL_SERVOING mode !
[ros2_control_node-1] [DEBUG] [1765405426.998465052] [KortexMultiInterfaceHardware]: No controller active in LOW_LEVEL_SERVOING mode !
[ros2_control_node-1] [DEBUG] [1765405426.998906779] [KortexMultiInterfaceHardware]: No controller active in LOW_LEVEL_SERVOING mode !
[ros2_control_node-1] [DEBUG] [1765405426.999389127] [KortexMultiInterfaceHardware]: No controller active in LOW_LEVEL_SERVOING mode !
[ros2_control_node-1] [DEBUG] [1765405426.999822767] [KortexMultiInterfaceHardware]: No controller active in LOW_LEVEL_SERVOING mode !
[ros2_control_node-1] [DEBUG] [1765405427.000434390] [KortexMultiInterfaceHardware]: No controller active in LOW_LEVEL_SERVOING mode !
[ros2_control_node-1] [DEBUG] [1765405427.000961106] [KortexMultiInterfaceHardware]: No controller active in LOW_LEVEL_SERVOING mode !
[ros2_control_node-1] [DEBUG] [1765405427.001436471] [KortexMultiInterfaceHardware]: No controller active in LOW_LEVEL_SERVOING mode !
[ros2_control_node-1] [WARN] [1765405427.001466957] [joint_trajectory_controller]: [Deprecated]: "allow_nonzero_velocity_at_trajectory_end" is set to true. The default behavior will change to false.
[ros2_control_node-1] [DEBUG] [1765405427.001801286] [KortexMultiInterfaceHardware]: No controller active in LOW_LEVEL_SERVOING mode !
[ros2_control_node-1] [INFO] [1765405427.002344964] [controller_manager]: Loading controller 'twist_controller'
[ros2_control_node-1] [DEBUG] [1765405427.002352640] [KortexMultiInterfaceHardware]: No controller active in LOW_LEVEL_SERVOING mode !
[ros2_control_node-1] [DEBUG] [1765405427.002783985] [KortexMultiInterfaceHardware]: No controller active in LOW_LEVEL_SERVOING mode !
[ros2_control_node-1] [DEBUG] [1765405427.003327436] [KortexMultiInterfaceHardware]: No controller active in LOW_LEVEL_SERVOING mode !
[ros2_control_node-1] [DEBUG] [1765405427.003692206] [KortexMultiInterfaceHardware]: No controller active in LOW_LEVEL_SERVOING mode !
[spawner-4] [INFO] [1765405427.003825180] [spawner_joint_trajectory_controller]: [94mLoaded [1mjoint_trajectory_controller[0m
[ros2_control_node-1] [DEBUG] [1765405427.004262553] [KortexMultiInterfaceHardware]: No controller active in LOW_LEVEL_SERVOING mode !
[ros2_control_node-1] [DEBUG] [1765405427.004550740] [KortexMultiInterfaceHardware]: No controller active in LOW_LEVEL_SERVOING mode !
[ros2_control_node-1] [DEBUG] [1765405427.004870133] [KortexMultiInterfaceHardware]: No controller active in LOW_LEVEL_SERVOING mode !
[ros2_control_node-1] [DEBUG] [1765405427.005454932] [KortexMultiInterfaceHardware]: No controller active in LOW_LEVEL_SERVOING mode !
[ros2_control_node-1] [DEBUG] [1765405427.006848240] [KortexMultiInterfaceHardware]: No controller active in LOW_LEVEL_SERVOING mode !
[ros2_control_node-1] [DEBUG] [1765405427.007390397] [KortexMultiInterfaceHardware]: No controller active in LOW_LEVEL_SERVOING mode !
[ros2_control_node-1] [DEBUG] [1765405427.007751048] [KortexMultiInterfaceHardware]: No controller active in LOW_LEVEL_SERVOING mode !
[ros2_control_node-1] [DEBUG] [1765405427.008408559] [KortexMultiInterfaceHardware]: No controller active in LOW_LEVEL_SERVOING mode !
[ros2_control_node-1] [DEBUG] [1765405427.008788571] [KortexMultiInterfaceHardware]: No controller active in LOW_LEVEL_SERVOING mode !
[ros2_control_node-1] [DEBUG] [1765405427.009342192] [KortexMultiInterfaceHardware]: No controller active in LOW_LEVEL_SERVOING mode !
[ros2_control_node-1] [DEBUG] [1765405427.009655699] [KortexMultiInterfaceHardware]: No controller active in LOW_LEVEL_SERVOING mode !
[ros2_control_node-1] [DEBUG] [1765405427.009910889] [KortexMultiInterfaceHardware]: No controller active in LOW_LEVEL_SERVOING mode !
[ros2_control_node-1] [DEBUG] [1765405427.010318084] [KortexMultiInterfaceHardware]: No controller active in LOW_LEVEL_SERVOING mode !
[ros2_control_node-1] [DEBUG] [1765405427.010582789] [KortexMultiInterfaceHardware]: No controller active in LOW_LEVEL_SERVOING mode !
[ros2_control_node-1] [DEBUG] [1765405427.010851515] [KortexMultiInterfaceHardware]: No controller active in LOW_LEVEL_SERVOING mode !
[ros2_control_node-1] [DEBUG] [1765405427.011313325] [KortexMultiInterfaceHardware]: No controller active in LOW_LEVEL_SERVOING mode !
[ros2_control_node-1] [DEBUG] [1765405427.011588098] [KortexMultiInterfaceHardware]: No controller active in LOW_LEVEL_SERVOING mode !
[ros2_control_node-1] [DEBUG] [1765405427.011867971] [KortexMultiInterfaceHardware]: No controller active in LOW_LEVEL_SERVOING mode !
[ros2_control_node-1] [DEBUG] [1765405427.012310240] [KortexMultiInterfaceHardware]: No controller active in LOW_LEVEL_SERVOING mode !
[ros2_control_node-1] [DEBUG] [1765405427.012571969] [KortexMultiInterfaceHardware]: No controller active in LOW_LEVEL_SERVOING mode !
[ros2_control_node-1] [INFO] [1765405427.012687832] [controller_manager]: Loading controller 'gen3_lite_2f_gripper_controller'
[ros2_control_node-1] [DEBUG] [1765405427.012825124] [KortexMultiInterfaceHardware]: No controller active in LOW_LEVEL_SERVOING mode !
[ros2_control_node-1] [DEBUG] [1765405427.013330558] [KortexMultiInterfaceHardware]: No controller active in LOW_LEVEL_SERVOING mode !
[ros2_control_node-1] [DEBUG] [1765405427.013600212] [KortexMultiInterfaceHardware]: No controller active in LOW_LEVEL_SERVOING mode !
[spawner-5] [INFO] [1765405427.013826536] [spawner_twist_controller]: [94mLoaded [1mtwist_controller[0m
[ros2_control_node-1] [DEBUG] [1765405427.014401865] [KortexMultiInterfaceHardware]: No controller active in LOW_LEVEL_SERVOING mode !
[ros2_control_node-1] [DEBUG] [1765405427.014776190] [KortexMultiInterfaceHardware]: No controller active in LOW_LEVEL_SERVOING mode !
[ros2_control_node-1] [DEBUG] [1765405427.015391806] [KortexMultiInterfaceHardware]: No controller active in LOW_LEVEL_SERVOING mode !
[ros2_control_node-1] [DEBUG] [1765405427.015776976] [KortexMultiInterfaceHardware]: No controller active in LOW_LEVEL_SERVOING mode !
[ros2_control_node-1] [DEBUG] [1765405427.016449330] [KortexMultiInterfaceHardware]: No controller active in LOW_LEVEL_SERVOING mode !
[ros2_control_node-1] [DEBUG] [1765405427.016912914] [KortexMultiInterfaceHardware]: No controller active in LOW_LEVEL_SERVOING mode !
[ros2_control_node-1] [DEBUG] [1765405427.017412576] [KortexMultiInterfaceHardware]: No controller active in LOW_LEVEL_SERVOING mode !
[ros2_control_node-1] [DEBUG] [1765405427.017839787] [KortexMultiInterfaceHardware]: No controller active in LOW_LEVEL_SERVOING mode !
[ros2_control_node-1] [DEBUG] [1765405427.018545276] [KortexMultiInterfaceHardware]: No controller active in LOW_LEVEL_SERVOING mode !
[ros2_control_node-1] [DEBUG] [1765405427.018988373] [KortexMultiInterfaceHardware]: No controller active in LOW_LEVEL_SERVOING mode !
[ros2_control_node-1] [DEBUG] [1765405427.019429071] [KortexMultiInterfaceHardware]: No controller active in LOW_LEVEL_SERVOING mode !
[ros2_control_node-1] [DEBUG] [1765405427.019920552] [KortexMultiInterfaceHardware]: No controller active in LOW_LEVEL_SERVOING mode !
[ros2_control_node-1] [DEBUG] [1765405427.020481733] [KortexMultiInterfaceHardware]: No controller active in LOW_LEVEL_SERVOING mode !
[ros2_control_node-1] [DEBUG] [1765405427.021044074] [KortexMultiInterfaceHardware]: No controller active in LOW_LEVEL_SERVOING mode !
[ros2_control_node-1] [DEBUG] [1765405427.021480814] [KortexMultiInterfaceHardware]: No controller active in LOW_LEVEL_SERVOING mode !
[ros2_control_node-1] [DEBUG] [1765405427.021857308] [KortexMultiInterfaceHardware]: No controller active in LOW_LEVEL_SERVOING mode !
[ros2_control_node-1] [DEBUG] [1765405427.022329422] [KortexMultiInterfaceHardware]: No controller active in LOW_LEVEL_SERVOING mode !
[ros2_control_node-1] [DEBUG] [1765405427.022800135] [KortexMultiInterfaceHardware]: No controller active in LOW_LEVEL_SERVOING mode !
[ros2_control_node-1] [DEBUG] [1765405427.023533305] [KortexMultiInterfaceHardware]: No controller active in LOW_LEVEL_SERVOING mode !
[ros2_control_node-1] [DEBUG] [1765405427.023983010] [KortexMultiInterfaceHardware]: No controller active in LOW_LEVEL_SERVOING mode !
[ros2_control_node-1] [DEBUG] [1765405427.024433237] [KortexMultiInterfaceHardware]: No controller active in LOW_LEVEL_SERVOING mode !
[ros2_control_node-1] [DEBUG] [1765405427.024808091] [KortexMultiInterfaceHardware]: No controller active in LOW_LEVEL_SERVOING mode !
[ros2_control_node-1] [INFO] [1765405427.024844507] [controller_manager]: Configuring controller 'joint_state_broadcaster'
[ros2_control_node-1] [INFO] [1765405427.025017488] [joint_state_broadcaster]: 'joints' or 'interfaces' parameter is empty. All available state interfaces will be published
[ros2_control_node-1] [DEBUG] [1765405427.025377367] [KortexMultiInterfaceHardware]: No controller active in LOW_LEVEL_SERVOING mode !
[ros2_control_node-1] [DEBUG] [1765405427.025777453] [KortexMultiInterfaceHardware]: No controller active in LOW_LEVEL_SERVOING mode !
[spawner-7] [INFO] [1765405427.026155283] [spawner_gen3_lite_2f_gripper_controller]: [94mLoaded [1mgen3_lite_2f_gripper_controller[0m
[ros2_control_node-1] [DEBUG] [1765405427.026302516] [KortexMultiInterfaceHardware]: No controller active in LOW_LEVEL_SERVOING mode !
[ros2_control_node-1] [DEBUG] [1765405427.026592901] [KortexMultiInterfaceHardware]: No controller active in LOW_LEVEL_SERVOING mode !
[ros2_control_node-1] [DEBUG] [1765405427.027005806] [KortexMultiInterfaceHardware]: No controller active in LOW_LEVEL_SERVOING mode !
[ros2_control_node-1] [DEBUG] [1765405427.027331461] [KortexMultiInterfaceHardware]: No controller active in LOW_LEVEL_SERVOING mode !
[ros2_control_node-1] [DEBUG] [1765405427.027613217] [KortexMultiInterfaceHardware]: No controller active in LOW_LEVEL_SERVOING mode !
[ros2_control_node-1] [DEBUG] [1765405427.027916730] [KortexMultiInterfaceHardware]: No controller active in LOW_LEVEL_SERVOING mode !
[ros2_control_node-1] [DEBUG] [1765405427.028365594] [KortexMultiInterfaceHardware]: No controller active in LOW_LEVEL_SERVOING mode !
[ros2_control_node-1] [DEBUG] [1765405427.028668546] [KortexMultiInterfaceHardware]: No controller active in LOW_LEVEL_SERVOING mode !
[ros2_control_node-1] [DEBUG] [1765405427.028996919] [KortexMultiInterfaceHardware]: No controller active in LOW_LEVEL_SERVOING mode !
[ros2_control_node-1] [DEBUG] [1765405427.029524129] [KortexMultiInterfaceHardware]: No controller active in LOW_LEVEL_SERVOING mode !
[ros2_control_node-1] [DEBUG] [1765405427.029926049] [KortexMultiInterfaceHardware]: No controller active in LOW_LEVEL_SERVOING mode !
[ros2_control_node-1] [DEBUG] [1765405427.030368843] [KortexMultiInterfaceHardware]: No controller active in LOW_LEVEL_SERVOING mode !
[ros2_control_node-1] [DEBUG] [1765405427.030676385] [KortexMultiInterfaceHardware]: No controller active in LOW_LEVEL_SERVOING mode !
[ros2_control_node-1] [INFO] [1765405427.030778006] [controller_manager]: Configuring controller 'fault_controller'
[ros2_control_node-1] [DEBUG] [1765405427.030983174] [KortexMultiInterfaceHardware]: No controller active in LOW_LEVEL_SERVOING mode !
[ros2_control_node-1] [DEBUG] [1765405427.031341537] [KortexMultiInterfaceHardware]: No controller active in LOW_LEVEL_SERVOING mode !
[ros2_control_node-1] [INFO] [1765405427.031395970] [controller_manager]: Configuring controller 'joint_trajectory_controller'
[ros2_control_node-1] [INFO] [1765405427.031592677] [joint_trajectory_controller]: No specific joint names are used for command interfaces. Using 'joints' parameter.
[ros2_control_node-1] [DEBUG] [1765405427.031612457] [KortexMultiInterfaceHardware]: No controller active in LOW_LEVEL_SERVOING mode !
[ros2_control_node-1] [INFO] [1765405427.031616446] [joint_trajectory_controller]: Command interfaces are [position] and state interfaces are [position velocity].
[ros2_control_node-1] [INFO] [1765405427.031645770] [joint_trajectory_controller]: Using 'splines' interpolation method.
[ros2_control_node-1] [DEBUG] [1765405427.031901788] [KortexMultiInterfaceHardware]: No controller active in LOW_LEVEL_SERVOING mode !
[ros2_control_node-1] [INFO] [1765405427.032170428] [joint_trajectory_controller]: Controller state will be published at 100.00 Hz.
[ros2_control_node-1] [DEBUG] [1765405427.032314380] [KortexMultiInterfaceHardware]: No controller active in LOW_LEVEL_SERVOING mode !
[ros2_control_node-1] [DEBUG] [1765405427.032613150] [KortexMultiInterfaceHardware]: No controller active in LOW_LEVEL_SERVOING mode !
[ros2_control_node-1] [DEBUG] [1765405427.032894208] [KortexMultiInterfaceHardware]: No controller active in LOW_LEVEL_SERVOING mode !
[ros2_control_node-1] [DEBUG] [1765405427.033311484] [KortexMultiInterfaceHardware]: No controller active in LOW_LEVEL_SERVOING mode !
[ros2_control_node-1] [INFO] [1765405427.033370436] [joint_trajectory_controller]: Action status changes will be monitored at 20.00 Hz.
[ros2_control_node-1] [DEBUG] [1765405427.033624283] [KortexMultiInterfaceHardware]: No controller active in LOW_LEVEL_SERVOING mode !
[ros2_control_node-1] [DEBUG] [1765405427.033945342] [KortexMultiInterfaceHardware]: No controller active in LOW_LEVEL_SERVOING mode !
[ros2_control_node-1] [DEBUG] [1765405427.034401920] [KortexMultiInterfaceHardware]: No controller active in LOW_LEVEL_SERVOING mode !
[ros2_control_node-1] [DEBUG] [1765405427.034757989] [KortexMultiInterfaceHardware]: No controller active in LOW_LEVEL_SERVOING mode !
[ros2_control_node-1] [DEBUG] [1765405427.035395266] [KortexMultiInterfaceHardware]: No controller active in LOW_LEVEL_SERVOING mode !
[ros2_control_node-1] [DEBUG] [1765405427.035791890] [KortexMultiInterfaceHardware]: No controller active in LOW_LEVEL_SERVOING mode !
[ros2_control_node-1] [DEBUG] [1765405427.036324413] [KortexMultiInterfaceHardware]: No controller active in LOW_LEVEL_SERVOING mode !
[ros2_control_node-1] [DEBUG] [1765405427.036693565] [KortexMultiInterfaceHardware]: No controller active in LOW_LEVEL_SERVOING mode !
[ros2_control_node-1] [DEBUG] [1765405427.037361846] [KortexMultiInterfaceHardware]: No controller active in LOW_LEVEL_SERVOING mode !
[ros2_control_node-1] [DEBUG] [1765405427.037643375] [KortexMultiInterfaceHardware]: No controller active in LOW_LEVEL_SERVOING mode !
[ros2_control_node-1] [DEBUG] [1765405427.037912305] [KortexMultiInterfaceHardware]: No controller active in LOW_LEVEL_SERVOING mode !
[ros2_control_node-1] [DEBUG] [1765405427.038308324] [KortexMultiInterfaceHardware]: No controller active in LOW_LEVEL_SERVOING mode !
[ros2_control_node-1] [DEBUG] [1765405427.038577635] [KortexMultiInterfaceHardware]: No controller active in LOW_LEVEL_SERVOING mode !
[ros2_control_node-1] [DEBUG] [1765405427.038843281] [KortexMultiInterfaceHardware]: No controller active in LOW_LEVEL_SERVOING mode !
[ros2_control_node-1] [INFO] [1765405427.038869523] [controller_manager]: Configuring controller 'twist_controller'
[ros2_control_node-1] [DEBUG] [1765405427.039236535] [KortexMultiInterfaceHardware]: No controller active in LOW_LEVEL_SERVOING mode !
[ros2_control_node-1] [INFO] [1765405427.039284363] [twist_controller]: configure successful
[ros2_control_node-1] [DEBUG] [1765405427.039543763] [KortexMultiInterfaceHardware]: No controller active in LOW_LEVEL_SERVOING mode !
[ros2_control_node-1] [INFO] [1765405427.039942092] [controller_manager]: Configuring controller 'gen3_lite_2f_gripper_controller'
[ros2_control_node-1] [INFO] [1765405427.040042111] [gen3_lite_2f_gripper_controller]: Action status changes will be monitored at 20.000000 Hz.
[ros2_control_node-1] [DEBUG] [1765405427.040310349] [KortexMultiInterfaceHardware]: No controller active in LOW_LEVEL_SERVOING mode !
[ros2_control_node-1] [DEBUG] [1765405427.040712032] [KortexMultiInterfaceHardware]: No controller active in LOW_LEVEL_SERVOING mode !
[ros2_control_node-1] [DEBUG] [1765405427.041103396] [KortexMultiInterfaceHardware]: No controller active in LOW_LEVEL_SERVOING mode !
[ros2_control_node-1] [DEBUG] [1765405427.041688286] [KortexMultiInterfaceHardware]: No controller active in LOW_LEVEL_SERVOING mode !
[ros2_control_node-1] [DEBUG] [1765405427.042958114] [KortexMultiInterfaceHardware]: No controller active in LOW_LEVEL_SERVOING mode !
[spawner-3] [INFO] [1765405427.043233762] [spawner_joint_state_broadcaster]: [92mConfigured and activated [1mjoint_state_broadcaster[0m
[INFO] [spawner-5]: process has finished cleanly [pid 29192]
[INFO] [spawner-3]: process has finished cleanly [pid 29188]
[ros2_control_node-1] [DEBUG] [1765405427.248535249] [KortexMultiInterfaceHardware]: No controller active in LOW_LEVEL_SERVOING mode !
[ros2_control_node-1] [DEBUG] [1765405427.249051185] [KortexMultiInterfaceHardware]: No controller active in LOW_LEVEL_SERVOING mode !
[ros2_control_node-1] [DEBUG] [1765405427.249549924] [KortexMultiInterfaceHardware]: No controller active in LOW_LEVEL_SERVOING mode !
[spawner-6] [INFO] [1765405427.250523864] [spawner_fault_controller]: [92mConfigured and activated [1mfault_controller[0m
[INFO] [spawner-6]: process has finished cleanly [pid 29194]
[spawner-4] [INFO] [1765405427.470054323] [spawner_joint_trajectory_controller]: [92mConfigured and activated [1mjoint_trajectory_controller[0m
[INFO] [spawner-4]: process has finished cleanly [pid 29190]
[spawner-7] [INFO] [1765405427.677516288] [spawner_gen3_lite_2f_gripper_controller]: [92mConfigured and activated [1mgen3_lite_2f_gripper_controller[0m
[INFO] [spawner-7]: process has finished cleanly [pid 29196]
[0;36m[INFO][0m Verifying robot connection...
[0;32m[OK][0m Robot connected - /joint_states topic available
[0;36m[INFO][0m Waiting for controllers to initialize...
[0;36m[INFO][0m Clearing robot faults...
[1;33m[WARN][0m Could not clear faults (service may not be available yet)

[0;34m>>> Moving robot to experiment starting position[0m

[INFO] [1765405457.731154262] [startup_position_setter]: Moving to experiment_start: array('d', [-1.819, -0.146, -1.746, 0.573, -1.261, -1.639])
[0;32m[OK][0m Robot at experiment starting position
[0;32m[OK][0m Hardware mode ready

[0;34m>>> Starting conversational engine...[0m

[0;36m[INFO][0m Starting FastAPI server...
[0;36m[INFO][0m Waiting for server to initialize (may take up to 30 seconds)...
2025-12-10 17:24:24.747 | INFO     | src.conversation.engine_factory:initialize_factory:212 - Initializing ConversationEngineFactory
/home/snickers/.local/lib/python3.10/site-packages/google/api_core/_python_version_support.py:266: FutureWarning: You are using a Python version (3.10.12) which Google will stop supporting in new releases of google.api_core once it reaches its end of life (2026-10-04). Please upgrade to the latest Python version, or at least Python 3.11, to continue receiving updates for google.api_core past that date.
  warnings.warn(message, FutureWarning)
2025-12-10 17:24:24.911 | DEBUG    | src.conversation.engine_factory:register_engine:40 - Registered engine type: manual_turn -> ManualTurnEngine
2025-12-10 17:24:24.911 | INFO     | src.conversation.engine_factory:initialize_factory:218 - Registered ManualTurnEngine
2025-12-10 17:24:24.912 | DEBUG    | src.conversation.engine_factory:register_engine:40 - Registered engine type: single_utterance -> SingleUtteranceEngine
2025-12-10 17:24:24.912 | INFO     | src.conversation.engine_factory:initialize_factory:223 - Registered SingleUtteranceEngine
2025-12-10 17:24:24.912 | INFO     | src.conversation.engine_factory:initialize_factory:225 - Factory initialization complete
2025-12-10 17:24:24.930 | INFO     | __main__:create_application:171 - 📁 Mounted static files from /home/snickers/Documents/git-repos/hri-social-learner-manipulator/conversational_engine/static
2025-12-10 17:24:24.930 | INFO     | __main__:create_application:182 - 📄 Pre-loaded voice_client.html (43960 bytes)
🔥 BALAM PLATFORM STARTING - LOGS SHOULD APPEAR BELOW
[32m17:24:24.937[0m | [1mINFO    [0m | [36m__main__[0m:[36mmain[0m | [1m✅ LOGGING IS WORKING - You should see this message![0m
🔍 DEBUG: If you see this print but not the logger message above, there's a logging issue
[32m17:24:24.942[0m | [1mINFO    [0m | [36m__main__[0m:[36mcreate_application[0m | [1m📁 Mounted static files from /home/snickers/Documents/git-repos/hri-social-learner-manipulator/conversational_engine/static[0m
[32m17:24:24.942[0m | [1mINFO    [0m | [36m__main__[0m:[36mcreate_application[0m | [1m📄 Pre-loaded voice_client.html (43960 bytes)[0m
[32m17:24:24.943[0m | [1mINFO    [0m | [36m__main__[0m:[36mmain[0m | [1m🚀 Starting VoiceOrch Platform[0m
[32m17:24:24.944[0m | [1mINFO    [0m | [36m__main__[0m:[36mmain[0m | [1mDebug mode: False[0m
[32m17:24:24.944[0m | [1mINFO    [0m | [36m__main__[0m:[36mmain[0m | [1mWebSocket port: 8000[0m
[32m17:24:24.944[0m | [1mINFO    [0m | [36m__main__[0m:[36mmain[0m | [1mLLM provider: google[0m
[32m17:24:24.944[0m | [1mINFO    [0m | [36m__main__[0m:[36mmain[0m | [1mLLM model: gemini-2.5-flash-lite[0m
[32m17:24:24.944[0m | [1mINFO    [0m | [36m__main__[0m:[36mmain[0m | [1m🌐 Starting uvicorn server...[0m
🌐 Server starting on http://0.0.0.0:8000
🔗 WebSocket endpoint: ws://localhost:8000/ws/{session_id}
🎤 Voice Client: http://localhost:8000/client
[32m17:24:24.959[0m | [1mINFO    [0m | [36msrc.main[0m:[36mcreate_application[0m | [1m📁 Mounted static files from /home/snickers/Documents/git-repos/hri-social-learner-manipulator/conversational_engine/static[0m
[32m17:24:24.959[0m | [1mINFO    [0m | [36msrc.main[0m:[36mcreate_application[0m | [1m📄 Pre-loaded voice_client.html (43960 bytes)[0m
INFO:     Started server process [29473]
INFO:     Waiting for application startup.
[32m17:24:24.961[0m | [1mINFO    [0m | [36msrc.main[0m:[36mlifespan[0m | [1m🔄 FastAPI lifespan startup...[0m
[32m17:24:24.963[0m | [1mINFO    [0m | [36msrc.main[0m:[36minitialize[0m | [1m🚀 Initializing VoiceOrch Platform...[0m
[32m17:24:24.963[0m | [1mINFO    [0m | [36msrc.main[0m:[36minitialize[0m | [1m📱 Initializing SingleUtteranceEngine...[0m
[32m17:24:24.963[0m | [1mINFO    [0m | [36msrc.conversation.state_machine[0m:[36m__init__[0m | [1mState machine initialized[0m
[32m17:24:24.963[0m | [1mINFO    [0m | [36msrc.conversation.base_engine[0m:[36m__init__[0m | [1mSingleUtteranceEngine created[0m
[32m17:24:24.964[0m | [1mINFO    [0m | [36msrc.conversation.single_utterance_engine[0m:[36m__init__[0m | [1mSingleUtteranceEngine created[0m
[32m17:24:24.964[0m | [1mINFO    [0m | [36msrc.conversation.single_utterance_engine[0m:[36minitialize[0m | [1mInitializing SingleUtteranceEngine...[0m
[32m17:24:24.964[0m | [1mINFO    [0m | [36msrc.conversation.base_engine[0m:[36m_initialize_common_components[0m | [1mInitializing SingleUtteranceEngine...[0m
[32m17:24:24.964[0m | [1mINFO    [0m | [36msrc.mcp.discovery[0m:[36m__init__[0m | [1mMCPDiscoveryManager initialized[0m
[32m17:24:24.964[0m | [1mINFO    [0m | [36msrc.mcp.discovery[0m:[36minitialize[0m | [1mMCP discovery and health monitoring started[0m
[32m17:24:24.964[0m | [1mINFO    [0m | [36msrc.mcp.discovery[0m:[36mdiscover_mcps[0m | [1mStarting MCP server discovery...[0m
[32m17:24:24.964[0m | [1mINFO    [0m | [36msrc.mcp.config_loader[0m:[36mload_mcp_config[0m | [1mLoaded MCP server config: moveit (stdio)[0m
[32m17:24:24.964[0m | [1mINFO    [0m | [36msrc.mcp.config_loader[0m:[36mload_mcp_config[0m | [1mSuccessfully loaded 1 MCP server configurations from /home/snickers/Documents/git-repos/hri-social-learner-manipulator/conversational_engine/mcp-config.json[0m
[32m17:24:24.964[0m | [1mINFO    [0m | [36msrc.mcp.discovery[0m:[36mdiscover_mcps[0m | [1mConfig file discovery found 1 servers[0m
[32m17:24:24.964[0m | [1mINFO    [0m | [36msrc.mcp.stdio_client[0m:[36mconnect[0m | [1mSpawning MCP server: python3 /home/snickers/Documents/git-repos/hri-social-learner-manipulator/mcp_servers/moveit_mcp_server.py[0m
[32m17:24:24.965[0m | [1mINFO    [0m | [36msrc.mcp.discovery[0m:[36mdiscover_mcps[0m | [1mStarting MCP server discovery...[0m
[32m17:24:24.965[0m | [1mINFO    [0m | [36msrc.mcp.config_loader[0m:[36mload_mcp_config[0m | [1mLoaded MCP server config: moveit (stdio)[0m
[32m17:24:24.965[0m | [1mINFO    [0m | [36msrc.mcp.config_loader[0m:[36mload_mcp_config[0m | [1mSuccessfully loaded 1 MCP server configurations from /home/snickers/Documents/git-repos/hri-social-learner-manipulator/conversational_engine/mcp-config.json[0m
[32m17:24:24.965[0m | [1mINFO    [0m | [36msrc.mcp.discovery[0m:[36mdiscover_mcps[0m | [1mConfig file discovery found 1 servers[0m
[32m17:24:24.965[0m | [1mINFO    [0m | [36msrc.mcp.stdio_client[0m:[36mconnect[0m | [1mSpawning MCP server: python3 /home/snickers/Documents/git-repos/hri-social-learner-manipulator/mcp_servers/moveit_mcp_server.py[0m
[32m17:24:27.079[0m | [1mINFO    [0m | [36msrc.config.logging[0m:[36mlog_mcp_event[0m | [1mMCP event: stdio_connected[0m
[32m17:24:27.079[0m | [1mINFO    [0m | [36msrc.mcp.stdio_client[0m:[36mconnect[0m | [1mConnected to stdio MCP server: moveit[0m
[32m17:24:27.079[0m | [1mINFO    [0m | [36msrc.mcp.client_factory[0m:[36m_create_stdio_client[0m | [1mCreated stdio MCP client for: moveit[0m
[32m17:24:27.084[0m | [1mINFO    [0m | [36msrc.config.logging[0m:[36mlog_mcp_event[0m | [1mMCP event: capabilities_retrieved[0m
[32m17:24:27.084[0m | [1mINFO    [0m | [36msrc.config.logging[0m:[36mlog_mcp_event[0m | [1mMCP event: server_registered[0m
[32m17:24:27.084[0m | [1mINFO    [0m | [36msrc.mcp.discovery[0m:[36m_register_mcp_server_from_config[0m | [1mRegistered MCP server: moveit (stdio) with 11 tools[0m
[32m17:24:27.084[0m | [1mINFO    [0m | [36msrc.mcp.discovery[0m:[36mdiscover_mcps[0m | [1mMCP discovery completed. Active servers: 1[0m
[32m17:24:27.097[0m | [1mINFO    [0m | [36msrc.config.logging[0m:[36mlog_mcp_event[0m | [1mMCP event: stdio_connected[0m
[32m17:24:27.097[0m | [1mINFO    [0m | [36msrc.mcp.stdio_client[0m:[36mconnect[0m | [1mConnected to stdio MCP server: moveit[0m
[32m17:24:27.097[0m | [1mINFO    [0m | [36msrc.mcp.client_factory[0m:[36m_create_stdio_client[0m | [1mCreated stdio MCP client for: moveit[0m
[32m17:24:27.100[0m | [1mINFO    [0m | [36msrc.config.logging[0m:[36mlog_mcp_event[0m | [1mMCP event: capabilities_retrieved[0m
[32m17:24:27.100[0m | [1mINFO    [0m | [36msrc.config.logging[0m:[36mlog_mcp_event[0m | [1mMCP event: server_registered[0m
[32m17:24:27.100[0m | [1mINFO    [0m | [36msrc.mcp.discovery[0m:[36m_register_mcp_server_from_config[0m | [1mRegistered MCP server: moveit (stdio) with 11 tools[0m
[32m17:24:27.100[0m | [1mINFO    [0m | [36msrc.mcp.discovery[0m:[36mdiscover_mcps[0m | [1mMCP discovery completed. Active servers: 1[0m
[32m17:24:27.100[0m | [1mINFO    [0m | [36msrc.conversation.base_engine[0m:[36m_initialize_common_components[0m | [1mMCP discovery completed successfully[0m
DATABASE_DEBUG: SQLite database path is /home/snickers/Documents/git-repos/hri-social-learner-manipulator/conversational_engine/sessions.db
[32m17:24:27.101[0m | [1mINFO    [0m | [36msrc.session.storage[0m:[36minitialize[0m | [1mSQLite session storage initialized[0m
[32m17:24:27.101[0m | [1mINFO    [0m | [36msrc.session.manager[0m:[36minitialize[0m | [1mSessionManager initialized successfully[0m
[32m17:24:27.101[0m | [1mINFO    [0m | [36msrc.conversation.base_engine[0m:[36m_initialize_common_components[0m | [1m🎉 SingleUtteranceEngine shared components initialized[0m
[32m17:24:27.101[0m | [1mINFO    [0m | [36msrc.conversation.base_engine[0m:[36m_initialize_common_components[0m | [1m🔍 Verifying SingleUtteranceEngine components:[0m
[32m17:24:27.101[0m | [1mINFO    [0m | [36msrc.conversation.base_engine[0m:[36m_initialize_common_components[0m | [1m   - mcp_manager: ✅ SET[0m
[32m17:24:27.101[0m | [1mINFO    [0m | [36msrc.conversation.base_engine[0m:[36m_initialize_common_components[0m | [1m   - session_manager: ✅ SET[0m
[32m17:24:27.101[0m | [1mINFO    [0m | [36msrc.audio.single_utterance_processor[0m:[36m__init__[0m | [1mSingleUtteranceAudioProcessor created[0m
[32m17:24:27.101[0m | [1mINFO    [0m | [36msrc.audio.single_utterance_processor[0m:[36minitialize[0m | [1mInitializing SingleUtteranceAudioProcessor...[0m
[32m17:24:27.456[0m | [1mINFO    [0m | [36msrc.audio.stt[0m:[36m_create_recognizer_if_not_exists[0m | [1mUsing existing STT V2 Recognizer: balam-recognizer-en-us[0m
[32m17:24:27.687[0m | [1mINFO    [0m | [36msrc.audio.stt[0m:[36minitialize[0m | [1mGoogle STT V2 client initialized successfully with service account credentials[0m
[32m17:24:27.941[0m | [1mINFO    [0m | [36msrc.audio.tts[0m:[36minitialize[0m | [1mGoogle TTS client initialized successfully with service account credentials[0m
[32m17:24:27.941[0m | [1mINFO    [0m | [36msrc.audio.single_utterance_processor[0m:[36minitialize[0m | [1m🎉 SingleUtteranceAudioProcessor initialized successfully[0m
[32m17:24:27.942[0m | [1mINFO    [0m | [36msrc.conversation.single_utterance_engine[0m:[36minitialize[0m | [1m🎉 SingleUtteranceEngine initialized successfully[0m
[32m17:24:27.942[0m | [1mINFO    [0m | [36msrc.conversation.single_utterance_engine[0m:[36minitialize[0m | [1m🔍 Verifying SingleUtteranceEngine components:[0m
[32m17:24:27.942[0m | [1mINFO    [0m | [36msrc.conversation.single_utterance_engine[0m:[36minitialize[0m | [1m   - mcp_manager: ✅ SET[0m
[32m17:24:27.942[0m | [1mINFO    [0m | [36msrc.conversation.single_utterance_engine[0m:[36minitialize[0m | [1m   - audio_processor: ✅ SET[0m
[32m17:24:27.942[0m | [1mINFO    [0m | [36msrc.conversation.single_utterance_engine[0m:[36minitialize[0m | [1m   - graph_runner: ✅ SET[0m
[32m17:24:27.942[0m | [1mINFO    [0m | [36msrc.conversation.single_utterance_engine[0m:[36minitialize[0m | [1m   - session_manager: ✅ SET[0m
[32m17:24:27.942[0m | [1mINFO    [0m | [36msrc.conversation.single_utterance_engine[0m:[36minitialize[0m | [1m🔍 AudioProcessor details:[0m
[32m17:24:27.942[0m | [1mINFO    [0m | [36msrc.conversation.single_utterance_engine[0m:[36minitialize[0m | [1m   - _initialized: True[0m
[32m17:24:27.942[0m | [1mINFO    [0m | [36msrc.conversation.single_utterance_engine[0m:[36minitialize[0m | [1m   - tts_client: ✅ SET[0m
[32m17:24:27.942[0m | [1mINFO    [0m | [36msrc.conversation.single_utterance_engine[0m:[36minitialize[0m | [1m   - stt_client: ✅ SET[0m
[32m17:24:27.942[0m | [1mINFO    [0m | [36msrc.main[0m:[36minitialize[0m | [1m✅ SingleUtteranceEngine initialized successfully[0m
[32m17:24:27.942[0m | [1mINFO    [0m | [36msrc.main[0m:[36minitialize[0m | [1m🔌 Initializing ConversationWebSocketHandler...[0m
[32m17:24:27.942[0m | [1mINFO    [0m | [36msrc.api.websocket[0m:[36m__init__[0m | [1mConversationWebSocketHandler initialized[0m
[32m17:24:27.942[0m | [1mINFO    [0m | [36msrc.main[0m:[36minitialize[0m | [1m✅ ConversationWebSocketHandler initialized successfully[0m
[32m17:24:27.942[0m | [1mINFO    [0m | [36msrc.main[0m:[36minitialize[0m | [1m🎉 VoiceOrch Platform initialized successfully[0m
[32m17:24:27.942[0m | [1mINFO    [0m | [36msrc.main[0m:[36mlifespan[0m | [1m💾 Storing components in app.state...[0m
[32m17:24:27.942[0m | [1mINFO    [0m | [36msrc.main[0m:[36mlifespan[0m | [1m🔍 Verifying app.state contents...[0m
[32m17:24:27.942[0m | [1mINFO    [0m | [36msrc.main[0m:[36mlifespan[0m | [1m   - conversation_engine: ✅ SET[0m
[32m17:24:27.942[0m | [1mINFO    [0m | [36msrc.main[0m:[36mlifespan[0m | [1m   - websocket_handler: ✅ SET[0m
[32m17:24:27.942[0m | [1mINFO    [0m | [36msrc.main[0m:[36mlifespan[0m | [1m✅ FastAPI lifespan startup completed successfully[0m
INFO:     Application startup complete.
INFO:     Uvicorn running on http://0.0.0.0:8000 (Press CTRL+C to quit)
INFO:     127.0.0.1:35256 - "GET /client HTTP/1.1" 200 OK
[32m17:24:29.756[0m | [1mINFO    [0m | [36msrc.api.websocket[0m:[36mwebsocket_endpoint[0m | [1m🔌 WebSocket connection request received - Session: fbb29c66-31ff-4dea-9986-4437dbb1eb68, Client: 127.0.0.1, URL: ws://localhost:8000/ws/fbb29c66-31ff-4dea-9986-4437dbb1eb68[0m
[32m17:24:29.756[0m | [1mINFO    [0m | [36msrc.api.websocket[0m:[36mwebsocket_endpoint[0m | [1m🔍 Checking app.state contents...[0m
[32m17:24:29.757[0m | [1mINFO    [0m | [36msrc.api.websocket[0m:[36mwebsocket_endpoint[0m | [1m   - app.state attributes: [][0m
[32m17:24:29.757[0m | [1mINFO    [0m | [36msrc.api.websocket[0m:[36mwebsocket_endpoint[0m | [1m🔍 Handler lookup results:[0m
[32m17:24:29.757[0m | [1mINFO    [0m | [36msrc.api.websocket[0m:[36mwebsocket_endpoint[0m | [1m   - websocket_handler: ✅ FOUND[0m
[32m17:24:29.757[0m | [1mINFO    [0m | [36msrc.api.websocket[0m:[36mwebsocket_endpoint[0m | [1m   - conversation_engine: ✅ FOUND[0m
[32m17:24:29.757[0m | [1mINFO    [0m | [36msrc.api.websocket[0m:[36mwebsocket_endpoint[0m | [1m✅ WebSocket handler found, proceeding with connection for session fbb29c66-31ff-4dea-9986-4437dbb1eb68[0m
[32m17:24:29.757[0m | [1mINFO    [0m | [36msrc.api.websocket[0m:[36mhandle_connection[0m | [1m🤝 Attempting to accept WebSocket connection for session fbb29c66-31ff-4dea-9986-4437dbb1eb68[0m
INFO:     127.0.0.1:35280 - "WebSocket /ws/fbb29c66-31ff-4dea-9986-4437dbb1eb68" [accepted]
[32m17:24:29.757[0m | [1mINFO    [0m | [36msrc.api.websocket[0m:[36mhandle_connection[0m | [1m✅ WebSocket connection accepted for session fbb29c66-31ff-4dea-9986-4437dbb1eb68[0m
[32m17:24:29.758[0m | [1mINFO    [0m | [36msrc.api.websocket[0m:[36mhandle_connection[0m | [1m📝 Connection stored in active_connections for session fbb29c66-31ff-4dea-9986-4437dbb1eb68[0m
[32m17:24:29.758[0m | [1mINFO    [0m | [36msrc.api.websocket[0m:[36mhandle_connection[0m | [1m🌐 WebSocket connection established successfully - Session: fbb29c66-31ff-4dea-9986-4437dbb1eb68, Client: 127.0.0.1, Total connections: 1[0m
[32m17:24:29.758[0m | [1mINFO    [0m | [36msrc.api.websocket[0m:[36mhandle_connection[0m | [1m📤 Sending initial state update for session fbb29c66-31ff-4dea-9986-4437dbb1eb68[0m
INFO:     connection open
[32m17:24:29.759[0m | [1mINFO    [0m | [36msrc.api.websocket[0m:[36mhandle_connection[0m | [1m✅ Initial state update sent successfully for session fbb29c66-31ff-4dea-9986-4437dbb1eb68[0m
[32m17:24:29.760[0m | [1mINFO    [0m | [36msrc.api.websocket[0m:[36mhandle_connection[0m | [1m👂 Starting message listener loop for session fbb29c66-31ff-4dea-9986-4437dbb1eb68[0m
INFO:     127.0.0.1:35256 - "GET /.well-known/appspecific/com.chrome.devtools.json HTTP/1.1" 404 Not Found
INFO:     127.0.0.1:35292 - "GET /health HTTP/1.1" 200 OK
[0;32m[OK][0m Conversational engine started and healthy (PID: 29473)

[0;34m>>> System Status[0m


[0;32mAll components started successfully![0m

Running processes:
  [0;32m[RUNNING][0m PID 29180
  [0;32m[RUNNING][0m PID 29473

[0;36m━━━━━━━━━━━━━━━━━━━━━━━━━━━━━━━━━━━━━━━━━━━━━━━━━━━━━━━━━━━━━━━━━━━━━━━━━━━━━━[0m

  [0;32mVoice Client:[0m  http://localhost:8000/client
  [0;32mAPI Endpoint:[0m  http://localhost:8000/api/v1/converse
  [0;32mWebSocket:[0m     ws://localhost:8000/ws/{session_id}
  [0;32mHealth Check:[0m  http://localhost:8000/health


INFO:     127.0.0.1:35294 - "GET /client HTTP/1.1" 200 OK
  [0;32m[VERIFIED][0m /client endpoint responding

[0;36m━━━━━━━━━━━━━━━━━━━━━━━━━━━━━━━━━━━━━━━━━━━━━━━━━━━━━━━━━━━━━━━━━━━━━━━━━━━━━━[0m

[1;33mPress Ctrl+C to stop all components[0m

[32m17:24:33.258[0m | [1mINFO    [0m | [36msrc.api.websocket[0m:[36m_handle_message[0m | [1m🎯 Processing WebSocket message[0m
[32m17:24:33.258[0m | [1mINFO    [0m | [36msrc.api.websocket[0m:[36m_handle_message[0m | [1m🎬 Handling start_conversation for session fbb29c66-31ff-4dea-9986-4437dbb1eb68[0m
[32m17:24:33.258[0m | [1mINFO    [0m | [36msrc.api.websocket[0m:[36m_handle_start_conversation[0m | [1mStarting conversation for session fbb29c66-31ff-4dea-9986-4437dbb1eb68[0m
[32m17:24:33.259[0m | [1mINFO    [0m | [36msrc.api.websocket[0m:[36m_handle_message[0m | [1m✅ start_conversation handled successfully for session fbb29c66-31ff-4dea-9986-4437dbb1eb68[0m
[32m17:24:33.259[0m | [1mINFO    [0m | [36msrc.api.websocket[0m:[36m_process_streaming_turn[0m | [1mStarting streaming turn for session fbb29c66-31ff-4dea-9986-4437dbb1eb68[0m
[32m17:24:33.259[0m | [1mINFO    [0m | [36msrc.config.logging[0m:[36mlog_conversation_event[0m | [1mConversation event: turn_start[0m
[32m17:24:33.261[0m | [1mINFO    [0m | [36msrc.session.manager[0m:[36mget_or_create_session[0m | [1mNew session created[0m
[32m17:24:33.261[0m | [1mINFO    [0m | [36msrc.conversation.state_machine[0m:[36mtransition_to[0m | [1mState transition completed[0m
[32m17:24:33.262[0m | [1mINFO    [0m | [36msrc.config.logging[0m:[36mlog_audio_event[0m | [1mAudio event: streaming_transcription_start[0m
[32m17:24:33.262[0m | [1mINFO    [0m | [36msrc.audio.single_utterance_processor[0m:[36mtranscribe_stream[0m | [1mStarting real-time stream transcription with V2 Recognizer...[0m
[32m17:24:33.262[0m | [1mINFO    [0m | [36msrc.config.logging[0m:[36mlog_audio_event[0m | [1mAudio event: stt_streaming_start[0m
[32m17:24:39.131[0m | [1mINFO    [0m | [36msrc.config.logging[0m:[36mlog_audio_event[0m | [1mAudio event: stt_streaming_event[0m
[32m17:24:39.160[0m | [1mINFO    [0m | [36msrc.audio.single_utterance_processor[0m:[36mtranscribe_stream[0m | [1mFinal transcript received from stream[0m
[32m17:24:39.160[0m | [1mINFO    [0m | [36msrc.config.logging[0m:[36mlog_audio_event[0m | [1mAudio event: streaming_transcription_success[0m
[32m17:24:39.160[0m | [1mINFO    [0m | [36msrc.api.websocket[0m:[36mon_transcript[0m | [1mSent early transcript: Move left....[0m
[32m17:24:39.160[0m | [1mINFO    [0m | [36msrc.conversation.state_machine[0m:[36mtransition_to[0m | [1mState transition completed[0m
[32m17:24:39.161[0m | [1mINFO    [0m | [36msrc.conversation.single_utterance_engine[0m:[36mprocess_conversation_turn[0m | [1mSpeech transcribed via stream[0m
[32m17:24:40.290[0m | [1mINFO    [0m | [36msrc.conversation.graph.runner[0m:[36mrun_turn[0m | [1m[DIAG] Planner tool decision: tool_name=move, tool_args={'direction': 'left', 'distance': 0.2}[0m
[32m17:24:40.290[0m | [1mINFO    [0m | [36msrc.audio.single_utterance_processor[0m:[36msynthesize[0m | [1mSynthesizing single utterance response[0m
[32m17:24:40.290[0m | [1mINFO    [0m | [36msrc.config.logging[0m:[36mlog_audio_event[0m | [1mAudio event: tts_request[0m
[32m17:24:40.485[0m | [1mINFO    [0m | [36msrc.config.logging[0m:[36mlog_audio_event[0m | [1mAudio event: tts_success[0m
[32m17:24:40.485[0m | [1mINFO    [0m | [36msrc.config.logging[0m:[36mlog_audio_event[0m | [1mAudio event: single_utterance_synthesis[0m
[32m17:24:40.485[0m | [1mINFO    [0m | [36msrc.audio.single_utterance_processor[0m:[36msynthesize[0m | [1mSingle utterance synthesis completed[0m
[32m17:24:40.488[0m | [1mINFO    [0m | [36msrc.api.websocket[0m:[36mon_acknowledgment[0m | [1mSent acknowledgment for session fbb29c66-31ff-4dea-9986-4437dbb1eb68: Ok, moving left.[0m
[32m17:24:40.488[0m | [1mINFO    [0m | [36msrc.conversation.graph.runner[0m:[36mrun_turn[0m | [1mAcknowledgment sent before tool execution[0m
[32m17:24:40.488[0m | [1mINFO    [0m | [36msrc.conversation.graph.executor[0m:[36mexecute[0m | [1mInvoking MCP tool[0m
[32m17:24:40.488[0m | [1mINFO    [0m | [36msrc.conversation.graph.executor[0m:[36mexecute[0m | [1m[DIAG] Calling MCP tool: tool=move, args={'direction': 'left', 'distance': 0.2, 'angle': 15.0}[0m
[32m17:24:40.492[0m | [1mINFO    [0m | [36msrc.mcp.stdio_client[0m:[36m_stderr_loop[0m | [1m[moveit stderr] [DIAG] MCP call_tool: name=move, args={'direction': 'left', 'distance': 0.2, 'angle': 15.0}[0m
INFO:     127.0.0.1:35268 - "GET /favicon.ico HTTP/1.1" 404 Not Found
[move_group-9] [INFO] [1765405480.506584427] [moveit_move_group_default_capabilities.plan_service_capability]: Received new planning service request...
[move_group-9] [INFO] [1765405480.507586500] [moveit.ompl_planning.model_based_planning_context]: Planner configuration 'arm' will use planner 'geometric::RRTConnect'. Additional configuration parameters will be set when the planner is constructed.
[move_group-9] [WARN] [1765405480.532271348] [moveit_trajectory_processing.time_optimal_trajectory_generation]: Joint acceleration limits are not defined. Using the default 1 rad/s^2. You can define acceleration limits in the URDF or joint_limits.yaml.
[move_group-9] [INFO] [1765405480.538937331] [moveit_move_group_default_capabilities.execute_trajectory_action_capability]: Received goal request
[move_group-9] [INFO] [1765405480.539037167] [moveit_move_group_default_capabilities.execute_trajectory_action_capability]: Execution request received
[move_group-9] [INFO] [1765405480.539059303] [moveit.plugins.moveit_simple_controller_manager]: Returned 2 controllers in list
[move_group-9] [INFO] [1765405480.539070331] [moveit.plugins.moveit_simple_controller_manager]: Returned 2 controllers in list
[move_group-9] [INFO] [1765405480.539123902] [moveit_ros.trajectory_execution_manager]: Validating trajectory with allowed_start_tolerance 0.01
[move_group-9] [INFO] [1765405480.539393932] [moveit_ros.trajectory_execution_manager]: Starting trajectory execution ...
[move_group-9] [INFO] [1765405480.539417887] [moveit.plugins.moveit_simple_controller_manager]: Returned 2 controllers in list
[move_group-9] [INFO] [1765405480.539428662] [moveit.plugins.moveit_simple_controller_manager]: Returned 2 controllers in list
[move_group-9] [INFO] [1765405480.539517137] [moveit.simple_controller_manager.follow_joint_trajectory_controller_handle]: sending trajectory to joint_trajectory_controller
[ros2_control_node-1] [INFO] [1765405480.539763308] [joint_trajectory_controller]: Received new action goal
[ros2_control_node-1] [INFO] [1765405480.539804481] [joint_trajectory_controller]: Accepted new action goal
[move_group-9] [INFO] [1765405480.539924162] [moveit.simple_controller_manager.follow_joint_trajectory_controller_handle]: joint_trajectory_controller started execution
[move_group-9] [INFO] [1765405480.539951003] [moveit.simple_controller_manager.follow_joint_trajectory_controller_handle]: Goal request accepted!
[ros2_control_node-1] [INFO] [1765405486.497350574] [joint_trajectory_controller]: Goal reached, success!
[move_group-9] [INFO] [1765405486.540167134] [moveit.simple_controller_manager.follow_joint_trajectory_controller_handle]: Controller 'joint_trajectory_controller' successfully finished
[move_group-9] [INFO] [1765405486.542402962] [moveit_ros.trajectory_execution_manager]: Completed trajectory execution with status SUCCEEDED ...
[move_group-9] [INFO] [1765405486.542479519] [moveit_move_group_default_capabilities.execute_trajectory_action_capability]: Execution completed: SUCCEEDED
[32m17:24:46.546[0m | [1mINFO    [0m | [36msrc.config.logging[0m:[36mlog_mcp_event[0m | [1mMCP event: tool_invoked[0m
[32m17:24:46.546[0m | [1mINFO    [0m | [36msrc.conversation.graph.executor[0m:[36mexecute[0m | [1m[DIAG] MCP response: tool=move, result={'content': [{'type': 'text', 'text': '{\n  "success": true,\n  "message": "Moved to pose (0.160, 0.003, 0.505)",\n  "start_pose": {\n    "x": 0.1597,\n    "y": 0.2029,\n    "z": 0.5051\n  },\n  "end_pose": {\n    "x": 0.1602,\n    "y": 0.0032,\n    "z": 0.5047\n  },\n  "duration_ms": 6050.97,\n  "d[0m
[32m17:24:46.546[0m | [1mINFO    [0m | [36msrc.conversation.graph.runner[0m:[36mrun_turn[0m | [1mVerification required after tool execution[0m
[32m17:24:46.546[0m | [1mINFO    [0m | [36msrc.audio.single_utterance_processor[0m:[36msynthesize[0m | [1mSynthesizing single utterance response[0m
[32m17:24:46.546[0m | [1mINFO    [0m | [36msrc.config.logging[0m:[36mlog_audio_event[0m | [1mAudio event: tts_request[0m
[32m17:24:46.842[0m | [1mINFO    [0m | [36msrc.config.logging[0m:[36mlog_audio_event[0m | [1mAudio event: tts_success[0m
[32m17:24:46.842[0m | [1mINFO    [0m | [36msrc.config.logging[0m:[36mlog_audio_event[0m | [1mAudio event: single_utterance_synthesis[0m
[32m17:24:46.843[0m | [1mINFO    [0m | [36msrc.audio.single_utterance_processor[0m:[36msynthesize[0m | [1mSingle utterance synthesis completed[0m
[32m17:24:46.843[0m | [1mINFO    [0m | [36msrc.conversation.graph.responder[0m:[36mrespond[0m | [1mResponder prepared final output[0m
[32m17:24:46.843[0m | [1mINFO    [0m | [36msrc.conversation.state_machine[0m:[36mtransition_to[0m | [1mState transition completed[0m
[32m17:24:46.861[0m | [1mINFO    [0m | [36msrc.conversation.models[0m:[36mlog_snapshot[0m | [1mTurn metrics updated[0m
[32m17:24:46.862[0m | [1mINFO    [0m | [36msrc.config.logging[0m:[36mlog_conversation_event[0m | [1mConversation event: turn_complete[0m
[32m17:24:46.862[0m | [1mINFO    [0m | [36msrc.conversation.state_machine[0m:[36mtransition_to[0m | [1mState transition completed[0m
[32m17:24:46.869[0m | [1mINFO    [0m | [36msrc.api.websocket[0m:[36m_send_conversation_result[0m | [1mConversation turn completed for session fbb29c66-31ff-4dea-9986-4437dbb1eb68[0m
[32m17:24:46.869[0m | [1mINFO    [0m | [36msrc.api.websocket[0m:[36m_process_streaming_turn[0m | [1mStarting streaming turn for session fbb29c66-31ff-4dea-9986-4437dbb1eb68[0m
[32m17:24:46.869[0m | [1mINFO    [0m | [36msrc.config.logging[0m:[36mlog_conversation_event[0m | [1mConversation event: turn_start[0m
[32m17:24:46.870[0m | [1mINFO    [0m | [36msrc.conversation.state_machine[0m:[36mtransition_to[0m | [1mState transition completed[0m
[32m17:24:46.870[0m | [1mINFO    [0m | [36msrc.config.logging[0m:[36mlog_audio_event[0m | [1mAudio event: streaming_transcription_start[0m
[32m17:24:46.870[0m | [1mINFO    [0m | [36msrc.audio.single_utterance_processor[0m:[36mtranscribe_stream[0m | [1mStarting real-time stream transcription with V2 Recognizer...[0m
[32m17:24:46.870[0m | [1mINFO    [0m | [36msrc.config.logging[0m:[36mlog_audio_event[0m | [1mAudio event: stt_streaming_start[0m
[32m17:24:53.910[0m | [1mINFO    [0m | [36msrc.config.logging[0m:[36mlog_audio_event[0m | [1mAudio event: stt_streaming_event[0m
[32m17:24:53.930[0m | [1mINFO    [0m | [36msrc.audio.single_utterance_processor[0m:[36mtranscribe_stream[0m | [1mFinal transcript received from stream[0m
[32m17:24:53.930[0m | [1mINFO    [0m | [36msrc.config.logging[0m:[36mlog_audio_event[0m | [1mAudio event: streaming_transcription_success[0m
[32m17:24:53.931[0m | [1mINFO    [0m | [36msrc.api.websocket[0m:[36mon_transcript[0m | [1mSent early transcript: Move further left....[0m
[32m17:24:53.931[0m | [1mINFO    [0m | [36msrc.conversation.state_machine[0m:[36mtransition_to[0m | [1mState transition completed[0m
[32m17:24:53.931[0m | [1mINFO    [0m | [36msrc.conversation.single_utterance_engine[0m:[36mprocess_conversation_turn[0m | [1mSpeech transcribed via stream[0m
[32m17:24:53.932[0m | [1mINFO    [0m | [36msrc.conversation.graph.runner[0m:[36mrun_turn[0m | [1mVerification pending - passing to planner for LLM classification[0m
[32m17:24:55.082[0m | [1mINFO    [0m | [36msrc.conversation.graph.runner[0m:[36mrun_turn[0m | [1mPhase 11: Processing verification response via LLM[0m
[32m17:24:55.083[0m | [1mINFO    [0m | [36msrc.conversation.graph.runner[0m:[36mrun_turn[0m | [1mNew instruction during verification, proceeding with tool[0m
[32m17:24:55.083[0m | [1mINFO    [0m | [36msrc.conversation.graph.runner[0m:[36mrun_turn[0m | [1m[DIAG] Planner tool decision: tool_name=move, tool_args={'direction': 'left', 'distance': 0.2}[0m
[32m17:24:55.083[0m | [1mINFO    [0m | [36msrc.audio.single_utterance_processor[0m:[36msynthesize[0m | [1mSynthesizing single utterance response[0m
[32m17:24:55.083[0m | [1mINFO    [0m | [36msrc.config.logging[0m:[36mlog_audio_event[0m | [1mAudio event: tts_request[0m
[32m17:24:55.252[0m | [1mINFO    [0m | [36msrc.config.logging[0m:[36mlog_audio_event[0m | [1mAudio event: tts_success[0m
[32m17:24:55.253[0m | [1mINFO    [0m | [36msrc.config.logging[0m:[36mlog_audio_event[0m | [1mAudio event: single_utterance_synthesis[0m
[32m17:24:55.253[0m | [1mINFO    [0m | [36msrc.audio.single_utterance_processor[0m:[36msynthesize[0m | [1mSingle utterance synthesis completed[0m
[32m17:24:55.260[0m | [1mINFO    [0m | [36msrc.api.websocket[0m:[36mon_acknowledgment[0m | [1mSent acknowledgment for session fbb29c66-31ff-4dea-9986-4437dbb1eb68: Ok, moving left.[0m
[32m17:24:55.260[0m | [1mINFO    [0m | [36msrc.conversation.graph.runner[0m:[36mrun_turn[0m | [1mAcknowledgment sent before tool execution[0m
[32m17:24:55.260[0m | [1mINFO    [0m | [36msrc.conversation.graph.executor[0m:[36mexecute[0m | [1mInvoking MCP tool[0m
[32m17:24:55.260[0m | [1mINFO    [0m | [36msrc.conversation.graph.executor[0m:[36mexecute[0m | [1m[DIAG] Calling MCP tool: tool=move, args={'direction': 'left', 'distance': 0.2, 'angle': 15.0}[0m
[32m17:24:55.265[0m | [1mINFO    [0m | [36msrc.mcp.stdio_client[0m:[36m_stderr_loop[0m | [1m[moveit stderr] [DIAG] MCP call_tool: name=move, args={'direction': 'left', 'distance': 0.2, 'angle': 15.0}[0m
[move_group-9] [INFO] [1765405495.272960877] [moveit_move_group_default_capabilities.plan_service_capability]: Received new planning service request...
[move_group-9] [INFO] [1765405495.273777892] [moveit.ompl_planning.model_based_planning_context]: Planner configuration 'arm' will use planner 'geometric::RRTConnect'. Additional configuration parameters will be set when the planner is constructed.
[move_group-9] [INFO] [1765405495.304356772] [moveit_move_group_default_capabilities.execute_trajectory_action_capability]: Received goal request
[move_group-9] [INFO] [1765405495.304413295] [moveit_move_group_default_capabilities.execute_trajectory_action_capability]: Execution request received
[move_group-9] [INFO] [1765405495.304425676] [moveit.plugins.moveit_simple_controller_manager]: Returned 2 controllers in list
[move_group-9] [INFO] [1765405495.304434004] [moveit.plugins.moveit_simple_controller_manager]: Returned 2 controllers in list
[move_group-9] [INFO] [1765405495.304460047] [moveit_ros.trajectory_execution_manager]: Validating trajectory with allowed_start_tolerance 0.01
[move_group-9] [INFO] [1765405495.305474333] [moveit_ros.trajectory_execution_manager]: Starting trajectory execution ...
[move_group-9] [INFO] [1765405495.305512401] [moveit.plugins.moveit_simple_controller_manager]: Returned 2 controllers in list
[move_group-9] [INFO] [1765405495.305532138] [moveit.plugins.moveit_simple_controller_manager]: Returned 2 controllers in list
[move_group-9] [INFO] [1765405495.305624116] [moveit.simple_controller_manager.follow_joint_trajectory_controller_handle]: sending trajectory to joint_trajectory_controller
[ros2_control_node-1] [INFO] [1765405495.305828158] [joint_trajectory_controller]: Received new action goal
[ros2_control_node-1] [INFO] [1765405495.305856366] [joint_trajectory_controller]: Accepted new action goal
[move_group-9] [INFO] [1765405495.305984911] [moveit.simple_controller_manager.follow_joint_trajectory_controller_handle]: joint_trajectory_controller started execution
[move_group-9] [INFO] [1765405495.305998375] [moveit.simple_controller_manager.follow_joint_trajectory_controller_handle]: Goal request accepted!
[32m17:24:59.768[0m | [1mINFO    [0m | [36msrc.api.websocket[0m:[36m_handle_message[0m | [1m🎯 Processing WebSocket message[0m
[32m17:24:59.768[0m | [1mINFO    [0m | [36msrc.api.websocket[0m:[36m_handle_message[0m | [1m🏓 Handling ping for session fbb29c66-31ff-4dea-9986-4437dbb1eb68[0m
[32m17:24:59.768[0m | [1mINFO    [0m | [36msrc.api.websocket[0m:[36m_handle_message[0m | [1m✅ ping handled successfully for session fbb29c66-31ff-4dea-9986-4437dbb1eb68[0m
[ros2_control_node-1] [INFO] [1765405500.490325126] [joint_trajectory_controller]: Goal reached, success!
[move_group-9] [INFO] [1765405500.506140848] [moveit.simple_controller_manager.follow_joint_trajectory_controller_handle]: Controller 'joint_trajectory_controller' successfully finished
[move_group-9] [INFO] [1765405500.508447858] [moveit_ros.trajectory_execution_manager]: Completed trajectory execution with status SUCCEEDED ...
[move_group-9] [INFO] [1765405500.508558567] [moveit_move_group_default_capabilities.execute_trajectory_action_capability]: Execution completed: SUCCEEDED
[32m17:25:00.513[0m | [1mINFO    [0m | [36msrc.config.logging[0m:[36mlog_mcp_event[0m | [1mMCP event: tool_invoked[0m
[32m17:25:00.513[0m | [1mINFO    [0m | [36msrc.conversation.graph.executor[0m:[36mexecute[0m | [1m[DIAG] MCP response: tool=move, result={'content': [{'type': 'text', 'text': '{\n  "success": true,\n  "message": "Moved to pose (0.160, -0.197, 0.505)",\n  "start_pose": {\n    "x": 0.1602,\n    "y": 0.0032,\n    "z": 0.5047\n  },\n  "end_pose": {\n    "x": 0.1586,\n    "y": -0.1976,\n    "z": 0.504\n  },\n  "duration_ms": 5244.06,\n  "[0m
[32m17:25:00.513[0m | [1mINFO    [0m | [36msrc.conversation.graph.runner[0m:[36mrun_turn[0m | [1mVerification required after tool execution[0m
[32m17:25:00.514[0m | [1mINFO    [0m | [36msrc.audio.single_utterance_processor[0m:[36msynthesize[0m | [1mSynthesizing single utterance response[0m
[32m17:25:00.514[0m | [1mINFO    [0m | [36msrc.config.logging[0m:[36mlog_audio_event[0m | [1mAudio event: tts_request[0m
[32m17:25:00.871[0m | [1mINFO    [0m | [36msrc.config.logging[0m:[36mlog_audio_event[0m | [1mAudio event: tts_success[0m
[32m17:25:00.872[0m | [1mINFO    [0m | [36msrc.config.logging[0m:[36mlog_audio_event[0m | [1mAudio event: single_utterance_synthesis[0m
[32m17:25:00.872[0m | [1mINFO    [0m | [36msrc.audio.single_utterance_processor[0m:[36msynthesize[0m | [1mSingle utterance synthesis completed[0m
[32m17:25:00.872[0m | [1mINFO    [0m | [36msrc.conversation.graph.responder[0m:[36mrespond[0m | [1mResponder prepared final output[0m
[32m17:25:00.872[0m | [1mINFO    [0m | [36msrc.conversation.state_machine[0m:[36mtransition_to[0m | [1mState transition completed[0m
[32m17:25:00.885[0m | [1mINFO    [0m | [36msrc.conversation.models[0m:[36mlog_snapshot[0m | [1mTurn metrics updated[0m
[32m17:25:00.885[0m | [1mINFO    [0m | [36msrc.config.logging[0m:[36mlog_conversation_event[0m | [1mConversation event: turn_complete[0m
[32m17:25:00.885[0m | [1mINFO    [0m | [36msrc.conversation.state_machine[0m:[36mtransition_to[0m | [1mState transition completed[0m
[32m17:25:00.894[0m | [1mINFO    [0m | [36msrc.api.websocket[0m:[36m_send_conversation_result[0m | [1mConversation turn completed for session fbb29c66-31ff-4dea-9986-4437dbb1eb68[0m
[32m17:25:00.895[0m | [1mINFO    [0m | [36msrc.api.websocket[0m:[36m_process_streaming_turn[0m | [1mStarting streaming turn for session fbb29c66-31ff-4dea-9986-4437dbb1eb68[0m
[32m17:25:00.895[0m | [1mINFO    [0m | [36msrc.config.logging[0m:[36mlog_conversation_event[0m | [1mConversation event: turn_start[0m
[32m17:25:00.895[0m | [1mINFO    [0m | [36msrc.conversation.state_machine[0m:[36mtransition_to[0m | [1mState transition completed[0m
[32m17:25:00.895[0m | [1mINFO    [0m | [36msrc.config.logging[0m:[36mlog_audio_event[0m | [1mAudio event: streaming_transcription_start[0m
[32m17:25:00.895[0m | [1mINFO    [0m | [36msrc.audio.single_utterance_processor[0m:[36mtranscribe_stream[0m | [1mStarting real-time stream transcription with V2 Recognizer...[0m
[32m17:25:00.895[0m | [1mINFO    [0m | [36msrc.config.logging[0m:[36mlog_audio_event[0m | [1mAudio event: stt_streaming_start[0m
[32m17:25:11.912[0m | [1mINFO    [0m | [36msrc.config.logging[0m:[36mlog_audio_event[0m | [1mAudio event: stt_streaming_event[0m
[32m17:25:11.944[0m | [1mINFO    [0m | [36msrc.config.logging[0m:[36mlog_audio_event[0m | [1mAudio event: streaming_transcription_success[0m
[32m17:25:11.944[0m | [1mINFO    [0m | [36msrc.conversation.single_utterance_engine[0m:[36mprocess_conversation_turn[0m | [1mTurn ended without transcript (cancelled or no speech)[0m
[32m17:25:11.944[0m | [1mINFO    [0m | [36msrc.conversation.state_machine[0m:[36mtransition_to[0m | [1mState transition completed[0m
[32m17:25:11.945[0m | [1mINFO    [0m | [36msrc.api.websocket[0m:[36m_send_conversation_result[0m | [1mConversation turn completed for session fbb29c66-31ff-4dea-9986-4437dbb1eb68[0m
[32m17:25:11.945[0m | [1mINFO    [0m | [36msrc.api.websocket[0m:[36m_process_streaming_turn[0m | [1mStarting streaming turn for session fbb29c66-31ff-4dea-9986-4437dbb1eb68[0m
[32m17:25:11.945[0m | [1mINFO    [0m | [36msrc.config.logging[0m:[36mlog_conversation_event[0m | [1mConversation event: turn_start[0m
[32m17:25:11.945[0m | [1mINFO    [0m | [36msrc.conversation.state_machine[0m:[36mtransition_to[0m | [1mState transition completed[0m
[32m17:25:11.945[0m | [1mINFO    [0m | [36msrc.config.logging[0m:[36mlog_audio_event[0m | [1mAudio event: streaming_transcription_start[0m
[32m17:25:11.945[0m | [1mINFO    [0m | [36msrc.audio.single_utterance_processor[0m:[36mtranscribe_stream[0m | [1mStarting real-time stream transcription with V2 Recognizer...[0m
[32m17:25:11.945[0m | [1mINFO    [0m | [36msrc.config.logging[0m:[36mlog_audio_event[0m | [1mAudio event: stt_streaming_start[0m
[32m17:25:14.334[0m | [1mINFO    [0m | [36msrc.config.logging[0m:[36mlog_audio_event[0m | [1mAudio event: stt_streaming_event[0m
[32m17:25:14.356[0m | [1mINFO    [0m | [36msrc.audio.single_utterance_processor[0m:[36mtranscribe_stream[0m | [1mFinal transcript received from stream[0m
[32m17:25:14.356[0m | [1mINFO    [0m | [36msrc.config.logging[0m:[36mlog_audio_event[0m | [1mAudio event: streaming_transcription_success[0m
[32m17:25:14.357[0m | [1mINFO    [0m | [36msrc.api.websocket[0m:[36mon_transcript[0m | [1mSent early transcript: Move right....[0m
[32m17:25:14.357[0m | [1mINFO    [0m | [36msrc.conversation.state_machine[0m:[36mtransition_to[0m | [1mState transition completed[0m
[32m17:25:14.357[0m | [1mINFO    [0m | [36msrc.conversation.single_utterance_engine[0m:[36mprocess_conversation_turn[0m | [1mSpeech transcribed via stream[0m
[32m17:25:14.357[0m | [1mINFO    [0m | [36msrc.conversation.graph.runner[0m:[36mrun_turn[0m | [1mVerification pending - passing to planner for LLM classification[0m
[32m17:25:16.335[0m | [1mINFO    [0m | [36msrc.conversation.graph.runner[0m:[36mrun_turn[0m | [1mPhase 11: Processing verification response via LLM[0m
[32m17:25:16.335[0m | [1mINFO    [0m | [36msrc.conversation.graph.runner[0m:[36mrun_turn[0m | [1mNew instruction during verification, proceeding with tool[0m
[32m17:25:16.335[0m | [1mINFO    [0m | [36msrc.conversation.graph.runner[0m:[36mrun_turn[0m | [1m[DIAG] Planner tool decision: tool_name=move, tool_args={'direction': 'right', 'distance': 0.2}[0m
[32m17:25:16.335[0m | [1mINFO    [0m | [36msrc.audio.single_utterance_processor[0m:[36msynthesize[0m | [1mSynthesizing single utterance response[0m
[32m17:25:16.335[0m | [1mINFO    [0m | [36msrc.config.logging[0m:[36mlog_audio_event[0m | [1mAudio event: tts_request[0m
[32m17:25:16.641[0m | [1mINFO    [0m | [36msrc.config.logging[0m:[36mlog_audio_event[0m | [1mAudio event: tts_success[0m
[32m17:25:16.641[0m | [1mINFO    [0m | [36msrc.config.logging[0m:[36mlog_audio_event[0m | [1mAudio event: single_utterance_synthesis[0m
[32m17:25:16.641[0m | [1mINFO    [0m | [36msrc.audio.single_utterance_processor[0m:[36msynthesize[0m | [1mSingle utterance synthesis completed[0m
[32m17:25:16.644[0m | [1mINFO    [0m | [36msrc.api.websocket[0m:[36mon_acknowledgment[0m | [1mSent acknowledgment for session fbb29c66-31ff-4dea-9986-4437dbb1eb68: Ok, moving right.[0m
[32m17:25:16.645[0m | [1mINFO    [0m | [36msrc.conversation.graph.runner[0m:[36mrun_turn[0m | [1mAcknowledgment sent before tool execution[0m
[32m17:25:16.645[0m | [1mINFO    [0m | [36msrc.conversation.graph.executor[0m:[36mexecute[0m | [1mInvoking MCP tool[0m
[32m17:25:16.645[0m | [1mINFO    [0m | [36msrc.conversation.graph.executor[0m:[36mexecute[0m | [1m[DIAG] Calling MCP tool: tool=move, args={'direction': 'right', 'distance': 0.2, 'angle': 15.0}[0m
[32m17:25:16.647[0m | [1mINFO    [0m | [36msrc.mcp.stdio_client[0m:[36m_stderr_loop[0m | [1m[moveit stderr] [DIAG] MCP call_tool: name=move, args={'direction': 'right', 'distance': 0.2, 'angle': 15.0}[0m
[move_group-9] [INFO] [1765405516.650883851] [moveit_move_group_default_capabilities.plan_service_capability]: Received new planning service request...
[move_group-9] [INFO] [1765405516.651760684] [moveit.ompl_planning.model_based_planning_context]: Planner configuration 'arm' will use planner 'geometric::RRTConnect'. Additional configuration parameters will be set when the planner is constructed.
[move_group-9] [INFO] [1765405516.673937183] [moveit_move_group_default_capabilities.execute_trajectory_action_capability]: Received goal request
[move_group-9] [INFO] [1765405516.673990815] [moveit_move_group_default_capabilities.execute_trajectory_action_capability]: Execution request received
[move_group-9] [INFO] [1765405516.674002900] [moveit.plugins.moveit_simple_controller_manager]: Returned 2 controllers in list
[move_group-9] [INFO] [1765405516.674011171] [moveit.plugins.moveit_simple_controller_manager]: Returned 2 controllers in list
[move_group-9] [INFO] [1765405516.674039838] [moveit_ros.trajectory_execution_manager]: Validating trajectory with allowed_start_tolerance 0.01
[move_group-9] [INFO] [1765405516.674393196] [moveit_ros.trajectory_execution_manager]: Starting trajectory execution ...
[move_group-9] [INFO] [1765405516.674427734] [moveit.plugins.moveit_simple_controller_manager]: Returned 2 controllers in list
[move_group-9] [INFO] [1765405516.674448157] [moveit.plugins.moveit_simple_controller_manager]: Returned 2 controllers in list
[move_group-9] [INFO] [1765405516.674539531] [moveit.simple_controller_manager.follow_joint_trajectory_controller_handle]: sending trajectory to joint_trajectory_controller
[ros2_control_node-1] [INFO] [1765405516.674730111] [joint_trajectory_controller]: Received new action goal
[ros2_control_node-1] [INFO] [1765405516.674761352] [joint_trajectory_controller]: Accepted new action goal
[move_group-9] [INFO] [1765405516.674839790] [moveit.simple_controller_manager.follow_joint_trajectory_controller_handle]: joint_trajectory_controller started execution
[move_group-9] [INFO] [1765405516.674853289] [moveit.simple_controller_manager.follow_joint_trajectory_controller_handle]: Goal request accepted!
[ros2_control_node-1] [INFO] [1765405522.159348188] [joint_trajectory_controller]: Goal reached, success!
[move_group-9] [INFO] [1765405522.175087337] [moveit.simple_controller_manager.follow_joint_trajectory_controller_handle]: Controller 'joint_trajectory_controller' successfully finished
[move_group-9] [INFO] [1765405522.177420623] [moveit_ros.trajectory_execution_manager]: Completed trajectory execution with status SUCCEEDED ...
[move_group-9] [INFO] [1765405522.177471833] [moveit_move_group_default_capabilities.execute_trajectory_action_capability]: Execution completed: SUCCEEDED
[32m17:25:22.182[0m | [1mINFO    [0m | [36msrc.config.logging[0m:[36mlog_mcp_event[0m | [1mMCP event: tool_invoked[0m
[32m17:25:22.182[0m | [1mINFO    [0m | [36msrc.conversation.graph.executor[0m:[36mexecute[0m | [1m[DIAG] MCP response: tool=move, result={'content': [{'type': 'text', 'text': '{\n  "success": true,\n  "message": "Moved to pose (0.159, 0.002, 0.504)",\n  "start_pose": {\n    "x": 0.1586,\n    "y": -0.1976,\n    "z": 0.504\n  },\n  "end_pose": {\n    "x": 0.1588,\n    "y": 0.0025,\n    "z": 0.5015\n  },\n  "duration_ms": 5531.49,\n  "d[0m
[32m17:25:22.182[0m | [1mINFO    [0m | [36msrc.conversation.graph.runner[0m:[36mrun_turn[0m | [1mVerification required after tool execution[0m
[32m17:25:22.183[0m | [1mINFO    [0m | [36msrc.audio.single_utterance_processor[0m:[36msynthesize[0m | [1mSynthesizing single utterance response[0m
[32m17:25:22.183[0m | [1mINFO    [0m | [36msrc.config.logging[0m:[36mlog_audio_event[0m | [1mAudio event: tts_request[0m
[32m17:25:22.478[0m | [1mINFO    [0m | [36msrc.config.logging[0m:[36mlog_audio_event[0m | [1mAudio event: tts_success[0m
[32m17:25:22.478[0m | [1mINFO    [0m | [36msrc.config.logging[0m:[36mlog_audio_event[0m | [1mAudio event: single_utterance_synthesis[0m
[32m17:25:22.478[0m | [1mINFO    [0m | [36msrc.audio.single_utterance_processor[0m:[36msynthesize[0m | [1mSingle utterance synthesis completed[0m
[32m17:25:22.479[0m | [1mINFO    [0m | [36msrc.conversation.graph.responder[0m:[36mrespond[0m | [1mResponder prepared final output[0m
[32m17:25:22.479[0m | [1mINFO    [0m | [36msrc.conversation.state_machine[0m:[36mtransition_to[0m | [1mState transition completed[0m
[32m17:25:22.493[0m | [1mINFO    [0m | [36msrc.conversation.models[0m:[36mlog_snapshot[0m | [1mTurn metrics updated[0m
[32m17:25:22.493[0m | [1mINFO    [0m | [36msrc.config.logging[0m:[36mlog_conversation_event[0m | [1mConversation event: turn_complete[0m
[32m17:25:22.493[0m | [1mINFO    [0m | [36msrc.conversation.state_machine[0m:[36mtransition_to[0m | [1mState transition completed[0m
[32m17:25:22.502[0m | [1mINFO    [0m | [36msrc.api.websocket[0m:[36m_send_conversation_result[0m | [1mConversation turn completed for session fbb29c66-31ff-4dea-9986-4437dbb1eb68[0m
[32m17:25:22.502[0m | [1mINFO    [0m | [36msrc.api.websocket[0m:[36m_process_streaming_turn[0m | [1mStarting streaming turn for session fbb29c66-31ff-4dea-9986-4437dbb1eb68[0m
[32m17:25:22.502[0m | [1mINFO    [0m | [36msrc.config.logging[0m:[36mlog_conversation_event[0m | [1mConversation event: turn_start[0m
[32m17:25:22.503[0m | [1mINFO    [0m | [36msrc.conversation.state_machine[0m:[36mtransition_to[0m | [1mState transition completed[0m
[32m17:25:22.503[0m | [1mINFO    [0m | [36msrc.config.logging[0m:[36mlog_audio_event[0m | [1mAudio event: streaming_transcription_start[0m
[32m17:25:22.503[0m | [1mINFO    [0m | [36msrc.audio.single_utterance_processor[0m:[36mtranscribe_stream[0m | [1mStarting real-time stream transcription with V2 Recognizer...[0m
[32m17:25:22.503[0m | [1mINFO    [0m | [36msrc.config.logging[0m:[36mlog_audio_event[0m | [1mAudio event: stt_streaming_start[0m
[32m17:25:24.968[0m | [1mINFO    [0m | [36msrc.config.logging[0m:[36mlog_mcp_event[0m | [1mMCP event: health_check[0m
[32m17:25:29.292[0m | [1mINFO    [0m | [36msrc.config.logging[0m:[36mlog_audio_event[0m | [1mAudio event: stt_streaming_event[0m
[32m17:25:29.312[0m | [1mINFO    [0m | [36msrc.audio.single_utterance_processor[0m:[36mtranscribe_stream[0m | [1mFinal transcript received from stream[0m
[32m17:25:29.312[0m | [1mINFO    [0m | [36msrc.config.logging[0m:[36mlog_audio_event[0m | [1mAudio event: streaming_transcription_success[0m
[32m17:25:29.312[0m | [1mINFO    [0m | [36msrc.api.websocket[0m:[36mon_transcript[0m | [1mSent early transcript: Go further, right?...[0m
[32m17:25:29.312[0m | [1mINFO    [0m | [36msrc.conversation.state_machine[0m:[36mtransition_to[0m | [1mState transition completed[0m
[32m17:25:29.312[0m | [1mINFO    [0m | [36msrc.conversation.single_utterance_engine[0m:[36mprocess_conversation_turn[0m | [1mSpeech transcribed via stream[0m
[32m17:25:29.313[0m | [1mINFO    [0m | [36msrc.conversation.graph.runner[0m:[36mrun_turn[0m | [1mVerification pending - passing to planner for LLM classification[0m
[32m17:25:30.363[0m | [1mINFO    [0m | [36msrc.conversation.graph.runner[0m:[36mrun_turn[0m | [1mPhase 11: Processing verification response via LLM[0m
[32m17:25:30.363[0m | [1mINFO    [0m | [36msrc.conversation.graph.runner[0m:[36mrun_turn[0m | [1mNew instruction during verification, proceeding with tool[0m
[32m17:25:30.363[0m | [1mINFO    [0m | [36msrc.conversation.graph.runner[0m:[36mrun_turn[0m | [1m[DIAG] Planner tool decision: tool_name=move, tool_args={'direction': 'right', 'distance': 0.2}[0m
[32m17:25:30.363[0m | [1mINFO    [0m | [36msrc.audio.single_utterance_processor[0m:[36msynthesize[0m | [1mSynthesizing single utterance response[0m
[32m17:25:30.363[0m | [1mINFO    [0m | [36msrc.config.logging[0m:[36mlog_audio_event[0m | [1mAudio event: tts_request[0m
[32m17:25:30.366[0m | [1mINFO    [0m | [36msrc.api.websocket[0m:[36m_handle_message[0m | [1m🎯 Processing WebSocket message[0m
[32m17:25:30.366[0m | [1mINFO    [0m | [36msrc.api.websocket[0m:[36m_handle_message[0m | [1m🏓 Handling ping for session fbb29c66-31ff-4dea-9986-4437dbb1eb68[0m
[32m17:25:30.366[0m | [1mINFO    [0m | [36msrc.api.websocket[0m:[36m_handle_message[0m | [1m✅ ping handled successfully for session fbb29c66-31ff-4dea-9986-4437dbb1eb68[0m
[32m17:25:30.669[0m | [1mINFO    [0m | [36msrc.config.logging[0m:[36mlog_audio_event[0m | [1mAudio event: tts_success[0m
[32m17:25:30.669[0m | [1mINFO    [0m | [36msrc.config.logging[0m:[36mlog_audio_event[0m | [1mAudio event: single_utterance_synthesis[0m
[32m17:25:30.669[0m | [1mINFO    [0m | [36msrc.audio.single_utterance_processor[0m:[36msynthesize[0m | [1mSingle utterance synthesis completed[0m
[32m17:25:30.673[0m | [1mINFO    [0m | [36msrc.api.websocket[0m:[36mon_acknowledgment[0m | [1mSent acknowledgment for session fbb29c66-31ff-4dea-9986-4437dbb1eb68: Ok, moving right.[0m
[32m17:25:30.673[0m | [1mINFO    [0m | [36msrc.conversation.graph.runner[0m:[36mrun_turn[0m | [1mAcknowledgment sent before tool execution[0m
[32m17:25:30.674[0m | [1mINFO    [0m | [36msrc.conversation.graph.executor[0m:[36mexecute[0m | [1mInvoking MCP tool[0m
[32m17:25:30.674[0m | [1mINFO    [0m | [36msrc.conversation.graph.executor[0m:[36mexecute[0m | [1m[DIAG] Calling MCP tool: tool=move, args={'direction': 'right', 'distance': 0.2, 'angle': 15.0}[0m
[32m17:25:30.679[0m | [1mINFO    [0m | [36msrc.mcp.stdio_client[0m:[36m_stderr_loop[0m | [1m[moveit stderr] [DIAG] MCP call_tool: name=move, args={'direction': 'right', 'distance': 0.2, 'angle': 15.0}[0m
[move_group-9] [INFO] [1765405530.685421050] [moveit_move_group_default_capabilities.plan_service_capability]: Received new planning service request...
[move_group-9] [INFO] [1765405530.685872751] [moveit.ompl_planning.model_based_planning_context]: Planner configuration 'arm' will use planner 'geometric::RRTConnect'. Additional configuration parameters will be set when the planner is constructed.
[move_group-9] [INFO] [1765405530.719113390] [moveit_move_group_default_capabilities.execute_trajectory_action_capability]: Received goal request
[move_group-9] [INFO] [1765405530.719187846] [moveit_move_group_default_capabilities.execute_trajectory_action_capability]: Execution request received
[move_group-9] [INFO] [1765405530.719204466] [moveit.plugins.moveit_simple_controller_manager]: Returned 2 controllers in list
[move_group-9] [INFO] [1765405530.719217003] [moveit.plugins.moveit_simple_controller_manager]: Returned 2 controllers in list
[move_group-9] [INFO] [1765405530.719253924] [moveit_ros.trajectory_execution_manager]: Validating trajectory with allowed_start_tolerance 0.01
[move_group-9] [INFO] [1765405530.719461979] [moveit_ros.trajectory_execution_manager]: Starting trajectory execution ...
[move_group-9] [INFO] [1765405530.719490775] [moveit.plugins.moveit_simple_controller_manager]: Returned 2 controllers in list
[move_group-9] [INFO] [1765405530.719505244] [moveit.plugins.moveit_simple_controller_manager]: Returned 2 controllers in list
[move_group-9] [INFO] [1765405530.719590940] [moveit.simple_controller_manager.follow_joint_trajectory_controller_handle]: sending trajectory to joint_trajectory_controller
[ros2_control_node-1] [INFO] [1765405530.719784197] [joint_trajectory_controller]: Received new action goal
[ros2_control_node-1] [INFO] [1765405530.719824815] [joint_trajectory_controller]: Accepted new action goal
[move_group-9] [INFO] [1765405530.719931833] [moveit.simple_controller_manager.follow_joint_trajectory_controller_handle]: joint_trajectory_controller started execution
[move_group-9] [INFO] [1765405530.719949241] [moveit.simple_controller_manager.follow_joint_trajectory_controller_handle]: Goal request accepted!
[ros2_control_node-1] [INFO] [1765405536.208357346] [joint_trajectory_controller]: Goal reached, success!
[move_group-9] [INFO] [1765405536.220210722] [moveit.simple_controller_manager.follow_joint_trajectory_controller_handle]: Controller 'joint_trajectory_controller' successfully finished
[move_group-9] [INFO] [1765405536.222453978] [moveit_ros.trajectory_execution_manager]: Completed trajectory execution with status SUCCEEDED ...
[move_group-9] [INFO] [1765405536.222514738] [moveit_move_group_default_capabilities.execute_trajectory_action_capability]: Execution completed: SUCCEEDED
[32m17:25:36.226[0m | [1mINFO    [0m | [36msrc.config.logging[0m:[36mlog_mcp_event[0m | [1mMCP event: tool_invoked[0m
[32m17:25:36.226[0m | [1mINFO    [0m | [36msrc.conversation.graph.executor[0m:[36mexecute[0m | [1m[DIAG] MCP response: tool=move, result={'content': [{'type': 'text', 'text': '{\n  "success": true,\n  "message": "Moved to pose (0.159, 0.202, 0.501)",\n  "start_pose": {\n    "x": 0.1588,\n    "y": 0.0025,\n    "z": 0.5015\n  },\n  "end_pose": {\n    "x": 0.1589,\n    "y": 0.2021,\n    "z": 0.4995\n  },\n  "duration_ms": 5544.62,\n  "d[0m
[32m17:25:36.226[0m | [1mINFO    [0m | [36msrc.conversation.graph.runner[0m:[36mrun_turn[0m | [1mVerification required after tool execution[0m
[32m17:25:36.226[0m | [1mINFO    [0m | [36msrc.audio.single_utterance_processor[0m:[36msynthesize[0m | [1mSynthesizing single utterance response[0m
[32m17:25:36.226[0m | [1mINFO    [0m | [36msrc.config.logging[0m:[36mlog_audio_event[0m | [1mAudio event: tts_request[0m
[32m17:25:36.507[0m | [1mINFO    [0m | [36msrc.config.logging[0m:[36mlog_audio_event[0m | [1mAudio event: tts_success[0m
[32m17:25:36.507[0m | [1mINFO    [0m | [36msrc.config.logging[0m:[36mlog_audio_event[0m | [1mAudio event: single_utterance_synthesis[0m
[32m17:25:36.507[0m | [1mINFO    [0m | [36msrc.audio.single_utterance_processor[0m:[36msynthesize[0m | [1mSingle utterance synthesis completed[0m
[32m17:25:36.507[0m | [1mINFO    [0m | [36msrc.conversation.graph.responder[0m:[36mrespond[0m | [1mResponder prepared final output[0m
[32m17:25:36.508[0m | [1mINFO    [0m | [36msrc.conversation.state_machine[0m:[36mtransition_to[0m | [1mState transition completed[0m
[32m17:25:36.520[0m | [1mINFO    [0m | [36msrc.conversation.models[0m:[36mlog_snapshot[0m | [1mTurn metrics updated[0m
[32m17:25:36.520[0m | [1mINFO    [0m | [36msrc.config.logging[0m:[36mlog_conversation_event[0m | [1mConversation event: turn_complete[0m
[32m17:25:36.520[0m | [1mINFO    [0m | [36msrc.conversation.state_machine[0m:[36mtransition_to[0m | [1mState transition completed[0m
[32m17:25:36.526[0m | [1mINFO    [0m | [36msrc.api.websocket[0m:[36m_send_conversation_result[0m | [1mConversation turn completed for session fbb29c66-31ff-4dea-9986-4437dbb1eb68[0m
[32m17:25:36.526[0m | [1mINFO    [0m | [36msrc.api.websocket[0m:[36m_process_streaming_turn[0m | [1mStarting streaming turn for session fbb29c66-31ff-4dea-9986-4437dbb1eb68[0m
[32m17:25:36.526[0m | [1mINFO    [0m | [36msrc.config.logging[0m:[36mlog_conversation_event[0m | [1mConversation event: turn_start[0m
[32m17:25:36.526[0m | [1mINFO    [0m | [36msrc.conversation.state_machine[0m:[36mtransition_to[0m | [1mState transition completed[0m
[32m17:25:36.526[0m | [1mINFO    [0m | [36msrc.config.logging[0m:[36mlog_audio_event[0m | [1mAudio event: streaming_transcription_start[0m
[32m17:25:36.526[0m | [1mINFO    [0m | [36msrc.audio.single_utterance_processor[0m:[36mtranscribe_stream[0m | [1mStarting real-time stream transcription with V2 Recognizer...[0m
[32m17:25:36.526[0m | [1mINFO    [0m | [36msrc.config.logging[0m:[36mlog_audio_event[0m | [1mAudio event: stt_streaming_start[0m
[32m17:25:43.304[0m | [1mINFO    [0m | [36msrc.config.logging[0m:[36mlog_audio_event[0m | [1mAudio event: stt_streaming_event[0m
[32m17:25:43.325[0m | [1mINFO    [0m | [36msrc.audio.single_utterance_processor[0m:[36mtranscribe_stream[0m | [1mFinal transcript received from stream[0m
[32m17:25:43.325[0m | [1mINFO    [0m | [36msrc.config.logging[0m:[36mlog_audio_event[0m | [1mAudio event: streaming_transcription_success[0m
[32m17:25:43.325[0m | [1mINFO    [0m | [36msrc.api.websocket[0m:[36mon_transcript[0m | [1mSent early transcript: Move further, right?...[0m
[32m17:25:43.325[0m | [1mINFO    [0m | [36msrc.conversation.state_machine[0m:[36mtransition_to[0m | [1mState transition completed[0m
[32m17:25:43.325[0m | [1mINFO    [0m | [36msrc.conversation.single_utterance_engine[0m:[36mprocess_conversation_turn[0m | [1mSpeech transcribed via stream[0m
[32m17:25:43.326[0m | [1mINFO    [0m | [36msrc.conversation.graph.runner[0m:[36mrun_turn[0m | [1mVerification pending - passing to planner for LLM classification[0m
[32m17:25:44.391[0m | [1mINFO    [0m | [36msrc.conversation.graph.runner[0m:[36mrun_turn[0m | [1mPhase 11: Processing verification response via LLM[0m
[32m17:25:44.391[0m | [1mINFO    [0m | [36msrc.conversation.graph.runner[0m:[36mrun_turn[0m | [1mNew instruction during verification, proceeding with tool[0m
[32m17:25:44.391[0m | [1mINFO    [0m | [36msrc.conversation.graph.runner[0m:[36mrun_turn[0m | [1m[DIAG] Planner tool decision: tool_name=move, tool_args={'direction': 'right', 'distance': 0.2}[0m
[32m17:25:44.392[0m | [1mINFO    [0m | [36msrc.audio.single_utterance_processor[0m:[36msynthesize[0m | [1mSynthesizing single utterance response[0m
[32m17:25:44.392[0m | [1mINFO    [0m | [36msrc.config.logging[0m:[36mlog_audio_event[0m | [1mAudio event: tts_request[0m
[32m17:25:44.568[0m | [1mINFO    [0m | [36msrc.config.logging[0m:[36mlog_audio_event[0m | [1mAudio event: tts_success[0m
[32m17:25:44.569[0m | [1mINFO    [0m | [36msrc.config.logging[0m:[36mlog_audio_event[0m | [1mAudio event: single_utterance_synthesis[0m
[32m17:25:44.569[0m | [1mINFO    [0m | [36msrc.audio.single_utterance_processor[0m:[36msynthesize[0m | [1mSingle utterance synthesis completed[0m
[32m17:25:44.572[0m | [1mINFO    [0m | [36msrc.api.websocket[0m:[36mon_acknowledgment[0m | [1mSent acknowledgment for session fbb29c66-31ff-4dea-9986-4437dbb1eb68: Ok, moving right.[0m
[32m17:25:44.572[0m | [1mINFO    [0m | [36msrc.conversation.graph.runner[0m:[36mrun_turn[0m | [1mAcknowledgment sent before tool execution[0m
[32m17:25:44.572[0m | [1mINFO    [0m | [36msrc.conversation.graph.executor[0m:[36mexecute[0m | [1mInvoking MCP tool[0m
[32m17:25:44.572[0m | [1mINFO    [0m | [36msrc.conversation.graph.executor[0m:[36mexecute[0m | [1m[DIAG] Calling MCP tool: tool=move, args={'direction': 'right', 'distance': 0.2, 'angle': 15.0}[0m
[32m17:25:44.575[0m | [1mINFO    [0m | [36msrc.mcp.stdio_client[0m:[36m_stderr_loop[0m | [1m[moveit stderr] [DIAG] MCP call_tool: name=move, args={'direction': 'right', 'distance': 0.2, 'angle': 15.0}[0m
[move_group-9] [INFO] [1765405544.579304163] [moveit_move_group_default_capabilities.plan_service_capability]: Received new planning service request...
[move_group-9] [INFO] [1765405544.579674049] [moveit.ompl_planning.model_based_planning_context]: Planner configuration 'arm' will use planner 'geometric::RRTConnect'. Additional configuration parameters will be set when the planner is constructed.
[move_group-9] [INFO] [1765405544.603987611] [moveit_move_group_default_capabilities.execute_trajectory_action_capability]: Received goal request
[move_group-9] [INFO] [1765405544.604037658] [moveit_move_group_default_capabilities.execute_trajectory_action_capability]: Execution request received
[move_group-9] [INFO] [1765405544.604050726] [moveit.plugins.moveit_simple_controller_manager]: Returned 2 controllers in list
[move_group-9] [INFO] [1765405544.604059312] [moveit.plugins.moveit_simple_controller_manager]: Returned 2 controllers in list
[move_group-9] [INFO] [1765405544.604083817] [moveit_ros.trajectory_execution_manager]: Validating trajectory with allowed_start_tolerance 0.01
[move_group-9] [INFO] [1765405544.604424776] [moveit_ros.trajectory_execution_manager]: Starting trajectory execution ...
[move_group-9] [INFO] [1765405544.604456805] [moveit.plugins.moveit_simple_controller_manager]: Returned 2 controllers in list
[move_group-9] [INFO] [1765405544.604476345] [moveit.plugins.moveit_simple_controller_manager]: Returned 2 controllers in list
[move_group-9] [INFO] [1765405544.604565073] [moveit.simple_controller_manager.follow_joint_trajectory_controller_handle]: sending trajectory to joint_trajectory_controller
[ros2_control_node-1] [INFO] [1765405544.604726125] [joint_trajectory_controller]: Received new action goal
[ros2_control_node-1] [INFO] [1765405544.604757852] [joint_trajectory_controller]: Accepted new action goal
[move_group-9] [INFO] [1765405544.604826895] [moveit.simple_controller_manager.follow_joint_trajectory_controller_handle]: joint_trajectory_controller started execution
[move_group-9] [INFO] [1765405544.604836907] [moveit.simple_controller_manager.follow_joint_trajectory_controller_handle]: Goal request accepted!
[ros2_control_node-1] [INFO] [1765405546.649345273] [joint_trajectory_controller]: Goal reached, success!
[move_group-9] [INFO] [1765405546.655124808] [moveit.simple_controller_manager.follow_joint_trajectory_controller_handle]: Controller 'joint_trajectory_controller' successfully finished
[move_group-9] [INFO] [1765405546.657457899] [moveit_ros.trajectory_execution_manager]: Completed trajectory execution with status SUCCEEDED ...
[move_group-9] [INFO] [1765405546.657529930] [moveit_move_group_default_capabilities.execute_trajectory_action_capability]: Execution completed: SUCCEEDED
[32m17:25:46.661[0m | [1mINFO    [0m | [36msrc.config.logging[0m:[36mlog_mcp_event[0m | [1mMCP event: tool_invoked[0m
[32m17:25:46.661[0m | [1mINFO    [0m | [36msrc.conversation.graph.executor[0m:[36mexecute[0m | [1m[DIAG] MCP response: tool=move, result={'content': [{'type': 'text', 'text': '{\n  "success": true,\n  "message": "Moved to pose (0.159, 0.402, 0.499)",\n  "start_pose": {\n    "x": 0.1589,\n    "y": 0.2021,\n    "z": 0.4995\n  },\n  "end_pose": {\n    "x": 0.1583,\n    "y": 0.4021,\n    "z": 0.4996\n  },\n  "duration_ms": 2083.43,\n  "d[0m
[32m17:25:46.662[0m | [1mINFO    [0m | [36msrc.conversation.graph.runner[0m:[36mrun_turn[0m | [1mVerification required after tool execution[0m
[32m17:25:46.662[0m | [1mINFO    [0m | [36msrc.audio.single_utterance_processor[0m:[36msynthesize[0m | [1mSynthesizing single utterance response[0m
[32m17:25:46.662[0m | [1mINFO    [0m | [36msrc.config.logging[0m:[36mlog_audio_event[0m | [1mAudio event: tts_request[0m
[32m17:25:46.951[0m | [1mINFO    [0m | [36msrc.config.logging[0m:[36mlog_audio_event[0m | [1mAudio event: tts_success[0m
[32m17:25:46.951[0m | [1mINFO    [0m | [36msrc.config.logging[0m:[36mlog_audio_event[0m | [1mAudio event: single_utterance_synthesis[0m
[32m17:25:46.951[0m | [1mINFO    [0m | [36msrc.audio.single_utterance_processor[0m:[36msynthesize[0m | [1mSingle utterance synthesis completed[0m
[32m17:25:46.951[0m | [1mINFO    [0m | [36msrc.conversation.graph.responder[0m:[36mrespond[0m | [1mResponder prepared final output[0m
[32m17:25:46.952[0m | [1mINFO    [0m | [36msrc.conversation.state_machine[0m:[36mtransition_to[0m | [1mState transition completed[0m
[32m17:25:46.963[0m | [1mINFO    [0m | [36msrc.conversation.models[0m:[36mlog_snapshot[0m | [1mTurn metrics updated[0m
[32m17:25:46.963[0m | [1mINFO    [0m | [36msrc.config.logging[0m:[36mlog_conversation_event[0m | [1mConversation event: turn_complete[0m
[32m17:25:46.963[0m | [1mINFO    [0m | [36msrc.conversation.state_machine[0m:[36mtransition_to[0m | [1mState transition completed[0m
[32m17:25:46.968[0m | [1mINFO    [0m | [36msrc.api.websocket[0m:[36m_send_conversation_result[0m | [1mConversation turn completed for session fbb29c66-31ff-4dea-9986-4437dbb1eb68[0m
[32m17:25:46.968[0m | [1mINFO    [0m | [36msrc.api.websocket[0m:[36m_process_streaming_turn[0m | [1mStarting streaming turn for session fbb29c66-31ff-4dea-9986-4437dbb1eb68[0m
[32m17:25:46.969[0m | [1mINFO    [0m | [36msrc.config.logging[0m:[36mlog_conversation_event[0m | [1mConversation event: turn_start[0m
[32m17:25:46.969[0m | [1mINFO    [0m | [36msrc.conversation.state_machine[0m:[36mtransition_to[0m | [1mState transition completed[0m
[32m17:25:46.969[0m | [1mINFO    [0m | [36msrc.config.logging[0m:[36mlog_audio_event[0m | [1mAudio event: streaming_transcription_start[0m
[32m17:25:46.969[0m | [1mINFO    [0m | [36msrc.audio.single_utterance_processor[0m:[36mtranscribe_stream[0m | [1mStarting real-time stream transcription with V2 Recognizer...[0m
[32m17:25:46.969[0m | [1mINFO    [0m | [36msrc.config.logging[0m:[36mlog_audio_event[0m | [1mAudio event: stt_streaming_start[0m
[32m17:25:52.227[0m | [1mINFO    [0m | [36msrc.config.logging[0m:[36mlog_audio_event[0m | [1mAudio event: stt_streaming_event[0m
[32m17:25:52.259[0m | [1mINFO    [0m | [36msrc.audio.single_utterance_processor[0m:[36mtranscribe_stream[0m | [1mFinal transcript received from stream[0m
[32m17:25:52.259[0m | [1mINFO    [0m | [36msrc.config.logging[0m:[36mlog_audio_event[0m | [1mAudio event: streaming_transcription_success[0m
[32m17:25:52.259[0m | [1mINFO    [0m | [36msrc.api.websocket[0m:[36mon_transcript[0m | [1mSent early transcript: Move back....[0m
[32m17:25:52.259[0m | [1mINFO    [0m | [36msrc.conversation.state_machine[0m:[36mtransition_to[0m | [1mState transition completed[0m
[32m17:25:52.259[0m | [1mINFO    [0m | [36msrc.conversation.single_utterance_engine[0m:[36mprocess_conversation_turn[0m | [1mSpeech transcribed via stream[0m
[32m17:25:52.260[0m | [1mINFO    [0m | [36msrc.conversation.graph.runner[0m:[36mrun_turn[0m | [1mVerification pending - passing to planner for LLM classification[0m
[32m17:25:53.163[0m | [1mINFO    [0m | [36msrc.conversation.graph.runner[0m:[36mrun_turn[0m | [1mPhase 11: Processing verification response via LLM[0m
[32m17:25:53.164[0m | [1mINFO    [0m | [36msrc.conversation.graph.runner[0m:[36mrun_turn[0m | [1mNew instruction during verification, proceeding with tool[0m
[32m17:25:53.164[0m | [1mINFO    [0m | [36msrc.conversation.graph.runner[0m:[36mrun_turn[0m | [1m[DIAG] Planner tool decision: tool_name=move, tool_args={'direction': 'backward', 'distance': 0.2}[0m
[32m17:25:53.164[0m | [1mINFO    [0m | [36msrc.audio.single_utterance_processor[0m:[36msynthesize[0m | [1mSynthesizing single utterance response[0m
[32m17:25:53.164[0m | [1mINFO    [0m | [36msrc.config.logging[0m:[36mlog_audio_event[0m | [1mAudio event: tts_request[0m
[32m17:25:53.345[0m | [1mINFO    [0m | [36msrc.config.logging[0m:[36mlog_audio_event[0m | [1mAudio event: tts_success[0m
[32m17:25:53.345[0m | [1mINFO    [0m | [36msrc.config.logging[0m:[36mlog_audio_event[0m | [1mAudio event: single_utterance_synthesis[0m
[32m17:25:53.345[0m | [1mINFO    [0m | [36msrc.audio.single_utterance_processor[0m:[36msynthesize[0m | [1mSingle utterance synthesis completed[0m
[32m17:25:53.351[0m | [1mINFO    [0m | [36msrc.api.websocket[0m:[36mon_acknowledgment[0m | [1mSent acknowledgment for session fbb29c66-31ff-4dea-9986-4437dbb1eb68: Ok, moving backward.[0m
[32m17:25:53.351[0m | [1mINFO    [0m | [36msrc.conversation.graph.runner[0m:[36mrun_turn[0m | [1mAcknowledgment sent before tool execution[0m
[32m17:25:53.351[0m | [1mINFO    [0m | [36msrc.conversation.graph.executor[0m:[36mexecute[0m | [1mInvoking MCP tool[0m
[32m17:25:53.351[0m | [1mINFO    [0m | [36msrc.conversation.graph.executor[0m:[36mexecute[0m | [1m[DIAG] Calling MCP tool: tool=move, args={'direction': 'backward', 'distance': 0.2, 'angle': 15.0}[0m
[32m17:25:53.356[0m | [1mINFO    [0m | [36msrc.mcp.stdio_client[0m:[36m_stderr_loop[0m | [1m[moveit stderr] [DIAG] MCP call_tool: name=move, args={'direction': 'backward', 'distance': 0.2, 'angle': 15.0}[0m
[move_group-9] [INFO] [1765405553.363190098] [moveit_move_group_default_capabilities.plan_service_capability]: Received new planning service request...
[move_group-9] [INFO] [1765405553.363737655] [moveit.ompl_planning.model_based_planning_context]: Planner configuration 'arm' will use planner 'geometric::RRTConnect'. Additional configuration parameters will be set when the planner is constructed.
[move_group-9] [INFO] [1765405553.391551458] [moveit_move_group_default_capabilities.execute_trajectory_action_capability]: Received goal request
[move_group-9] [INFO] [1765405553.391631756] [moveit_move_group_default_capabilities.execute_trajectory_action_capability]: Execution request received
[move_group-9] [INFO] [1765405553.391650316] [moveit.plugins.moveit_simple_controller_manager]: Returned 2 controllers in list
[move_group-9] [INFO] [1765405553.391665365] [moveit.plugins.moveit_simple_controller_manager]: Returned 2 controllers in list
[move_group-9] [INFO] [1765405553.391707736] [moveit_ros.trajectory_execution_manager]: Validating trajectory with allowed_start_tolerance 0.01
[move_group-9] [INFO] [1765405553.392445509] [moveit_ros.trajectory_execution_manager]: Starting trajectory execution ...
[move_group-9] [INFO] [1765405553.392475734] [moveit.plugins.moveit_simple_controller_manager]: Returned 2 controllers in list
[move_group-9] [INFO] [1765405553.392498557] [moveit.plugins.moveit_simple_controller_manager]: Returned 2 controllers in list
[move_group-9] [INFO] [1765405553.392588923] [moveit.simple_controller_manager.follow_joint_trajectory_controller_handle]: sending trajectory to joint_trajectory_controller
[ros2_control_node-1] [INFO] [1765405553.392728210] [joint_trajectory_controller]: Received new action goal
[ros2_control_node-1] [INFO] [1765405553.392761167] [joint_trajectory_controller]: Accepted new action goal
[move_group-9] [INFO] [1765405553.392825498] [moveit.simple_controller_manager.follow_joint_trajectory_controller_handle]: joint_trajectory_controller started execution
[move_group-9] [INFO] [1765405553.392836364] [moveit.simple_controller_manager.follow_joint_trajectory_controller_handle]: Goal request accepted!
[ros2_control_node-1] [INFO] [1765405554.783333881] [joint_trajectory_controller]: Goal reached, success!
[move_group-9] [INFO] [1765405554.793070723] [moveit.simple_controller_manager.follow_joint_trajectory_controller_handle]: Controller 'joint_trajectory_controller' successfully finished
[move_group-9] [INFO] [1765405554.795407992] [moveit_ros.trajectory_execution_manager]: Completed trajectory execution with status SUCCEEDED ...
[move_group-9] [INFO] [1765405554.795455435] [moveit_move_group_default_capabilities.execute_trajectory_action_capability]: Execution completed: SUCCEEDED
[32m17:25:54.798[0m | [1mINFO    [0m | [36msrc.config.logging[0m:[36mlog_mcp_event[0m | [1mMCP event: tool_invoked[0m
[32m17:25:54.798[0m | [1mINFO    [0m | [36msrc.conversation.graph.executor[0m:[36mexecute[0m | [1m[DIAG] MCP response: tool=move, result={'content': [{'type': 'text', 'text': '{\n  "success": true,\n  "message": "Moved to pose (-0.042, 0.402, 0.500)",\n  "start_pose": {\n    "x": 0.1583,\n    "y": 0.4021,\n    "z": 0.4996\n  },\n  "end_pose": {\n    "x": -0.0429,\n    "y": 0.4025,\n    "z": 0.4999\n  },\n  "duration_ms": 1439.59,\n  [0m
[32m17:25:54.799[0m | [1mINFO    [0m | [36msrc.conversation.graph.runner[0m:[36mrun_turn[0m | [1mVerification required after tool execution[0m
[32m17:25:54.799[0m | [1mINFO    [0m | [36msrc.audio.single_utterance_processor[0m:[36msynthesize[0m | [1mSynthesizing single utterance response[0m
[32m17:25:54.799[0m | [1mINFO    [0m | [36msrc.config.logging[0m:[36mlog_audio_event[0m | [1mAudio event: tts_request[0m
[32m17:25:54.997[0m | [1mINFO    [0m | [36msrc.config.logging[0m:[36mlog_audio_event[0m | [1mAudio event: tts_success[0m
[32m17:25:54.997[0m | [1mINFO    [0m | [36msrc.config.logging[0m:[36mlog_audio_event[0m | [1mAudio event: single_utterance_synthesis[0m
[32m17:25:54.997[0m | [1mINFO    [0m | [36msrc.audio.single_utterance_processor[0m:[36msynthesize[0m | [1mSingle utterance synthesis completed[0m
[32m17:25:54.997[0m | [1mINFO    [0m | [36msrc.conversation.graph.responder[0m:[36mrespond[0m | [1mResponder prepared final output[0m
[32m17:25:54.997[0m | [1mINFO    [0m | [36msrc.conversation.state_machine[0m:[36mtransition_to[0m | [1mState transition completed[0m
[32m17:25:55.009[0m | [1mINFO    [0m | [36msrc.conversation.models[0m:[36mlog_snapshot[0m | [1mTurn metrics updated[0m
[32m17:25:55.009[0m | [1mINFO    [0m | [36msrc.config.logging[0m:[36mlog_conversation_event[0m | [1mConversation event: turn_complete[0m
[32m17:25:55.009[0m | [1mINFO    [0m | [36msrc.conversation.state_machine[0m:[36mtransition_to[0m | [1mState transition completed[0m
[32m17:25:55.012[0m | [1mINFO    [0m | [36msrc.api.websocket[0m:[36m_send_conversation_result[0m | [1mConversation turn completed for session fbb29c66-31ff-4dea-9986-4437dbb1eb68[0m
[32m17:25:55.013[0m | [1mINFO    [0m | [36msrc.api.websocket[0m:[36m_process_streaming_turn[0m | [1mStarting streaming turn for session fbb29c66-31ff-4dea-9986-4437dbb1eb68[0m
[32m17:25:55.013[0m | [1mINFO    [0m | [36msrc.config.logging[0m:[36mlog_conversation_event[0m | [1mConversation event: turn_start[0m
[32m17:25:55.013[0m | [1mINFO    [0m | [36msrc.conversation.state_machine[0m:[36mtransition_to[0m | [1mState transition completed[0m
[32m17:25:55.013[0m | [1mINFO    [0m | [36msrc.config.logging[0m:[36mlog_audio_event[0m | [1mAudio event: streaming_transcription_start[0m
[32m17:25:55.013[0m | [1mINFO    [0m | [36msrc.audio.single_utterance_processor[0m:[36mtranscribe_stream[0m | [1mStarting real-time stream transcription with V2 Recognizer...[0m
[32m17:25:55.013[0m | [1mINFO    [0m | [36msrc.config.logging[0m:[36mlog_audio_event[0m | [1mAudio event: stt_streaming_start[0m
[32m17:25:58.630[0m | [1mINFO    [0m | [36msrc.config.logging[0m:[36mlog_audio_event[0m | [1mAudio event: stt_streaming_event[0m
[32m17:25:58.662[0m | [1mINFO    [0m | [36msrc.audio.single_utterance_processor[0m:[36mtranscribe_stream[0m | [1mFinal transcript received from stream[0m
[32m17:25:58.662[0m | [1mINFO    [0m | [36msrc.config.logging[0m:[36mlog_audio_event[0m | [1mAudio event: streaming_transcription_success[0m
[32m17:25:58.663[0m | [1mINFO    [0m | [36msrc.api.websocket[0m:[36mon_transcript[0m | [1mSent early transcript: Move back....[0m
[32m17:25:58.663[0m | [1mINFO    [0m | [36msrc.conversation.state_machine[0m:[36mtransition_to[0m | [1mState transition completed[0m
[32m17:25:58.663[0m | [1mINFO    [0m | [36msrc.conversation.single_utterance_engine[0m:[36mprocess_conversation_turn[0m | [1mSpeech transcribed via stream[0m
[32m17:25:58.663[0m | [1mINFO    [0m | [36msrc.conversation.graph.runner[0m:[36mrun_turn[0m | [1mVerification pending - passing to planner for LLM classification[0m
[32m17:25:59.699[0m | [1mINFO    [0m | [36msrc.conversation.graph.runner[0m:[36mrun_turn[0m | [1mPhase 11: Processing verification response via LLM[0m
[32m17:25:59.699[0m | [1mINFO    [0m | [36msrc.conversation.graph.runner[0m:[36mrun_turn[0m | [1mNew instruction during verification, proceeding with tool[0m
[32m17:25:59.699[0m | [1mINFO    [0m | [36msrc.conversation.graph.runner[0m:[36mrun_turn[0m | [1m[DIAG] Planner tool decision: tool_name=move, tool_args={'direction': 'backward', 'distance': 0.2}[0m
[32m17:25:59.699[0m | [1mINFO    [0m | [36msrc.audio.single_utterance_processor[0m:[36msynthesize[0m | [1mSynthesizing single utterance response[0m
[32m17:25:59.699[0m | [1mINFO    [0m | [36msrc.config.logging[0m:[36mlog_audio_event[0m | [1mAudio event: tts_request[0m
[32m17:25:59.768[0m | [1mINFO    [0m | [36msrc.api.websocket[0m:[36m_handle_message[0m | [1m🎯 Processing WebSocket message[0m
[32m17:25:59.768[0m | [1mINFO    [0m | [36msrc.api.websocket[0m:[36m_handle_message[0m | [1m🏓 Handling ping for session fbb29c66-31ff-4dea-9986-4437dbb1eb68[0m
[32m17:25:59.768[0m | [1mINFO    [0m | [36msrc.api.websocket[0m:[36m_handle_message[0m | [1m✅ ping handled successfully for session fbb29c66-31ff-4dea-9986-4437dbb1eb68[0m
[32m17:25:59.923[0m | [1mINFO    [0m | [36msrc.config.logging[0m:[36mlog_audio_event[0m | [1mAudio event: tts_success[0m
[32m17:25:59.923[0m | [1mINFO    [0m | [36msrc.config.logging[0m:[36mlog_audio_event[0m | [1mAudio event: single_utterance_synthesis[0m
[32m17:25:59.923[0m | [1mINFO    [0m | [36msrc.audio.single_utterance_processor[0m:[36msynthesize[0m | [1mSingle utterance synthesis completed[0m
[32m17:25:59.928[0m | [1mINFO    [0m | [36msrc.api.websocket[0m:[36mon_acknowledgment[0m | [1mSent acknowledgment for session fbb29c66-31ff-4dea-9986-4437dbb1eb68: Ok, moving backward.[0m
[32m17:25:59.928[0m | [1mINFO    [0m | [36msrc.conversation.graph.runner[0m:[36mrun_turn[0m | [1mAcknowledgment sent before tool execution[0m
[32m17:25:59.928[0m | [1mINFO    [0m | [36msrc.conversation.graph.executor[0m:[36mexecute[0m | [1mInvoking MCP tool[0m
[32m17:25:59.928[0m | [1mINFO    [0m | [36msrc.conversation.graph.executor[0m:[36mexecute[0m | [1m[DIAG] Calling MCP tool: tool=move, args={'direction': 'backward', 'distance': 0.2, 'angle': 15.0}[0m
[32m17:25:59.932[0m | [1mINFO    [0m | [36msrc.mcp.stdio_client[0m:[36m_stderr_loop[0m | [1m[moveit stderr] [DIAG] MCP call_tool: name=move, args={'direction': 'backward', 'distance': 0.2, 'angle': 15.0}[0m
[move_group-9] [INFO] [1765405559.939082607] [moveit_move_group_default_capabilities.plan_service_capability]: Received new planning service request...
[move_group-9] [INFO] [1765405559.939766285] [moveit.ompl_planning.model_based_planning_context]: Planner configuration 'arm' will use planner 'geometric::RRTConnect'. Additional configuration parameters will be set when the planner is constructed.
[move_group-9] [ERROR] [1765405560.443185952] [ompl]: ./src/ompl/geometric/planners/rrt/src/RRTConnect.cpp:265 - arm/arm: Unable to sample any valid states for goal tree
[move_group-9] [ERROR] [1765405560.443325279] [ompl]: ./src/ompl/geometric/planners/rrt/src/RRTConnect.cpp:265 - arm/arm: Unable to sample any valid states for goal tree
[move_group-9] [ERROR] [1765405560.443354898] [ompl]: ./src/ompl/geometric/planners/rrt/src/RRTConnect.cpp:265 - arm/arm: Unable to sample any valid states for goal tree
[move_group-9] [ERROR] [1765405560.443409815] [ompl]: ./src/ompl/geometric/planners/rrt/src/RRTConnect.cpp:265 - arm/arm: Unable to sample any valid states for goal tree
[move_group-9] [WARN] [1765405560.443453440] [ompl]: ./src/ompl/tools/multiplan/src/ParallelPlan.cpp:138 - ParallelPlan::solve(): Unable to find solution by any of the threads in 0.503460 seconds
[move_group-9] [INFO] [1765405560.450620164] [moveit.ompl_planning.model_based_planning_context]: Unable to solve the planning problem
[32m17:26:00.453[0m | [1mINFO    [0m | [36msrc.config.logging[0m:[36mlog_mcp_event[0m | [1mMCP event: tool_invoked[0m
[32m17:26:00.453[0m | [1mINFO    [0m | [36msrc.conversation.graph.executor[0m:[36mexecute[0m | [1m[DIAG] MCP response: tool=move, result={'content': [{'type': 'text', 'text': '{\n  "success": false,\n  "message": "Motion planning/execution failed (error_code: moveit_msgs.msg.MoveItErrorCodes(val=1))",\n  "start_pose": {\n    "x": -0.0429,\n    "y": 0.4025,\n    "z": 0.4999\n  },\n  "end_pose": {\n    "x": -0.0429,\n    "y": 0.4025,\n[0m
[32m17:26:00.453[0m | [33m[1mWARNING [0m | [36msrc.conversation.graph.executor[0m:[36mexecute[0m | [33m[1mTool reported error payload[0m
[32m17:26:00.453[0m | [33m[1mWARNING [0m | [36msrc.conversation.graph.runner[0m:[36mrun_turn[0m | [33m[1mTool execution failed - stopping turn[0m
[32m17:26:00.453[0m | [1mINFO    [0m | [36msrc.audio.single_utterance_processor[0m:[36msynthesize[0m | [1mSynthesizing single utterance response[0m
[32m17:26:00.454[0m | [1mINFO    [0m | [36msrc.config.logging[0m:[36mlog_audio_event[0m | [1mAudio event: tts_request[0m
[32m17:26:00.982[0m | [1mINFO    [0m | [36msrc.config.logging[0m:[36mlog_audio_event[0m | [1mAudio event: tts_success[0m
[32m17:26:00.983[0m | [1mINFO    [0m | [36msrc.config.logging[0m:[36mlog_audio_event[0m | [1mAudio event: single_utterance_synthesis[0m
[32m17:26:00.983[0m | [1mINFO    [0m | [36msrc.audio.single_utterance_processor[0m:[36msynthesize[0m | [1mSingle utterance synthesis completed[0m
[32m17:26:00.983[0m | [1mINFO    [0m | [36msrc.conversation.graph.responder[0m:[36mrespond[0m | [1mResponder prepared final output[0m
[32m17:26:00.983[0m | [1mINFO    [0m | [36msrc.conversation.state_machine[0m:[36mtransition_to[0m | [1mState transition completed[0m
[32m17:26:00.994[0m | [1mINFO    [0m | [36msrc.conversation.models[0m:[36mlog_snapshot[0m | [1mTurn metrics updated[0m
[32m17:26:00.994[0m | [1mINFO    [0m | [36msrc.config.logging[0m:[36mlog_conversation_event[0m | [1mConversation event: turn_complete[0m
[32m17:26:00.994[0m | [1mINFO    [0m | [36msrc.conversation.state_machine[0m:[36mtransition_to[0m | [1mState transition completed[0m
[32m17:26:01.005[0m | [1mINFO    [0m | [36msrc.api.websocket[0m:[36m_send_conversation_result[0m | [1mConversation turn completed for session fbb29c66-31ff-4dea-9986-4437dbb1eb68[0m
[32m17:26:01.005[0m | [1mINFO    [0m | [36msrc.api.websocket[0m:[36m_process_streaming_turn[0m | [1mStarting streaming turn for session fbb29c66-31ff-4dea-9986-4437dbb1eb68[0m
[32m17:26:01.005[0m | [1mINFO    [0m | [36msrc.config.logging[0m:[36mlog_conversation_event[0m | [1mConversation event: turn_start[0m
[32m17:26:01.005[0m | [1mINFO    [0m | [36msrc.conversation.state_machine[0m:[36mtransition_to[0m | [1mState transition completed[0m
[32m17:26:01.005[0m | [1mINFO    [0m | [36msrc.config.logging[0m:[36mlog_audio_event[0m | [1mAudio event: streaming_transcription_start[0m
[32m17:26:01.005[0m | [1mINFO    [0m | [36msrc.audio.single_utterance_processor[0m:[36mtranscribe_stream[0m | [1mStarting real-time stream transcription with V2 Recognizer...[0m
[32m17:26:01.005[0m | [1mINFO    [0m | [36msrc.config.logging[0m:[36mlog_audio_event[0m | [1mAudio event: stt_streaming_start[0m
[32m17:26:08.395[0m | [1mINFO    [0m | [36msrc.config.logging[0m:[36mlog_audio_event[0m | [1mAudio event: stt_streaming_event[0m
[32m17:26:08.425[0m | [1mINFO    [0m | [36msrc.audio.single_utterance_processor[0m:[36mtranscribe_stream[0m | [1mFinal transcript received from stream[0m
[32m17:26:08.425[0m | [1mINFO    [0m | [36msrc.config.logging[0m:[36mlog_audio_event[0m | [1mAudio event: streaming_transcription_success[0m
[32m17:26:08.426[0m | [1mINFO    [0m | [36msrc.api.websocket[0m:[36mon_transcript[0m | [1mSent early transcript: Rotate Ripper....[0m
[32m17:26:08.426[0m | [1mINFO    [0m | [36msrc.conversation.state_machine[0m:[36mtransition_to[0m | [1mState transition completed[0m
[32m17:26:08.426[0m | [1mINFO    [0m | [36msrc.conversation.single_utterance_engine[0m:[36mprocess_conversation_turn[0m | [1mSpeech transcribed via stream[0m
[32m17:26:09.276[0m | [1mINFO    [0m | [36msrc.conversation.graph.runner[0m:[36mrun_turn[0m | [1m[DIAG] Planner tool decision: tool_name=rotate_gripper, tool_args={'direction': 'cw'}[0m
[32m17:26:09.276[0m | [1mINFO    [0m | [36msrc.audio.single_utterance_processor[0m:[36msynthesize[0m | [1mSynthesizing single utterance response[0m
[32m17:26:09.276[0m | [1mINFO    [0m | [36msrc.config.logging[0m:[36mlog_audio_event[0m | [1mAudio event: tts_request[0m
[32m17:26:09.479[0m | [1mINFO    [0m | [36msrc.config.logging[0m:[36mlog_audio_event[0m | [1mAudio event: tts_success[0m
[32m17:26:09.479[0m | [1mINFO    [0m | [36msrc.config.logging[0m:[36mlog_audio_event[0m | [1mAudio event: single_utterance_synthesis[0m
[32m17:26:09.480[0m | [1mINFO    [0m | [36msrc.audio.single_utterance_processor[0m:[36msynthesize[0m | [1mSingle utterance synthesis completed[0m
[32m17:26:09.486[0m | [1mINFO    [0m | [36msrc.api.websocket[0m:[36mon_acknowledgment[0m | [1mSent acknowledgment for session fbb29c66-31ff-4dea-9986-4437dbb1eb68: Ok, working on that.[0m
[32m17:26:09.486[0m | [1mINFO    [0m | [36msrc.conversation.graph.runner[0m:[36mrun_turn[0m | [1mAcknowledgment sent before tool execution[0m
[32m17:26:09.486[0m | [1mINFO    [0m | [36msrc.conversation.graph.executor[0m:[36mexecute[0m | [1mInvoking MCP tool[0m
[32m17:26:09.486[0m | [1mINFO    [0m | [36msrc.conversation.graph.executor[0m:[36mexecute[0m | [1m[DIAG] Calling MCP tool: tool=rotate_gripper, args={'direction': 'cw', 'angle': 30.0}[0m
[32m17:26:09.489[0m | [1mINFO    [0m | [36msrc.mcp.stdio_client[0m:[36m_stderr_loop[0m | [1m[moveit stderr] [DIAG] MCP call_tool: name=rotate_gripper, args={'direction': 'cw', 'angle': 30.0}[0m
[ros2_control_node-1] [INFO] [1765405569.491282599] [joint_trajectory_controller]: Received new action goal
[ros2_control_node-1] [INFO] [1765405569.491380834] [joint_trajectory_controller]: Accepted new action goal
[ros2_control_node-1] [INFO] [1765405571.492329907] [joint_trajectory_controller]: Goal reached, success!
[ros2_control_node-1] [INFO] [1765405580.510298575] [joint_trajectory_controller]: Received new action goal
[ros2_control_node-1] [INFO] [1765405580.510373229] [joint_trajectory_controller]: Accepted new action goal
[ros2_control_node-1] [INFO] [1765405582.511321443] [joint_trajectory_controller]: Goal reached, success!
[32m17:26:29.768[0m | [1mINFO    [0m | [36msrc.api.websocket[0m:[36m_handle_message[0m | [1m🎯 Processing WebSocket message[0m
[32m17:26:29.768[0m | [1mINFO    [0m | [36msrc.api.websocket[0m:[36m_handle_message[0m | [1m🏓 Handling ping for session fbb29c66-31ff-4dea-9986-4437dbb1eb68[0m
[32m17:26:29.768[0m | [1mINFO    [0m | [36msrc.api.websocket[0m:[36m_handle_message[0m | [1m✅ ping handled successfully for session fbb29c66-31ff-4dea-9986-4437dbb1eb68[0m
[32m17:26:29.970[0m | [33m[1mWARNING [0m | [36msrc.mcp.stdio_client[0m:[36mhealth_check[0m | [33m[1mHealth check timeout for moveit[0m
[ros2_control_node-1] [INFO] [1765405591.530291949] [joint_trajectory_controller]: Received new action goal
[ros2_control_node-1] [INFO] [1765405591.530333153] [joint_trajectory_controller]: Accepted new action goal
[ros2_control_node-1] [INFO] [1765405593.532329993] [joint_trajectory_controller]: Goal reached, success!
[32m17:26:41.550[0m | [1mINFO    [0m | [36msrc.config.logging[0m:[36mlog_mcp_event[0m | [1mMCP event: tool_invoked[0m
[32m17:26:41.550[0m | [1mINFO    [0m | [36msrc.conversation.graph.executor[0m:[36mexecute[0m | [1m[DIAG] MCP response: tool=rotate_gripper, result={'content': [{'type': 'text', 'text': '{\n  "success": false,\n  "message": "Timeout waiting for goal acceptance",\n  "direction": "cw",\n  "angle_degrees": 30.0,\n  "start_joint_6_rad": -1.5595,\n  "end_joint_6_rad": -2.0831,\n  "actual_rotation_deg": -30.0,\n  "duration_ms": 32058.11\n}'}], 'isErr[0m
[32m17:26:41.550[0m | [33m[1mWARNING [0m | [36msrc.conversation.graph.executor[0m:[36mexecute[0m | [33m[1mTool reported error payload[0m
[32m17:26:41.550[0m | [33m[1mWARNING [0m | [36msrc.conversation.graph.runner[0m:[36mrun_turn[0m | [33m[1mTool execution failed - stopping turn[0m
[32m17:26:41.550[0m | [1mINFO    [0m | [36msrc.audio.single_utterance_processor[0m:[36msynthesize[0m | [1mSynthesizing single utterance response[0m
[32m17:26:41.551[0m | [1mINFO    [0m | [36msrc.config.logging[0m:[36mlog_audio_event[0m | [1mAudio event: tts_request[0m
[32m17:26:41.884[0m | [1mINFO    [0m | [36msrc.config.logging[0m:[36mlog_audio_event[0m | [1mAudio event: tts_success[0m
[32m17:26:41.885[0m | [1mINFO    [0m | [36msrc.config.logging[0m:[36mlog_audio_event[0m | [1mAudio event: single_utterance_synthesis[0m
[32m17:26:41.885[0m | [1mINFO    [0m | [36msrc.audio.single_utterance_processor[0m:[36msynthesize[0m | [1mSingle utterance synthesis completed[0m
[32m17:26:41.885[0m | [1mINFO    [0m | [36msrc.conversation.graph.responder[0m:[36mrespond[0m | [1mResponder prepared final output[0m
[32m17:26:41.885[0m | [1mINFO    [0m | [36msrc.conversation.state_machine[0m:[36mtransition_to[0m | [1mState transition completed[0m
[32m17:26:41.899[0m | [1mINFO    [0m | [36msrc.conversation.models[0m:[36mlog_snapshot[0m | [1mTurn metrics updated[0m
[32m17:26:41.899[0m | [1mINFO    [0m | [36msrc.config.logging[0m:[36mlog_conversation_event[0m | [1mConversation event: turn_complete[0m
[32m17:26:41.899[0m | [1mINFO    [0m | [36msrc.conversation.state_machine[0m:[36mtransition_to[0m | [1mState transition completed[0m
[32m17:26:41.911[0m | [1mINFO    [0m | [36msrc.api.websocket[0m:[36m_send_conversation_result[0m | [1mConversation turn completed for session fbb29c66-31ff-4dea-9986-4437dbb1eb68[0m
[32m17:26:41.911[0m | [1mINFO    [0m | [36msrc.api.websocket[0m:[36m_process_streaming_turn[0m | [1mStarting streaming turn for session fbb29c66-31ff-4dea-9986-4437dbb1eb68[0m
[32m17:26:41.912[0m | [1mINFO    [0m | [36msrc.config.logging[0m:[36mlog_conversation_event[0m | [1mConversation event: turn_start[0m
[32m17:26:41.912[0m | [1mINFO    [0m | [36msrc.conversation.state_machine[0m:[36mtransition_to[0m | [1mState transition completed[0m
[32m17:26:41.912[0m | [1mINFO    [0m | [36msrc.config.logging[0m:[36mlog_audio_event[0m | [1mAudio event: streaming_transcription_start[0m
[32m17:26:41.912[0m | [1mINFO    [0m | [36msrc.audio.single_utterance_processor[0m:[36mtranscribe_stream[0m | [1mStarting real-time stream transcription with V2 Recognizer...[0m
[32m17:26:41.912[0m | [1mINFO    [0m | [36msrc.config.logging[0m:[36mlog_audio_event[0m | [1mAudio event: stt_streaming_start[0m
[32m17:26:48.976[0m | [1mINFO    [0m | [36msrc.config.logging[0m:[36mlog_audio_event[0m | [1mAudio event: stt_streaming_event[0m
[32m17:26:49.007[0m | [1mINFO    [0m | [36msrc.audio.single_utterance_processor[0m:[36mtranscribe_stream[0m | [1mFinal transcript received from stream[0m
[32m17:26:49.007[0m | [1mINFO    [0m | [36msrc.config.logging[0m:[36mlog_audio_event[0m | [1mAudio event: streaming_transcription_success[0m
[32m17:26:49.007[0m | [1mINFO    [0m | [36msrc.api.websocket[0m:[36mon_transcript[0m | [1mSent early transcript: Rotate Ripper downwards....[0m
[32m17:26:49.007[0m | [1mINFO    [0m | [36msrc.conversation.state_machine[0m:[36mtransition_to[0m | [1mState transition completed[0m
[32m17:26:49.007[0m | [1mINFO    [0m | [36msrc.conversation.single_utterance_engine[0m:[36mprocess_conversation_turn[0m | [1mSpeech transcribed via stream[0m
[32m17:26:50.542[0m | [1mINFO    [0m | [36msrc.conversation.graph.runner[0m:[36mrun_turn[0m | [1m[DIAG] Planner tool decision: tool_name=rotate_gripper, tool_args={'direction': 'ccw', 'angle': 30.0}[0m
[32m17:26:50.542[0m | [1mINFO    [0m | [36msrc.audio.single_utterance_processor[0m:[36msynthesize[0m | [1mSynthesizing single utterance response[0m
[32m17:26:50.543[0m | [1mINFO    [0m | [36msrc.config.logging[0m:[36mlog_audio_event[0m | [1mAudio event: tts_request[0m
[32m17:26:50.951[0m | [1mINFO    [0m | [36msrc.config.logging[0m:[36mlog_audio_event[0m | [1mAudio event: tts_success[0m
[32m17:26:50.952[0m | [1mINFO    [0m | [36msrc.config.logging[0m:[36mlog_audio_event[0m | [1mAudio event: single_utterance_synthesis[0m
[32m17:26:50.952[0m | [1mINFO    [0m | [36msrc.audio.single_utterance_processor[0m:[36msynthesize[0m | [1mSingle utterance synthesis completed[0m
[32m17:26:50.959[0m | [1mINFO    [0m | [36msrc.api.websocket[0m:[36mon_acknowledgment[0m | [1mSent acknowledgment for session fbb29c66-31ff-4dea-9986-4437dbb1eb68: Ok, working on that.[0m
[32m17:26:50.959[0m | [1mINFO    [0m | [36msrc.conversation.graph.runner[0m:[36mrun_turn[0m | [1mAcknowledgment sent before tool execution[0m
[32m17:26:50.960[0m | [1mINFO    [0m | [36msrc.conversation.graph.executor[0m:[36mexecute[0m | [1mInvoking MCP tool[0m
[32m17:26:50.960[0m | [1mINFO    [0m | [36msrc.conversation.graph.executor[0m:[36mexecute[0m | [1m[DIAG] Calling MCP tool: tool=rotate_gripper, args={'direction': 'ccw', 'angle': 30.0}[0m
[32m17:26:50.964[0m | [1mINFO    [0m | [36msrc.mcp.stdio_client[0m:[36m_stderr_loop[0m | [1m[moveit stderr] [DIAG] MCP call_tool: name=rotate_gripper, args={'direction': 'ccw', 'angle': 30.0}[0m
[ros2_control_node-1] [INFO] [1765405610.965874676] [joint_trajectory_controller]: Received new action goal
[ros2_control_node-1] [INFO] [1765405610.965922689] [joint_trajectory_controller]: Accepted new action goal
[ros2_control_node-1] [INFO] [1765405612.967347240] [joint_trajectory_controller]: Goal reached, success!
[32m17:26:59.768[0m | [1mINFO    [0m | [36msrc.api.websocket[0m:[36m_handle_message[0m | [1m🎯 Processing WebSocket message[0m
[32m17:26:59.768[0m | [1mINFO    [0m | [36msrc.api.websocket[0m:[36m_handle_message[0m | [1m🏓 Handling ping for session fbb29c66-31ff-4dea-9986-4437dbb1eb68[0m
[32m17:26:59.768[0m | [1mINFO    [0m | [36msrc.api.websocket[0m:[36m_handle_message[0m | [1m✅ ping handled successfully for session fbb29c66-31ff-4dea-9986-4437dbb1eb68[0m
[ros2_control_node-1] [INFO] [1765405621.985474056] [joint_trajectory_controller]: Received new action goal
[ros2_control_node-1] [INFO] [1765405621.985534247] [joint_trajectory_controller]: Accepted new action goal
[ros2_control_node-1] [INFO] [1765405623.987332421] [joint_trajectory_controller]: Goal reached, success!
[ros2_control_node-1] [INFO] [1765405633.005341175] [joint_trajectory_controller]: Received new action goal
[ros2_control_node-1] [INFO] [1765405633.005420321] [joint_trajectory_controller]: Accepted new action goal
[ros2_control_node-1] [INFO] [1765405635.006341181] [joint_trajectory_controller]: Goal reached, success!
[32m17:27:23.023[0m | [1mINFO    [0m | [36msrc.config.logging[0m:[36mlog_mcp_event[0m | [1mMCP event: tool_invoked[0m
[32m17:27:23.023[0m | [1mINFO    [0m | [36msrc.conversation.graph.executor[0m:[36mexecute[0m | [1m[DIAG] MCP response: tool=rotate_gripper, result={'content': [{'type': 'text', 'text': '{\n  "success": false,\n  "message": "Timeout waiting for goal acceptance",\n  "direction": "ccw",\n  "angle_degrees": 30.0,\n  "start_joint_6_rad": -1.5595,\n  "end_joint_6_rad": -1.0359,\n  "actual_rotation_deg": 30.0,\n  "duration_ms": 32058.0\n}'}], 'isErro[0m
[32m17:27:23.023[0m | [33m[1mWARNING [0m | [36msrc.conversation.graph.executor[0m:[36mexecute[0m | [33m[1mTool reported error payload[0m
[32m17:27:23.023[0m | [33m[1mWARNING [0m | [36msrc.conversation.graph.runner[0m:[36mrun_turn[0m | [33m[1mTool execution failed - stopping turn[0m
[32m17:27:23.023[0m | [1mINFO    [0m | [36msrc.audio.single_utterance_processor[0m:[36msynthesize[0m | [1mSynthesizing single utterance response[0m
[32m17:27:23.024[0m | [1mINFO    [0m | [36msrc.config.logging[0m:[36mlog_audio_event[0m | [1mAudio event: tts_request[0m
[32m17:27:23.415[0m | [1mINFO    [0m | [36msrc.config.logging[0m:[36mlog_audio_event[0m | [1mAudio event: tts_success[0m
[32m17:27:23.415[0m | [1mINFO    [0m | [36msrc.config.logging[0m:[36mlog_audio_event[0m | [1mAudio event: single_utterance_synthesis[0m
[32m17:27:23.415[0m | [1mINFO    [0m | [36msrc.audio.single_utterance_processor[0m:[36msynthesize[0m | [1mSingle utterance synthesis completed[0m
[32m17:27:23.415[0m | [1mINFO    [0m | [36msrc.conversation.graph.responder[0m:[36mrespond[0m | [1mResponder prepared final output[0m
[32m17:27:23.416[0m | [1mINFO    [0m | [36msrc.conversation.state_machine[0m:[36mtransition_to[0m | [1mState transition completed[0m
[32m17:27:23.429[0m | [1mINFO    [0m | [36msrc.conversation.models[0m:[36mlog_snapshot[0m | [1mTurn metrics updated[0m
[32m17:27:23.429[0m | [1mINFO    [0m | [36msrc.config.logging[0m:[36mlog_conversation_event[0m | [1mConversation event: turn_complete[0m
[32m17:27:23.429[0m | [1mINFO    [0m | [36msrc.conversation.state_machine[0m:[36mtransition_to[0m | [1mState transition completed[0m
[32m17:27:23.442[0m | [1mINFO    [0m | [36msrc.api.websocket[0m:[36m_send_conversation_result[0m | [1mConversation turn completed for session fbb29c66-31ff-4dea-9986-4437dbb1eb68[0m
[32m17:27:23.442[0m | [1mINFO    [0m | [36msrc.api.websocket[0m:[36m_process_streaming_turn[0m | [1mStarting streaming turn for session fbb29c66-31ff-4dea-9986-4437dbb1eb68[0m
[32m17:27:23.442[0m | [1mINFO    [0m | [36msrc.config.logging[0m:[36mlog_conversation_event[0m | [1mConversation event: turn_start[0m
[32m17:27:23.442[0m | [1mINFO    [0m | [36msrc.conversation.state_machine[0m:[36mtransition_to[0m | [1mState transition completed[0m
[32m17:27:23.442[0m | [1mINFO    [0m | [36msrc.config.logging[0m:[36mlog_audio_event[0m | [1mAudio event: streaming_transcription_start[0m
[32m17:27:23.442[0m | [1mINFO    [0m | [36msrc.audio.single_utterance_processor[0m:[36mtranscribe_stream[0m | [1mStarting real-time stream transcription with V2 Recognizer...[0m
[32m17:27:23.443[0m | [1mINFO    [0m | [36msrc.config.logging[0m:[36mlog_audio_event[0m | [1mAudio event: stt_streaming_start[0m
[32m17:27:29.768[0m | [1mINFO    [0m | [36msrc.api.websocket[0m:[36m_handle_message[0m | [1m🎯 Processing WebSocket message[0m
[32m17:27:29.768[0m | [1mINFO    [0m | [36msrc.api.websocket[0m:[36m_handle_message[0m | [1m🏓 Handling ping for session fbb29c66-31ff-4dea-9986-4437dbb1eb68[0m
[32m17:27:29.769[0m | [1mINFO    [0m | [36msrc.api.websocket[0m:[36m_handle_message[0m | [1m✅ ping handled successfully for session fbb29c66-31ff-4dea-9986-4437dbb1eb68[0m
[32m17:27:29.843[0m | [1mINFO    [0m | [36msrc.config.logging[0m:[36mlog_audio_event[0m | [1mAudio event: stt_streaming_event[0m
[32m17:27:29.898[0m | [1mINFO    [0m | [36msrc.audio.single_utterance_processor[0m:[36mtranscribe_stream[0m | [1mFinal transcript received from stream[0m
[32m17:27:29.898[0m | [1mINFO    [0m | [36msrc.config.logging[0m:[36mlog_audio_event[0m | [1mAudio event: streaming_transcription_success[0m
[32m17:27:29.899[0m | [1mINFO    [0m | [36msrc.api.websocket[0m:[36mon_transcript[0m | [1mSent early transcript: Move down....[0m
[32m17:27:29.899[0m | [1mINFO    [0m | [36msrc.conversation.state_machine[0m:[36mtransition_to[0m | [1mState transition completed[0m
[32m17:27:29.899[0m | [1mINFO    [0m | [36msrc.conversation.single_utterance_engine[0m:[36mprocess_conversation_turn[0m | [1mSpeech transcribed via stream[0m
[32m17:27:31.015[0m | [1mINFO    [0m | [36msrc.conversation.graph.runner[0m:[36mrun_turn[0m | [1m[DIAG] Planner tool decision: tool_name=move, tool_args={'direction': 'down', 'distance': 0.2}[0m
[32m17:27:31.015[0m | [1mINFO    [0m | [36msrc.audio.single_utterance_processor[0m:[36msynthesize[0m | [1mSynthesizing single utterance response[0m
[32m17:27:31.015[0m | [1mINFO    [0m | [36msrc.config.logging[0m:[36mlog_audio_event[0m | [1mAudio event: tts_request[0m
[32m17:27:31.018[0m | [1mINFO    [0m | [36msrc.config.logging[0m:[36mlog_mcp_event[0m | [1mMCP event: health_check[0m
[32m17:27:31.297[0m | [1mINFO    [0m | [36msrc.config.logging[0m:[36mlog_audio_event[0m | [1mAudio event: tts_success[0m
[32m17:27:31.297[0m | [1mINFO    [0m | [36msrc.config.logging[0m:[36mlog_audio_event[0m | [1mAudio event: single_utterance_synthesis[0m
[32m17:27:31.297[0m | [1mINFO    [0m | [36msrc.audio.single_utterance_processor[0m:[36msynthesize[0m | [1mSingle utterance synthesis completed[0m
[32m17:27:31.301[0m | [1mINFO    [0m | [36msrc.api.websocket[0m:[36mon_acknowledgment[0m | [1mSent acknowledgment for session fbb29c66-31ff-4dea-9986-4437dbb1eb68: Ok, moving down.[0m
[32m17:27:31.302[0m | [1mINFO    [0m | [36msrc.conversation.graph.runner[0m:[36mrun_turn[0m | [1mAcknowledgment sent before tool execution[0m
[32m17:27:31.302[0m | [1mINFO    [0m | [36msrc.conversation.graph.executor[0m:[36mexecute[0m | [1mInvoking MCP tool[0m
[32m17:27:31.302[0m | [1mINFO    [0m | [36msrc.conversation.graph.executor[0m:[36mexecute[0m | [1m[DIAG] Calling MCP tool: tool=move, args={'direction': 'down', 'distance': 0.2, 'angle': 15.0}[0m
[32m17:27:31.305[0m | [1mINFO    [0m | [36msrc.mcp.stdio_client[0m:[36m_stderr_loop[0m | [1m[moveit stderr] [DIAG] MCP call_tool: name=move, args={'direction': 'down', 'distance': 0.2, 'angle': 15.0}[0m
[move_group-9] [INFO] [1765405651.312451340] [moveit_move_group_default_capabilities.plan_service_capability]: Received new planning service request...
[move_group-9] [INFO] [1765405651.313136934] [moveit.ompl_planning.model_based_planning_context]: Planner configuration 'arm' will use planner 'geometric::RRTConnect'. Additional configuration parameters will be set when the planner is constructed.
[move_group-9] [INFO] [1765405651.337423468] [moveit_move_group_default_capabilities.execute_trajectory_action_capability]: Received goal request
[move_group-9] [INFO] [1765405651.337477819] [moveit_move_group_default_capabilities.execute_trajectory_action_capability]: Execution request received
[move_group-9] [INFO] [1765405651.337492242] [moveit.plugins.moveit_simple_controller_manager]: Returned 2 controllers in list
[move_group-9] [INFO] [1765405651.337500703] [moveit.plugins.moveit_simple_controller_manager]: Returned 2 controllers in list
[move_group-9] [INFO] [1765405651.337526720] [moveit_ros.trajectory_execution_manager]: Validating trajectory with allowed_start_tolerance 0.01
[move_group-9] [INFO] [1765405651.338516772] [moveit_ros.trajectory_execution_manager]: Starting trajectory execution ...
[move_group-9] [INFO] [1765405651.338555747] [moveit.plugins.moveit_simple_controller_manager]: Returned 2 controllers in list
[move_group-9] [INFO] [1765405651.338576376] [moveit.plugins.moveit_simple_controller_manager]: Returned 2 controllers in list
[move_group-9] [INFO] [1765405651.338675637] [moveit.simple_controller_manager.follow_joint_trajectory_controller_handle]: sending trajectory to joint_trajectory_controller
[ros2_control_node-1] [INFO] [1765405651.338857135] [joint_trajectory_controller]: Received new action goal
[ros2_control_node-1] [INFO] [1765405651.338888106] [joint_trajectory_controller]: Accepted new action goal
[move_group-9] [INFO] [1765405651.338953644] [moveit.simple_controller_manager.follow_joint_trajectory_controller_handle]: joint_trajectory_controller started execution
[move_group-9] [INFO] [1765405651.338962546] [moveit.simple_controller_manager.follow_joint_trajectory_controller_handle]: Goal request accepted!
[ros2_control_node-1] [INFO] [1765405657.286328949] [joint_trajectory_controller]: Goal reached, success!
[move_group-9] [INFO] [1765405657.289058712] [moveit.simple_controller_manager.follow_joint_trajectory_controller_handle]: Controller 'joint_trajectory_controller' successfully finished
[move_group-9] [INFO] [1765405657.291454850] [moveit_ros.trajectory_execution_manager]: Completed trajectory execution with status SUCCEEDED ...
[move_group-9] [INFO] [1765405657.291527590] [moveit_move_group_default_capabilities.execute_trajectory_action_capability]: Execution completed: SUCCEEDED
[32m17:27:37.295[0m | [1mINFO    [0m | [36msrc.config.logging[0m:[36mlog_mcp_event[0m | [1mMCP event: tool_invoked[0m
[32m17:27:37.295[0m | [1mINFO    [0m | [36msrc.conversation.graph.executor[0m:[36mexecute[0m | [1m[DIAG] MCP response: tool=move, result={'content': [{'type': 'text', 'text': '{\n  "success": true,\n  "message": "Moved to pose (-0.041, 0.403, 0.300)",\n  "start_pose": {\n    "x": -0.0415,\n    "y": 0.4029,\n    "z": 0.4995\n  },\n  "end_pose": {\n    "x": -0.0429,\n    "y": 0.4022,\n    "z": 0.2992\n  },\n  "duration_ms": 5986.79,\n [0m
[32m17:27:37.295[0m | [1mINFO    [0m | [36msrc.conversation.graph.runner[0m:[36mrun_turn[0m | [1mVerification required after tool execution[0m
[32m17:27:37.295[0m | [1mINFO    [0m | [36msrc.audio.single_utterance_processor[0m:[36msynthesize[0m | [1mSynthesizing single utterance response[0m
[32m17:27:37.296[0m | [1mINFO    [0m | [36msrc.config.logging[0m:[36mlog_audio_event[0m | [1mAudio event: tts_request[0m
[32m17:27:37.544[0m | [1mINFO    [0m | [36msrc.config.logging[0m:[36mlog_audio_event[0m | [1mAudio event: tts_success[0m
[32m17:27:37.544[0m | [1mINFO    [0m | [36msrc.config.logging[0m:[36mlog_audio_event[0m | [1mAudio event: single_utterance_synthesis[0m
[32m17:27:37.544[0m | [1mINFO    [0m | [36msrc.audio.single_utterance_processor[0m:[36msynthesize[0m | [1mSingle utterance synthesis completed[0m
[32m17:27:37.544[0m | [1mINFO    [0m | [36msrc.conversation.graph.responder[0m:[36mrespond[0m | [1mResponder prepared final output[0m
[32m17:27:37.544[0m | [1mINFO    [0m | [36msrc.conversation.state_machine[0m:[36mtransition_to[0m | [1mState transition completed[0m
[32m17:27:37.556[0m | [1mINFO    [0m | [36msrc.conversation.models[0m:[36mlog_snapshot[0m | [1mTurn metrics updated[0m
[32m17:27:37.556[0m | [1mINFO    [0m | [36msrc.config.logging[0m:[36mlog_conversation_event[0m | [1mConversation event: turn_complete[0m
[32m17:27:37.556[0m | [1mINFO    [0m | [36msrc.conversation.state_machine[0m:[36mtransition_to[0m | [1mState transition completed[0m
[32m17:27:37.561[0m | [1mINFO    [0m | [36msrc.api.websocket[0m:[36m_send_conversation_result[0m | [1mConversation turn completed for session fbb29c66-31ff-4dea-9986-4437dbb1eb68[0m
[32m17:27:37.562[0m | [1mINFO    [0m | [36msrc.api.websocket[0m:[36m_process_streaming_turn[0m | [1mStarting streaming turn for session fbb29c66-31ff-4dea-9986-4437dbb1eb68[0m
[32m17:27:37.562[0m | [1mINFO    [0m | [36msrc.config.logging[0m:[36mlog_conversation_event[0m | [1mConversation event: turn_start[0m
[32m17:27:37.562[0m | [1mINFO    [0m | [36msrc.conversation.state_machine[0m:[36mtransition_to[0m | [1mState transition completed[0m
[32m17:27:37.562[0m | [1mINFO    [0m | [36msrc.config.logging[0m:[36mlog_audio_event[0m | [1mAudio event: streaming_transcription_start[0m
[32m17:27:37.562[0m | [1mINFO    [0m | [36msrc.audio.single_utterance_processor[0m:[36mtranscribe_stream[0m | [1mStarting real-time stream transcription with V2 Recognizer...[0m
[32m17:27:37.562[0m | [1mINFO    [0m | [36msrc.config.logging[0m:[36mlog_audio_event[0m | [1mAudio event: stt_streaming_start[0m
[32m17:27:42.197[0m | [1mINFO    [0m | [36msrc.config.logging[0m:[36mlog_audio_event[0m | [1mAudio event: stt_streaming_event[0m
[32m17:27:42.246[0m | [1mINFO    [0m | [36msrc.audio.single_utterance_processor[0m:[36mtranscribe_stream[0m | [1mFinal transcript received from stream[0m
[32m17:27:42.247[0m | [1mINFO    [0m | [36msrc.config.logging[0m:[36mlog_audio_event[0m | [1mAudio event: streaming_transcription_success[0m
[32m17:27:42.247[0m | [1mINFO    [0m | [36msrc.api.websocket[0m:[36mon_transcript[0m | [1mSent early transcript: Go further down....[0m
[32m17:27:42.247[0m | [1mINFO    [0m | [36msrc.conversation.state_machine[0m:[36mtransition_to[0m | [1mState transition completed[0m
[32m17:27:42.247[0m | [1mINFO    [0m | [36msrc.conversation.single_utterance_engine[0m:[36mprocess_conversation_turn[0m | [1mSpeech transcribed via stream[0m
[32m17:27:42.247[0m | [1mINFO    [0m | [36msrc.conversation.graph.runner[0m:[36mrun_turn[0m | [1mVerification pending - passing to planner for LLM classification[0m
[32m17:27:43.483[0m | [1mINFO    [0m | [36msrc.conversation.graph.runner[0m:[36mrun_turn[0m | [1mPhase 11: Processing verification response via LLM[0m
[32m17:27:43.483[0m | [1mINFO    [0m | [36msrc.conversation.graph.runner[0m:[36mrun_turn[0m | [1mNew instruction during verification, proceeding with tool[0m
[32m17:27:43.483[0m | [1mINFO    [0m | [36msrc.conversation.graph.runner[0m:[36mrun_turn[0m | [1m[DIAG] Planner tool decision: tool_name=move, tool_args={'direction': 'down', 'distance': 0.2}[0m
[32m17:27:43.483[0m | [1mINFO    [0m | [36msrc.audio.single_utterance_processor[0m:[36msynthesize[0m | [1mSynthesizing single utterance response[0m
[32m17:27:43.483[0m | [1mINFO    [0m | [36msrc.config.logging[0m:[36mlog_audio_event[0m | [1mAudio event: tts_request[0m
[32m17:27:43.789[0m | [1mINFO    [0m | [36msrc.config.logging[0m:[36mlog_audio_event[0m | [1mAudio event: tts_success[0m
[32m17:27:43.790[0m | [1mINFO    [0m | [36msrc.config.logging[0m:[36mlog_audio_event[0m | [1mAudio event: single_utterance_synthesis[0m
[32m17:27:43.790[0m | [1mINFO    [0m | [36msrc.audio.single_utterance_processor[0m:[36msynthesize[0m | [1mSingle utterance synthesis completed[0m
[32m17:27:43.793[0m | [1mINFO    [0m | [36msrc.api.websocket[0m:[36mon_acknowledgment[0m | [1mSent acknowledgment for session fbb29c66-31ff-4dea-9986-4437dbb1eb68: Ok, moving down.[0m
[32m17:27:43.793[0m | [1mINFO    [0m | [36msrc.conversation.graph.runner[0m:[36mrun_turn[0m | [1mAcknowledgment sent before tool execution[0m
[32m17:27:43.794[0m | [1mINFO    [0m | [36msrc.conversation.graph.executor[0m:[36mexecute[0m | [1mInvoking MCP tool[0m
[32m17:27:43.794[0m | [1mINFO    [0m | [36msrc.conversation.graph.executor[0m:[36mexecute[0m | [1m[DIAG] Calling MCP tool: tool=move, args={'direction': 'down', 'distance': 0.2, 'angle': 15.0}[0m
[32m17:27:43.796[0m | [1mINFO    [0m | [36msrc.mcp.stdio_client[0m:[36m_stderr_loop[0m | [1m[moveit stderr] [DIAG] MCP call_tool: name=move, args={'direction': 'down', 'distance': 0.2, 'angle': 15.0}[0m
[move_group-9] [INFO] [1765405663.799803876] [moveit_move_group_default_capabilities.plan_service_capability]: Received new planning service request...
[move_group-9] [INFO] [1765405663.800076450] [moveit.ompl_planning.model_based_planning_context]: Planner configuration 'arm' will use planner 'geometric::RRTConnect'. Additional configuration parameters will be set when the planner is constructed.
[move_group-9] [INFO] [1765405663.833459937] [moveit_move_group_default_capabilities.execute_trajectory_action_capability]: Received goal request
[move_group-9] [INFO] [1765405663.833554981] [moveit_move_group_default_capabilities.execute_trajectory_action_capability]: Execution request received
[move_group-9] [INFO] [1765405663.833578609] [moveit.plugins.moveit_simple_controller_manager]: Returned 2 controllers in list
[move_group-9] [INFO] [1765405663.833596820] [moveit.plugins.moveit_simple_controller_manager]: Returned 2 controllers in list
[move_group-9] [INFO] [1765405663.833645379] [moveit_ros.trajectory_execution_manager]: Validating trajectory with allowed_start_tolerance 0.01
[move_group-9] [INFO] [1765405663.834426440] [moveit_ros.trajectory_execution_manager]: Starting trajectory execution ...
[move_group-9] [INFO] [1765405663.834452017] [moveit.plugins.moveit_simple_controller_manager]: Returned 2 controllers in list
[move_group-9] [INFO] [1765405663.834463612] [moveit.plugins.moveit_simple_controller_manager]: Returned 2 controllers in list
[move_group-9] [INFO] [1765405663.834536493] [moveit.simple_controller_manager.follow_joint_trajectory_controller_handle]: sending trajectory to joint_trajectory_controller
[move_group-9] [INFO] [1765405663.834779716] [moveit.simple_controller_manager.follow_joint_trajectory_controller_handle]: joint_trajectory_controller started execution
[move_group-9] [INFO] [1765405663.834793648] [moveit.simple_controller_manager.follow_joint_trajectory_controller_handle]: Goal request accepted!
[ros2_control_node-1] [INFO] [1765405663.834679793] [joint_trajectory_controller]: Received new action goal
[ros2_control_node-1] [INFO] [1765405663.834707318] [joint_trajectory_controller]: Accepted new action goal
[ros2_control_node-1] [INFO] [1765405665.302323005] [joint_trajectory_controller]: Goal reached, success!
[move_group-9] [INFO] [1765405665.335107171] [moveit.simple_controller_manager.follow_joint_trajectory_controller_handle]: Controller 'joint_trajectory_controller' successfully finished
[move_group-9] [INFO] [1765405665.337392345] [moveit_ros.trajectory_execution_manager]: Completed trajectory execution with status SUCCEEDED ...
[move_group-9] [INFO] [1765405665.337459101] [moveit_move_group_default_capabilities.execute_trajectory_action_capability]: Execution completed: SUCCEEDED
[32m17:27:45.340[0m | [1mINFO    [0m | [36msrc.config.logging[0m:[36mlog_mcp_event[0m | [1mMCP event: tool_invoked[0m
[32m17:27:45.340[0m | [1mINFO    [0m | [36msrc.conversation.graph.executor[0m:[36mexecute[0m | [1m[DIAG] MCP response: tool=move, result={'content': [{'type': 'text', 'text': '{\n  "success": true,\n  "message": "Moved to pose (-0.043, 0.402, 0.099)",\n  "start_pose": {\n    "x": -0.0429,\n    "y": 0.4022,\n    "z": 0.2991\n  },\n  "end_pose": {\n    "x": -0.0441,\n    "y": 0.4022,\n    "z": 0.0988\n  },\n  "duration_ms": 1542.1,\n  [0m
[32m17:27:45.340[0m | [1mINFO    [0m | [36msrc.conversation.graph.runner[0m:[36mrun_turn[0m | [1mVerification required after tool execution[0m
[32m17:27:45.340[0m | [1mINFO    [0m | [36msrc.audio.single_utterance_processor[0m:[36msynthesize[0m | [1mSynthesizing single utterance response[0m
[32m17:27:45.340[0m | [1mINFO    [0m | [36msrc.config.logging[0m:[36mlog_audio_event[0m | [1mAudio event: tts_request[0m
[32m17:27:45.497[0m | [1mINFO    [0m | [36msrc.config.logging[0m:[36mlog_audio_event[0m | [1mAudio event: tts_success[0m
[32m17:27:45.497[0m | [1mINFO    [0m | [36msrc.config.logging[0m:[36mlog_audio_event[0m | [1mAudio event: single_utterance_synthesis[0m
[32m17:27:45.497[0m | [1mINFO    [0m | [36msrc.audio.single_utterance_processor[0m:[36msynthesize[0m | [1mSingle utterance synthesis completed[0m
[32m17:27:45.497[0m | [1mINFO    [0m | [36msrc.conversation.graph.responder[0m:[36mrespond[0m | [1mResponder prepared final output[0m
[32m17:27:45.498[0m | [1mINFO    [0m | [36msrc.conversation.state_machine[0m:[36mtransition_to[0m | [1mState transition completed[0m
[32m17:27:45.510[0m | [1mINFO    [0m | [36msrc.conversation.models[0m:[36mlog_snapshot[0m | [1mTurn metrics updated[0m
[32m17:27:45.510[0m | [1mINFO    [0m | [36msrc.config.logging[0m:[36mlog_conversation_event[0m | [1mConversation event: turn_complete[0m
[32m17:27:45.510[0m | [1mINFO    [0m | [36msrc.conversation.state_machine[0m:[36mtransition_to[0m | [1mState transition completed[0m
[32m17:27:45.513[0m | [1mINFO    [0m | [36msrc.api.websocket[0m:[36m_send_conversation_result[0m | [1mConversation turn completed for session fbb29c66-31ff-4dea-9986-4437dbb1eb68[0m
[32m17:27:45.513[0m | [1mINFO    [0m | [36msrc.api.websocket[0m:[36m_process_streaming_turn[0m | [1mStarting streaming turn for session fbb29c66-31ff-4dea-9986-4437dbb1eb68[0m
[32m17:27:45.513[0m | [1mINFO    [0m | [36msrc.config.logging[0m:[36mlog_conversation_event[0m | [1mConversation event: turn_start[0m
[32m17:27:45.513[0m | [1mINFO    [0m | [36msrc.conversation.state_machine[0m:[36mtransition_to[0m | [1mState transition completed[0m
[32m17:27:45.514[0m | [1mINFO    [0m | [36msrc.config.logging[0m:[36mlog_audio_event[0m | [1mAudio event: streaming_transcription_start[0m
[32m17:27:45.514[0m | [1mINFO    [0m | [36msrc.audio.single_utterance_processor[0m:[36mtranscribe_stream[0m | [1mStarting real-time stream transcription with V2 Recognizer...[0m
[32m17:27:45.514[0m | [1mINFO    [0m | [36msrc.config.logging[0m:[36mlog_audio_event[0m | [1mAudio event: stt_streaming_start[0m
[32m17:27:57.237[0m | [1mINFO    [0m | [36msrc.config.logging[0m:[36mlog_audio_event[0m | [1mAudio event: stt_streaming_event[0m
[32m17:27:57.270[0m | [1mINFO    [0m | [36msrc.config.logging[0m:[36mlog_audio_event[0m | [1mAudio event: streaming_transcription_success[0m
[32m17:27:57.270[0m | [1mINFO    [0m | [36msrc.conversation.single_utterance_engine[0m:[36mprocess_conversation_turn[0m | [1mTurn ended without transcript (cancelled or no speech)[0m
[32m17:27:57.270[0m | [1mINFO    [0m | [36msrc.conversation.state_machine[0m:[36mtransition_to[0m | [1mState transition completed[0m
[32m17:27:57.270[0m | [1mINFO    [0m | [36msrc.api.websocket[0m:[36m_send_conversation_result[0m | [1mConversation turn completed for session fbb29c66-31ff-4dea-9986-4437dbb1eb68[0m
[32m17:27:57.270[0m | [1mINFO    [0m | [36msrc.api.websocket[0m:[36m_process_streaming_turn[0m | [1mStarting streaming turn for session fbb29c66-31ff-4dea-9986-4437dbb1eb68[0m
[32m17:27:57.271[0m | [1mINFO    [0m | [36msrc.config.logging[0m:[36mlog_conversation_event[0m | [1mConversation event: turn_start[0m
[32m17:27:57.271[0m | [1mINFO    [0m | [36msrc.conversation.state_machine[0m:[36mtransition_to[0m | [1mState transition completed[0m
[32m17:27:57.271[0m | [1mINFO    [0m | [36msrc.config.logging[0m:[36mlog_audio_event[0m | [1mAudio event: streaming_transcription_start[0m
[32m17:27:57.271[0m | [1mINFO    [0m | [36msrc.audio.single_utterance_processor[0m:[36mtranscribe_stream[0m | [1mStarting real-time stream transcription with V2 Recognizer...[0m
[32m17:27:57.271[0m | [1mINFO    [0m | [36msrc.config.logging[0m:[36mlog_audio_event[0m | [1mAudio event: stt_streaming_start[0m
[32m17:27:59.768[0m | [1mINFO    [0m | [36msrc.api.websocket[0m:[36m_handle_message[0m | [1m🎯 Processing WebSocket message[0m
[32m17:27:59.768[0m | [1mINFO    [0m | [36msrc.api.websocket[0m:[36m_handle_message[0m | [1m🏓 Handling ping for session fbb29c66-31ff-4dea-9986-4437dbb1eb68[0m
[32m17:27:59.768[0m | [1mINFO    [0m | [36msrc.api.websocket[0m:[36m_handle_message[0m | [1m✅ ping handled successfully for session fbb29c66-31ff-4dea-9986-4437dbb1eb68[0m
[32m17:28:06.155[0m | [1mINFO    [0m | [36msrc.config.logging[0m:[36mlog_audio_event[0m | [1mAudio event: stt_streaming_event[0m
[32m17:28:06.188[0m | [1mINFO    [0m | [36msrc.config.logging[0m:[36mlog_audio_event[0m | [1mAudio event: streaming_transcription_success[0m
[32m17:28:06.188[0m | [1mINFO    [0m | [36msrc.conversation.single_utterance_engine[0m:[36mprocess_conversation_turn[0m | [1mTurn ended without transcript (cancelled or no speech)[0m
[32m17:28:06.188[0m | [1mINFO    [0m | [36msrc.conversation.state_machine[0m:[36mtransition_to[0m | [1mState transition completed[0m
[32m17:28:06.189[0m | [1mINFO    [0m | [36msrc.api.websocket[0m:[36m_send_conversation_result[0m | [1mConversation turn completed for session fbb29c66-31ff-4dea-9986-4437dbb1eb68[0m
[32m17:28:06.189[0m | [1mINFO    [0m | [36msrc.api.websocket[0m:[36m_process_streaming_turn[0m | [1mStarting streaming turn for session fbb29c66-31ff-4dea-9986-4437dbb1eb68[0m
[32m17:28:06.189[0m | [1mINFO    [0m | [36msrc.config.logging[0m:[36mlog_conversation_event[0m | [1mConversation event: turn_start[0m
[32m17:28:06.189[0m | [1mINFO    [0m | [36msrc.conversation.state_machine[0m:[36mtransition_to[0m | [1mState transition completed[0m
[32m17:28:06.189[0m | [1mINFO    [0m | [36msrc.config.logging[0m:[36mlog_audio_event[0m | [1mAudio event: streaming_transcription_start[0m
[32m17:28:06.190[0m | [1mINFO    [0m | [36msrc.audio.single_utterance_processor[0m:[36mtranscribe_stream[0m | [1mStarting real-time stream transcription with V2 Recognizer...[0m
[32m17:28:06.190[0m | [1mINFO    [0m | [36msrc.config.logging[0m:[36mlog_audio_event[0m | [1mAudio event: stt_streaming_start[0m
[32m17:28:15.254[0m | [1mINFO    [0m | [36msrc.config.logging[0m:[36mlog_audio_event[0m | [1mAudio event: stt_streaming_event[0m
[32m17:28:15.282[0m | [1mINFO    [0m | [36msrc.config.logging[0m:[36mlog_audio_event[0m | [1mAudio event: streaming_transcription_success[0m
[32m17:28:15.283[0m | [1mINFO    [0m | [36msrc.conversation.single_utterance_engine[0m:[36mprocess_conversation_turn[0m | [1mTurn ended without transcript (cancelled or no speech)[0m
[32m17:28:15.283[0m | [1mINFO    [0m | [36msrc.conversation.state_machine[0m:[36mtransition_to[0m | [1mState transition completed[0m
[32m17:28:15.283[0m | [1mINFO    [0m | [36msrc.api.websocket[0m:[36m_send_conversation_result[0m | [1mConversation turn completed for session fbb29c66-31ff-4dea-9986-4437dbb1eb68[0m
[32m17:28:15.283[0m | [1mINFO    [0m | [36msrc.api.websocket[0m:[36m_process_streaming_turn[0m | [1mStarting streaming turn for session fbb29c66-31ff-4dea-9986-4437dbb1eb68[0m
[32m17:28:15.283[0m | [1mINFO    [0m | [36msrc.config.logging[0m:[36mlog_conversation_event[0m | [1mConversation event: turn_start[0m
[32m17:28:15.283[0m | [1mINFO    [0m | [36msrc.conversation.state_machine[0m:[36mtransition_to[0m | [1mState transition completed[0m
[32m17:28:15.284[0m | [1mINFO    [0m | [36msrc.config.logging[0m:[36mlog_audio_event[0m | [1mAudio event: streaming_transcription_start[0m
[32m17:28:15.284[0m | [1mINFO    [0m | [36msrc.audio.single_utterance_processor[0m:[36mtranscribe_stream[0m | [1mStarting real-time stream transcription with V2 Recognizer...[0m
[32m17:28:15.284[0m | [1mINFO    [0m | [36msrc.config.logging[0m:[36mlog_audio_event[0m | [1mAudio event: stt_streaming_start[0m
[32m17:28:26.063[0m | [1mINFO    [0m | [36msrc.config.logging[0m:[36mlog_audio_event[0m | [1mAudio event: stt_streaming_event[0m
[32m17:28:26.109[0m | [1mINFO    [0m | [36msrc.audio.single_utterance_processor[0m:[36mtranscribe_stream[0m | [1mFinal transcript received from stream[0m
[32m17:28:26.109[0m | [1mINFO    [0m | [36msrc.config.logging[0m:[36mlog_audio_event[0m | [1mAudio event: streaming_transcription_success[0m
[32m17:28:26.109[0m | [1mINFO    [0m | [36msrc.api.websocket[0m:[36mon_transcript[0m | [1mSent early transcript: Move gripper, horizontally....[0m
[32m17:28:26.109[0m | [1mINFO    [0m | [36msrc.conversation.state_machine[0m:[36mtransition_to[0m | [1mState transition completed[0m
[32m17:28:26.109[0m | [1mINFO    [0m | [36msrc.conversation.single_utterance_engine[0m:[36mprocess_conversation_turn[0m | [1mSpeech transcribed via stream[0m
[32m17:28:26.110[0m | [1mINFO    [0m | [36msrc.conversation.graph.runner[0m:[36mrun_turn[0m | [1mVerification pending - passing to planner for LLM classification[0m
[32m17:28:27.105[0m | [1mINFO    [0m | [36msrc.conversation.graph.runner[0m:[36mrun_turn[0m | [1mPhase 11: Processing verification response via LLM[0m
[32m17:28:27.105[0m | [1mINFO    [0m | [36msrc.conversation.graph.runner[0m:[36mrun_turn[0m | [1mNew instruction during verification, proceeding with tool[0m
[32m17:28:27.105[0m | [1mINFO    [0m | [36msrc.conversation.graph.runner[0m:[36mrun_turn[0m | [1m[DIAG] Planner tool decision: tool_name=move, tool_args={'direction': 'right', 'distance': 0.2}[0m
[32m17:28:27.105[0m | [1mINFO    [0m | [36msrc.audio.single_utterance_processor[0m:[36msynthesize[0m | [1mSynthesizing single utterance response[0m
[32m17:28:27.106[0m | [1mINFO    [0m | [36msrc.config.logging[0m:[36mlog_audio_event[0m | [1mAudio event: tts_request[0m
[32m17:28:27.291[0m | [1mINFO    [0m | [36msrc.config.logging[0m:[36mlog_audio_event[0m | [1mAudio event: tts_success[0m
[32m17:28:27.291[0m | [1mINFO    [0m | [36msrc.config.logging[0m:[36mlog_audio_event[0m | [1mAudio event: single_utterance_synthesis[0m
[32m17:28:27.291[0m | [1mINFO    [0m | [36msrc.audio.single_utterance_processor[0m:[36msynthesize[0m | [1mSingle utterance synthesis completed[0m
[32m17:28:27.294[0m | [1mINFO    [0m | [36msrc.api.websocket[0m:[36mon_acknowledgment[0m | [1mSent acknowledgment for session fbb29c66-31ff-4dea-9986-4437dbb1eb68: Ok, moving right.[0m
[32m17:28:27.294[0m | [1mINFO    [0m | [36msrc.conversation.graph.runner[0m:[36mrun_turn[0m | [1mAcknowledgment sent before tool execution[0m
[32m17:28:27.294[0m | [1mINFO    [0m | [36msrc.conversation.graph.executor[0m:[36mexecute[0m | [1mInvoking MCP tool[0m
[32m17:28:27.294[0m | [1mINFO    [0m | [36msrc.conversation.graph.executor[0m:[36mexecute[0m | [1m[DIAG] Calling MCP tool: tool=move, args={'direction': 'right', 'distance': 0.2, 'angle': 15.0}[0m
[32m17:28:27.298[0m | [1mINFO    [0m | [36msrc.mcp.stdio_client[0m:[36m_stderr_loop[0m | [1m[moveit stderr] [DIAG] MCP call_tool: name=move, args={'direction': 'right', 'distance': 0.2, 'angle': 15.0}[0m
[move_group-9] [INFO] [1765405707.303965297] [moveit_move_group_default_capabilities.plan_service_capability]: Received new planning service request...
[move_group-9] [INFO] [1765405707.304266959] [moveit.ompl_planning.model_based_planning_context]: Planner configuration 'arm' will use planner 'geometric::RRTConnect'. Additional configuration parameters will be set when the planner is constructed.
[move_group-9] [ERROR] [1765405707.807584638] [ompl]: ./src/ompl/geometric/planners/rrt/src/RRTConnect.cpp:265 - arm/arm: Unable to sample any valid states for goal tree
[move_group-9] [ERROR] [1765405707.807614086] [ompl]: ./src/ompl/geometric/planners/rrt/src/RRTConnect.cpp:265 - arm/arm: Unable to sample any valid states for goal tree
[move_group-9] [ERROR] [1765405707.807637005] [ompl]: ./src/ompl/geometric/planners/rrt/src/RRTConnect.cpp:265 - arm/arm: Unable to sample any valid states for goal tree
[move_group-9] [ERROR] [1765405707.807714965] [ompl]: ./src/ompl/geometric/planners/rrt/src/RRTConnect.cpp:265 - arm/arm: Unable to sample any valid states for goal tree
[move_group-9] [WARN] [1765405707.807752920] [ompl]: ./src/ompl/tools/multiplan/src/ParallelPlan.cpp:138 - ParallelPlan::solve(): Unable to find solution by any of the threads in 0.503392 seconds
[move_group-9] [INFO] [1765405707.814482742] [moveit.ompl_planning.model_based_planning_context]: Unable to solve the planning problem
[32m17:28:27.817[0m | [1mINFO    [0m | [36msrc.config.logging[0m:[36mlog_mcp_event[0m | [1mMCP event: tool_invoked[0m
[32m17:28:27.817[0m | [1mINFO    [0m | [36msrc.conversation.graph.executor[0m:[36mexecute[0m | [1m[DIAG] MCP response: tool=move, result={'content': [{'type': 'text', 'text': '{\n  "success": false,\n  "message": "Motion planning/execution failed (error_code: moveit_msgs.msg.MoveItErrorCodes(val=1))",\n  "start_pose": {\n    "x": -0.0441,\n    "y": 0.4022,\n    "z": 0.0988\n  },\n  "end_pose": {\n    "x": -0.0441,\n    "y": 0.4022,\n[0m
[32m17:28:27.817[0m | [33m[1mWARNING [0m | [36msrc.conversation.graph.executor[0m:[36mexecute[0m | [33m[1mTool reported error payload[0m
[32m17:28:27.817[0m | [33m[1mWARNING [0m | [36msrc.conversation.graph.runner[0m:[36mrun_turn[0m | [33m[1mTool execution failed - stopping turn[0m
[32m17:28:27.817[0m | [1mINFO    [0m | [36msrc.audio.single_utterance_processor[0m:[36msynthesize[0m | [1mSynthesizing single utterance response[0m
[32m17:28:27.817[0m | [1mINFO    [0m | [36msrc.config.logging[0m:[36mlog_audio_event[0m | [1mAudio event: tts_request[0m
[32m17:28:28.335[0m | [1mINFO    [0m | [36msrc.config.logging[0m:[36mlog_audio_event[0m | [1mAudio event: tts_success[0m
[32m17:28:28.335[0m | [1mINFO    [0m | [36msrc.config.logging[0m:[36mlog_audio_event[0m | [1mAudio event: single_utterance_synthesis[0m
[32m17:28:28.335[0m | [1mINFO    [0m | [36msrc.audio.single_utterance_processor[0m:[36msynthesize[0m | [1mSingle utterance synthesis completed[0m
[32m17:28:28.336[0m | [1mINFO    [0m | [36msrc.conversation.graph.responder[0m:[36mrespond[0m | [1mResponder prepared final output[0m
[32m17:28:28.336[0m | [1mINFO    [0m | [36msrc.conversation.state_machine[0m:[36mtransition_to[0m | [1mState transition completed[0m
[32m17:28:28.348[0m | [1mINFO    [0m | [36msrc.conversation.models[0m:[36mlog_snapshot[0m | [1mTurn metrics updated[0m
[32m17:28:28.348[0m | [1mINFO    [0m | [36msrc.config.logging[0m:[36mlog_conversation_event[0m | [1mConversation event: turn_complete[0m
[32m17:28:28.348[0m | [1mINFO    [0m | [36msrc.conversation.state_machine[0m:[36mtransition_to[0m | [1mState transition completed[0m
[32m17:28:28.356[0m | [1mINFO    [0m | [36msrc.api.websocket[0m:[36m_send_conversation_result[0m | [1mConversation turn completed for session fbb29c66-31ff-4dea-9986-4437dbb1eb68[0m
[32m17:28:28.356[0m | [1mINFO    [0m | [36msrc.api.websocket[0m:[36m_process_streaming_turn[0m | [1mStarting streaming turn for session fbb29c66-31ff-4dea-9986-4437dbb1eb68[0m
[32m17:28:28.356[0m | [1mINFO    [0m | [36msrc.config.logging[0m:[36mlog_conversation_event[0m | [1mConversation event: turn_start[0m
[32m17:28:28.357[0m | [1mINFO    [0m | [36msrc.conversation.state_machine[0m:[36mtransition_to[0m | [1mState transition completed[0m
[32m17:28:28.357[0m | [1mINFO    [0m | [36msrc.config.logging[0m:[36mlog_audio_event[0m | [1mAudio event: streaming_transcription_start[0m
[32m17:28:28.357[0m | [1mINFO    [0m | [36msrc.audio.single_utterance_processor[0m:[36mtranscribe_stream[0m | [1mStarting real-time stream transcription with V2 Recognizer...[0m
[32m17:28:28.357[0m | [1mINFO    [0m | [36msrc.config.logging[0m:[36mlog_audio_event[0m | [1mAudio event: stt_streaming_start[0m
[32m17:28:29.768[0m | [1mINFO    [0m | [36msrc.api.websocket[0m:[36m_handle_message[0m | [1m🎯 Processing WebSocket message[0m
[32m17:28:29.768[0m | [1mINFO    [0m | [36msrc.api.websocket[0m:[36m_handle_message[0m | [1m🏓 Handling ping for session fbb29c66-31ff-4dea-9986-4437dbb1eb68[0m
[32m17:28:29.768[0m | [1mINFO    [0m | [36msrc.api.websocket[0m:[36m_handle_message[0m | [1m✅ ping handled successfully for session fbb29c66-31ff-4dea-9986-4437dbb1eb68[0m
[32m17:28:31.022[0m | [1mINFO    [0m | [36msrc.config.logging[0m:[36mlog_mcp_event[0m | [1mMCP event: health_check[0m
[32m17:28:35.048[0m | [1mINFO    [0m | [36msrc.config.logging[0m:[36mlog_audio_event[0m | [1mAudio event: stt_streaming_event[0m
[32m17:28:35.072[0m | [1mINFO    [0m | [36msrc.audio.single_utterance_processor[0m:[36mtranscribe_stream[0m | [1mFinal transcript received from stream[0m
[32m17:28:35.073[0m | [1mINFO    [0m | [36msrc.config.logging[0m:[36mlog_audio_event[0m | [1mAudio event: streaming_transcription_success[0m
[32m17:28:35.073[0m | [1mINFO    [0m | [36msrc.api.websocket[0m:[36mon_transcript[0m | [1mSent early transcript: Play Grandpa horizontally....[0m
[32m17:28:35.073[0m | [1mINFO    [0m | [36msrc.conversation.state_machine[0m:[36mtransition_to[0m | [1mState transition completed[0m
[32m17:28:35.073[0m | [1mINFO    [0m | [36msrc.conversation.single_utterance_engine[0m:[36mprocess_conversation_turn[0m | [1mSpeech transcribed via stream[0m
[32m17:28:36.321[0m | [1mINFO    [0m | [36msrc.audio.single_utterance_processor[0m:[36msynthesize[0m | [1mSynthesizing single utterance response[0m
[32m17:28:36.321[0m | [1mINFO    [0m | [36msrc.config.logging[0m:[36mlog_audio_event[0m | [1mAudio event: tts_request[0m
[32m17:28:36.733[0m | [1mINFO    [0m | [36msrc.config.logging[0m:[36mlog_audio_event[0m | [1mAudio event: tts_success[0m
[32m17:28:36.734[0m | [1mINFO    [0m | [36msrc.config.logging[0m:[36mlog_audio_event[0m | [1mAudio event: single_utterance_synthesis[0m
[32m17:28:36.734[0m | [1mINFO    [0m | [36msrc.audio.single_utterance_processor[0m:[36msynthesize[0m | [1mSingle utterance synthesis completed[0m
[32m17:28:36.734[0m | [1mINFO    [0m | [36msrc.conversation.graph.responder[0m:[36mrespond[0m | [1mResponder prepared final output[0m
[32m17:28:36.734[0m | [1mINFO    [0m | [36msrc.conversation.state_machine[0m:[36mtransition_to[0m | [1mState transition completed[0m
[32m17:28:36.747[0m | [1mINFO    [0m | [36msrc.conversation.models[0m:[36mlog_snapshot[0m | [1mTurn metrics updated[0m
[32m17:28:36.747[0m | [1mINFO    [0m | [36msrc.config.logging[0m:[36mlog_conversation_event[0m | [1mConversation event: turn_complete[0m
[32m17:28:36.747[0m | [1mINFO    [0m | [36msrc.conversation.state_machine[0m:[36mtransition_to[0m | [1mState transition completed[0m
[32m17:28:36.760[0m | [1mINFO    [0m | [36msrc.api.websocket[0m:[36m_send_conversation_result[0m | [1mConversation turn completed for session fbb29c66-31ff-4dea-9986-4437dbb1eb68[0m
[32m17:28:36.761[0m | [1mINFO    [0m | [36msrc.api.websocket[0m:[36m_process_streaming_turn[0m | [1mStarting streaming turn for session fbb29c66-31ff-4dea-9986-4437dbb1eb68[0m
[32m17:28:36.761[0m | [1mINFO    [0m | [36msrc.config.logging[0m:[36mlog_conversation_event[0m | [1mConversation event: turn_start[0m
[32m17:28:36.761[0m | [1mINFO    [0m | [36msrc.conversation.state_machine[0m:[36mtransition_to[0m | [1mState transition completed[0m
[32m17:28:36.761[0m | [1mINFO    [0m | [36msrc.config.logging[0m:[36mlog_audio_event[0m | [1mAudio event: streaming_transcription_start[0m
[32m17:28:36.761[0m | [1mINFO    [0m | [36msrc.audio.single_utterance_processor[0m:[36mtranscribe_stream[0m | [1mStarting real-time stream transcription with V2 Recognizer...[0m
[32m17:28:36.761[0m | [1mINFO    [0m | [36msrc.config.logging[0m:[36mlog_audio_event[0m | [1mAudio event: stt_streaming_start[0m
