
[0;36m================================================================================[0m
[0;36m  HRI Social Learner Manipulator - Full System Startup[0m
[0;36m  Phase 4: Human-in-the-Loop Testing[0m
[0;36m================================================================================[0m

[1;33m================================================================================[0m
[1;33m  HARDWARE MODE ENABLED - Connecting to real Kinova robot[0m
[1;33m  Robot IP: 192.168.1.10[0m
[1;33m  NOTE: ARM MOTION TESTING ONLY - Camera not included[0m
[1;33m================================================================================[0m


[0;34m>>> Setting up ROS 2 environment...[0m

[0;32m[OK][0m Sourced ROS 2 Humble
not found: "/root/ros2_ws/install/local_setup.bash"
[0;32m[OK][0m Sourced project workspace: /home/snickers/Documents/git-repos/hri-social-learner-manipulator/install
[0;32m[OK][0m Sourced ros2_ws (Kinova packages)

[0;34m>>> Cleaning up stale processes from previous runs...[0m

[0;36m[INFO][0m Cleaning up 10 stale FastRTPS shared memory files...
The daemon is not running
[0;36m[INFO][0m Waiting for processes to terminate...
[0;32m[OK][0m Cleaned up 1 stale process group(s)

[0;34m>>> Checking prerequisites...[0m

[0;32m[OK][0m ROS 2 found: 
[0;32m[OK][0m Python 3 found: Python 3.10.12
[0;32m[OK][0m Perception MCP server found
[0;32m[OK][0m MoveIt MCP server found
[0;32m[OK][0m Conversational engine found
[0;32m[OK][0m GOOGLE_API_KEY exported from .env file
[0;32m[OK][0m All prerequisites satisfied

[0;34m>>> Starting HARDWARE MODE (Real Kinova Robot)...[0m

[0;36m[INFO][0m Robot IP: 192.168.1.10
[1;33m[WARN][0m NOTE: Camera not included - ARM MOTION TESTING ONLY
[0;36m[INFO][0m Checking network connectivity to robot...
[0;32m[OK][0m Robot is reachable at 192.168.1.10
[0;36m[INFO][0m Launching manipulation_scene.launch.py (hardware_mode=true)...
[0;36m[INFO][0m Waiting for ros2_kortex driver to initialize (20 seconds)...
[INFO] [launch]: All log files can be found below /home/snickers/.ros/log/2025-12-10-18-28-35-313057-snickers-jammy-36082
[INFO] [launch]: Default logging verbosity is set to INFO
warning: Using load_yaml() directly is deprecated. Use xacro.load_yaml() instead.
[INFO] [launch.user]: HARDWARE MODE: Connecting to Kinova Gen3 Lite at 192.168.1.10
[DEBUG] Saved resolved YAML to: /home/snickers/ros2_ws/install/kortex_description/share/kortex_description/arms/gen3_lite/6dof/config/ros2_controllers.yaml
[INFO] [ros2_control_node-1]: process started with pid [36086]
[INFO] [robot_state_publisher-2]: process started with pid [36088]
[INFO] [spawner-3]: process started with pid [36090]
[INFO] [spawner-4]: process started with pid [36092]
[INFO] [spawner-5]: process started with pid [36094]
[INFO] [spawner-6]: process started with pid [36096]
[INFO] [spawner-7]: process started with pid [36098]
[INFO] [robot_state_publisher-8]: process started with pid [36100]
[INFO] [move_group-9]: process started with pid [36102]
[ros2_control_node-1] [INFO] [1765409315.730086170] [controller_manager]: Subscribing to '~/robot_description' topic for robot description file.
[ros2_control_node-1] [INFO] [1765409315.730793536] [controller_manager]: update rate is 1000 Hz
[ros2_control_node-1] [INFO] [1765409315.730815629] [controller_manager]: Spawning controller_manager RT thread with scheduler priority: 50
[ros2_control_node-1] [WARN] [1765409315.730881257] [controller_manager]: Could not enable FIFO RT scheduling policy: with error number <1>(Operation not permitted). See [https://control.ros.org/master/doc/ros2_control/controller_manager/doc/userdoc.html] for details on how to enable realtime scheduling.
[robot_state_publisher-2] [INFO] [1765409315.747964431] [robot_state_publisher]: got segment arm_link
[robot_state_publisher-2] [INFO] [1765409315.748044329] [robot_state_publisher]: got segment base_link
[robot_state_publisher-2] [INFO] [1765409315.748049236] [robot_state_publisher]: got segment dummy_link
[robot_state_publisher-2] [INFO] [1765409315.748052129] [robot_state_publisher]: got segment end_effector_link
[robot_state_publisher-2] [INFO] [1765409315.748054801] [robot_state_publisher]: got segment forearm_link
[robot_state_publisher-2] [INFO] [1765409315.748057270] [robot_state_publisher]: got segment gripper_base_link
[robot_state_publisher-2] [INFO] [1765409315.748059695] [robot_state_publisher]: got segment left_finger_dist_link
[robot_state_publisher-2] [INFO] [1765409315.748062444] [robot_state_publisher]: got segment left_finger_prox_link
[robot_state_publisher-2] [INFO] [1765409315.748064865] [robot_state_publisher]: got segment lower_wrist_link
[robot_state_publisher-2] [INFO] [1765409315.748067361] [robot_state_publisher]: got segment right_finger_dist_link
[robot_state_publisher-2] [INFO] [1765409315.748069823] [robot_state_publisher]: got segment right_finger_prox_link
[robot_state_publisher-2] [INFO] [1765409315.748072217] [robot_state_publisher]: got segment shoulder_link
[robot_state_publisher-2] [INFO] [1765409315.748074643] [robot_state_publisher]: got segment tool_frame
[robot_state_publisher-2] [INFO] [1765409315.748077102] [robot_state_publisher]: got segment upper_wrist_link
[robot_state_publisher-2] [INFO] [1765409315.748079544] [robot_state_publisher]: got segment world
[ros2_control_node-1] [INFO] [1765409315.748236334] [controller_manager]: Received robot description file.
[ros2_control_node-1] [INFO] [1765409315.748594651] [resource_manager]: Loading hardware 'KortexMultiInterfaceHardware' 
[ros2_control_node-1] [INFO] [1765409315.757239501] [KortexMultiInterfaceHardware]: Setting severity threshold to DEBUG
[ros2_control_node-1] [INFO] [1765409315.757315225] [resource_manager]: Initialize hardware 'KortexMultiInterfaceHardware' 
[ros2_control_node-1] [INFO] [1765409315.757329830] [KortexMultiInterfaceHardware]: Configuring Hardware Interface
[ros2_control_node-1] [INFO] [1765409315.757360470] [KortexMultiInterfaceHardware]: Robot ip is '192.168.1.10'
[ros2_control_node-1] [INFO] [1765409315.757366867] [KortexMultiInterfaceHardware]: Username is 'admin'
[ros2_control_node-1] [INFO] [1765409315.757375647] [KortexMultiInterfaceHardware]: Port used '10000'
[ros2_control_node-1] [INFO] [1765409315.757381222] [KortexMultiInterfaceHardware]: Realtime port used '10001'
[ros2_control_node-1] [INFO] [1765409315.757386444] [KortexMultiInterfaceHardware]: Session inactivity timeout is '60000'
[ros2_control_node-1] [INFO] [1765409315.757391723] [KortexMultiInterfaceHardware]: Connection inactivity timeout is '2000'
[ros2_control_node-1] [INFO] [1765409315.757396813] [KortexMultiInterfaceHardware]: Gripper joint name is 'right_finger_bottom_joint'
[ros2_control_node-1] [INFO] [1765409315.757401246] [KortexMultiInterfaceHardware]: Listing all keys in hardware_parameters:
[ros2_control_node-1] [INFO] [1765409315.757406861] [KortexMultiInterfaceHardware]: Prefix is 
[ros2_control_node-1] [INFO] [1765409315.757412837] [KortexMultiInterfaceHardware]: updated gripper joint name is right_finger_bottom_joint
[ros2_control_node-1] [INFO] [1765409315.757429287] [KortexMultiInterfaceHardware]: Connecting to robot at 192.168.1.10
[ros2_control_node-1] [INFO] [1765409315.758159472] [KortexMultiInterfaceHardware]: Creating session for communication
[robot_state_publisher-8] [INFO] [1765409315.760898014] [robot_state_publisher]: got segment arm_link
[robot_state_publisher-8] [INFO] [1765409315.761027505] [robot_state_publisher]: got segment base_link
[robot_state_publisher-8] [INFO] [1765409315.761042293] [robot_state_publisher]: got segment dummy_link
[robot_state_publisher-8] [INFO] [1765409315.761051826] [robot_state_publisher]: got segment end_effector_link
[robot_state_publisher-8] [INFO] [1765409315.761060538] [robot_state_publisher]: got segment forearm_link
[robot_state_publisher-8] [INFO] [1765409315.761068798] [robot_state_publisher]: got segment gripper_base_link
[robot_state_publisher-8] [INFO] [1765409315.761076910] [robot_state_publisher]: got segment left_finger_dist_link
[robot_state_publisher-8] [INFO] [1765409315.761085270] [robot_state_publisher]: got segment left_finger_prox_link
[robot_state_publisher-8] [INFO] [1765409315.761093412] [robot_state_publisher]: got segment lower_wrist_link
[robot_state_publisher-8] [INFO] [1765409315.761101330] [robot_state_publisher]: got segment right_finger_dist_link
[robot_state_publisher-8] [INFO] [1765409315.761109420] [robot_state_publisher]: got segment right_finger_prox_link
[robot_state_publisher-8] [INFO] [1765409315.761117478] [robot_state_publisher]: got segment shoulder_link
[robot_state_publisher-8] [INFO] [1765409315.761125420] [robot_state_publisher]: got segment tool_frame
[robot_state_publisher-8] [INFO] [1765409315.761133250] [robot_state_publisher]: got segment upper_wrist_link
[robot_state_publisher-8] [INFO] [1765409315.761140910] [robot_state_publisher]: got segment world
[robot_state_publisher-8] [INFO] [1765409315.761149011] [robot_state_publisher]: got segment wrist_camera_link
[robot_state_publisher-8] [INFO] [1765409315.761157366] [robot_state_publisher]: got segment wrist_camera_optical_frame
[move_group-9] [INFO] [1765409315.767225220] [moveit_rdf_loader.rdf_loader]: Loaded robot model in 0.0231596 seconds
[move_group-9] [INFO] [1765409315.767270903] [moveit_robot_model.robot_model]: Loading robot model 'gen3_lite_gen3_lite_2f'...
[move_group-9] [INFO] [1765409315.767275999] [moveit_robot_model.robot_model]: No root/virtual joint specified in SRDF. Assuming fixed joint
[spawner-5] [INFO] [1765409315.923245090] [spawner_twist_controller]: waiting for service /controller_manager/list_controllers to become available...
[spawner-6] [INFO] [1765409315.970154554] [spawner_fault_controller]: waiting for service /controller_manager/list_controllers to become available...
[spawner-3] [INFO] [1765409315.983124054] [spawner_joint_state_broadcaster]: waiting for service /controller_manager/list_controllers to become available...
[spawner-7] [INFO] [1765409315.983138604] [spawner_gen3_lite_2f_gripper_controller]: waiting for service /controller_manager/list_controllers to become available...
[spawner-4] [INFO] [1765409315.988895831] [spawner_joint_trajectory_controller]: waiting for service /controller_manager/list_controllers to become available...
[ros2_control_node-1] [INFO] [1765409316.023951051] [KortexMultiInterfaceHardware]: Session created
[move_group-9] [WARN] [1765409316.041717563] [moveit_robot_model.robot_model]: Could not identify parent group for end-effector 'end_effector'
[move_group-9] [INFO] [1765409316.515705352] [moveit_ros.planning_scene_monitor.planning_scene_monitor]: Publishing maintained planning scene on 'monitored_planning_scene'
[move_group-9] [INFO] [1765409316.515848641] [moveit.ros_planning_interface.moveit_cpp]: Listening to 'joint_states' for joint states
[move_group-9] [INFO] [1765409316.516499655] [moveit_ros.current_state_monitor]: Listening to joint states on topic 'joint_states'
[move_group-9] [INFO] [1765409316.516838494] [moveit_ros.planning_scene_monitor.planning_scene_monitor]: Listening to '/attached_collision_object' for attached collision objects
[move_group-9] [INFO] [1765409316.516875196] [moveit_ros.planning_scene_monitor.planning_scene_monitor]: Starting planning scene monitor
[move_group-9] [INFO] [1765409316.517067907] [moveit_ros.planning_scene_monitor.planning_scene_monitor]: Listening to '/planning_scene'
[move_group-9] [INFO] [1765409316.517078205] [moveit_ros.planning_scene_monitor.planning_scene_monitor]: Starting world geometry update monitor for collision objects, attached objects, octomap updates.
[move_group-9] [INFO] [1765409316.517234654] [moveit_ros.planning_scene_monitor.planning_scene_monitor]: Listening to 'collision_object'
[move_group-9] [INFO] [1765409316.517617207] [moveit_ros.planning_scene_monitor.planning_scene_monitor]: Listening to 'planning_scene_world' for planning scene world geometry
[move_group-9] [WARN] [1765409316.517955721] [moveit.ros.occupancy_map_monitor.middleware_handle]: Resolution not specified for Octomap. Assuming resolution = 0.1 instead
[move_group-9] [ERROR] [1765409316.517967122] [moveit.ros.occupancy_map_monitor.middleware_handle]: No 3D sensor plugin(s) defined for octomap updates
[ros2_control_node-1] [INFO] [1765409316.611014421] [KortexMultiInterfaceHardware]: Actuator count reported by robot is '6'
[ros2_control_node-1] [INFO] [1765409316.611053037] [KortexMultiInterfaceHardware]: Using internal bus communication for gripper!
[ros2_control_node-1] [INFO] [1765409316.611059425] [KortexMultiInterfaceHardware]: Hardware Interface successfully configured
[ros2_control_node-1] [INFO] [1765409316.611080929] [resource_manager]: Successful initialization of hardware 'KortexMultiInterfaceHardware'
[ros2_control_node-1] [DEBUG] [1765409316.611093873] [KortexMultiInterfaceHardware]: export_state_interfaces for joint: joint_1
[ros2_control_node-1] [DEBUG] [1765409316.611102181] [KortexMultiInterfaceHardware]: export_state_interfaces for joint: joint_2
[ros2_control_node-1] [DEBUG] [1765409316.611106756] [KortexMultiInterfaceHardware]: export_state_interfaces for joint: joint_3
[ros2_control_node-1] [DEBUG] [1765409316.611111010] [KortexMultiInterfaceHardware]: export_state_interfaces for joint: joint_4
[ros2_control_node-1] [DEBUG] [1765409316.611115012] [KortexMultiInterfaceHardware]: export_state_interfaces for joint: joint_5
[ros2_control_node-1] [DEBUG] [1765409316.611119278] [KortexMultiInterfaceHardware]: export_state_interfaces for joint: joint_6
[ros2_control_node-1] [DEBUG] [1765409316.611123622] [KortexMultiInterfaceHardware]: export_state_interfaces for joint: right_finger_bottom_joint
[ros2_control_node-1] [INFO] [1765409316.611166549] [KortexMultiInterfaceHardware]: Gripper max vel and effort configured
[ros2_control_node-1] [INFO] [1765409316.611280045] [resource_manager]: 'configure' hardware 'KortexMultiInterfaceHardware' 
[ros2_control_node-1] [INFO] [1765409316.611291138] [resource_manager]: Successful 'configure' of hardware 'KortexMultiInterfaceHardware'
[ros2_control_node-1] [INFO] [1765409316.611305338] [resource_manager]: 'activate' hardware 'KortexMultiInterfaceHardware' 
[ros2_control_node-1] [INFO] [1765409316.611310932] [KortexMultiInterfaceHardware]: Activating KortexMultiInterfaceHardware...
[ros2_control_node-1] [INFO] [1765409316.611956851] [KortexMultiInterfaceHardware]: Gripper initial position is '-3.004441'.
[ros2_control_node-1] [INFO] [1765409316.611990844] [KortexMultiInterfaceHardware]: Initialize interconnect command to current gripper position
[ros2_control_node-1] [INFO] [1765409316.612389138] [KortexMultiInterfaceHardware]: KortexMultiInterfaceHardware successfully activated!
[ros2_control_node-1] [INFO] [1765409316.612407610] [resource_manager]: Successful 'activate' of hardware 'KortexMultiInterfaceHardware'
[ros2_control_node-1] [DEBUG] [1765409316.612937422] [KortexMultiInterfaceHardware]: Fault was not recognized on the robot but combination of Control Mode and Active State are not supported!
[ros2_control_node-1] [DEBUG] [1765409316.613526076] [KortexMultiInterfaceHardware]: No controller active in LOW_LEVEL_SERVOING mode !
[ros2_control_node-1] [DEBUG] [1765409316.613952543] [KortexMultiInterfaceHardware]: No controller active in LOW_LEVEL_SERVOING mode !
[ros2_control_node-1] [DEBUG] [1765409316.614249126] [KortexMultiInterfaceHardware]: No controller active in LOW_LEVEL_SERVOING mode !
[ros2_control_node-1] [DEBUG] [1765409316.614520825] [KortexMultiInterfaceHardware]: No controller active in LOW_LEVEL_SERVOING mode !
[ros2_control_node-1] [DEBUG] [1765409316.614932811] [KortexMultiInterfaceHardware]: No controller active in LOW_LEVEL_SERVOING mode !
[ros2_control_node-1] [DEBUG] [1765409316.615234697] [KortexMultiInterfaceHardware]: No controller active in LOW_LEVEL_SERVOING mode !
[ros2_control_node-1] [DEBUG] [1765409316.615525107] [KortexMultiInterfaceHardware]: No controller active in LOW_LEVEL_SERVOING mode !
[ros2_control_node-1] [DEBUG] [1765409316.615950126] [KortexMultiInterfaceHardware]: No controller active in LOW_LEVEL_SERVOING mode !
[ros2_control_node-1] [INFO] [1765409316.616179028] [controller_manager]: Received robot description file.
[ros2_control_node-1] [WARN] [1765409316.616196920] [controller_manager]: ResourceManager has already loaded an urdf file. Ignoring attempt to reload a robot description file.
[ros2_control_node-1] [DEBUG] [1765409316.616262268] [KortexMultiInterfaceHardware]: No controller active in LOW_LEVEL_SERVOING mode !
[ros2_control_node-1] [DEBUG] [1765409316.616518822] [KortexMultiInterfaceHardware]: No controller active in LOW_LEVEL_SERVOING mode !
[ros2_control_node-1] [DEBUG] [1765409316.616922706] [KortexMultiInterfaceHardware]: No controller active in LOW_LEVEL_SERVOING mode !
[ros2_control_node-1] [DEBUG] [1765409316.617188153] [KortexMultiInterfaceHardware]: No controller active in LOW_LEVEL_SERVOING mode !
[ros2_control_node-1] [DEBUG] [1765409316.617439312] [KortexMultiInterfaceHardware]: No controller active in LOW_LEVEL_SERVOING mode !
[ros2_control_node-1] [DEBUG] [1765409316.617981793] [KortexMultiInterfaceHardware]: No controller active in LOW_LEVEL_SERVOING mode !
[ros2_control_node-1] [DEBUG] [1765409316.618230881] [KortexMultiInterfaceHardware]: No controller active in LOW_LEVEL_SERVOING mode !
[ros2_control_node-1] [DEBUG] [1765409316.618464040] [KortexMultiInterfaceHardware]: No controller active in LOW_LEVEL_SERVOING mode !
[ros2_control_node-1] [DEBUG] [1765409316.618685849] [KortexMultiInterfaceHardware]: No controller active in LOW_LEVEL_SERVOING mode !
[ros2_control_node-1] [DEBUG] [1765409316.618942656] [KortexMultiInterfaceHardware]: No controller active in LOW_LEVEL_SERVOING mode !
[ros2_control_node-1] [DEBUG] [1765409316.619190930] [KortexMultiInterfaceHardware]: No controller active in LOW_LEVEL_SERVOING mode !
[ros2_control_node-1] [DEBUG] [1765409316.619453222] [KortexMultiInterfaceHardware]: No controller active in LOW_LEVEL_SERVOING mode !
[ros2_control_node-1] [DEBUG] [1765409316.619986172] [KortexMultiInterfaceHardware]: No controller active in LOW_LEVEL_SERVOING mode !
[ros2_control_node-1] [DEBUG] [1765409316.620244503] [KortexMultiInterfaceHardware]: No controller active in LOW_LEVEL_SERVOING mode !
[ros2_control_node-1] [DEBUG] [1765409316.620489886] [KortexMultiInterfaceHardware]: No controller active in LOW_LEVEL_SERVOING mode !
[ros2_control_node-1] [DEBUG] [1765409316.620971195] [KortexMultiInterfaceHardware]: No controller active in LOW_LEVEL_SERVOING mode !
[ros2_control_node-1] [DEBUG] [1765409316.621244877] [KortexMultiInterfaceHardware]: No controller active in LOW_LEVEL_SERVOING mode !
[ros2_control_node-1] [DEBUG] [1765409316.621494255] [KortexMultiInterfaceHardware]: No controller active in LOW_LEVEL_SERVOING mode !
[ros2_control_node-1] [DEBUG] [1765409316.621959410] [KortexMultiInterfaceHardware]: No controller active in LOW_LEVEL_SERVOING mode !
[ros2_control_node-1] [DEBUG] [1765409316.622203127] [KortexMultiInterfaceHardware]: No controller active in LOW_LEVEL_SERVOING mode !
[ros2_control_node-1] [DEBUG] [1765409316.622452824] [KortexMultiInterfaceHardware]: No controller active in LOW_LEVEL_SERVOING mode !
[ros2_control_node-1] [DEBUG] [1765409316.622814895] [KortexMultiInterfaceHardware]: No controller active in LOW_LEVEL_SERVOING mode !
[ros2_control_node-1] [DEBUG] [1765409316.623059408] [KortexMultiInterfaceHardware]: No controller active in LOW_LEVEL_SERVOING mode !
[ros2_control_node-1] [DEBUG] [1765409316.623306311] [KortexMultiInterfaceHardware]: No controller active in LOW_LEVEL_SERVOING mode !
[ros2_control_node-1] [DEBUG] [1765409316.623558049] [KortexMultiInterfaceHardware]: No controller active in LOW_LEVEL_SERVOING mode !
[ros2_control_node-1] [DEBUG] [1765409316.623914682] [KortexMultiInterfaceHardware]: No controller active in LOW_LEVEL_SERVOING mode !
[ros2_control_node-1] [DEBUG] [1765409316.624149634] [KortexMultiInterfaceHardware]: No controller active in LOW_LEVEL_SERVOING mode !
[ros2_control_node-1] [DEBUG] [1765409316.624389516] [KortexMultiInterfaceHardware]: No controller active in LOW_LEVEL_SERVOING mode !
[ros2_control_node-1] [DEBUG] [1765409316.624618157] [KortexMultiInterfaceHardware]: No controller active in LOW_LEVEL_SERVOING mode !
[ros2_control_node-1] [DEBUG] [1765409316.624910090] [KortexMultiInterfaceHardware]: No controller active in LOW_LEVEL_SERVOING mode !
[ros2_control_node-1] [DEBUG] [1765409316.625160959] [KortexMultiInterfaceHardware]: No controller active in LOW_LEVEL_SERVOING mode !
[ros2_control_node-1] [DEBUG] [1765409316.625409954] [KortexMultiInterfaceHardware]: No controller active in LOW_LEVEL_SERVOING mode !
[ros2_control_node-1] [DEBUG] [1765409316.625988755] [KortexMultiInterfaceHardware]: No controller active in LOW_LEVEL_SERVOING mode !
[ros2_control_node-1] [DEBUG] [1765409316.626243758] [KortexMultiInterfaceHardware]: No controller active in LOW_LEVEL_SERVOING mode !
[ros2_control_node-1] [DEBUG] [1765409316.626498255] [KortexMultiInterfaceHardware]: No controller active in LOW_LEVEL_SERVOING mode !
[ros2_control_node-1] [DEBUG] [1765409316.626987114] [KortexMultiInterfaceHardware]: No controller active in LOW_LEVEL_SERVOING mode !
[ros2_control_node-1] [DEBUG] [1765409316.627244462] [KortexMultiInterfaceHardware]: No controller active in LOW_LEVEL_SERVOING mode !
[ros2_control_node-1] [DEBUG] [1765409316.627500888] [KortexMultiInterfaceHardware]: No controller active in LOW_LEVEL_SERVOING mode !
[ros2_control_node-1] [DEBUG] [1765409316.627965232] [KortexMultiInterfaceHardware]: No controller active in LOW_LEVEL_SERVOING mode !
[ros2_control_node-1] [DEBUG] [1765409316.628225327] [KortexMultiInterfaceHardware]: No controller active in LOW_LEVEL_SERVOING mode !
[ros2_control_node-1] [DEBUG] [1765409316.628469414] [KortexMultiInterfaceHardware]: No controller active in LOW_LEVEL_SERVOING mode !
[ros2_control_node-1] [DEBUG] [1765409316.628887006] [KortexMultiInterfaceHardware]: No controller active in LOW_LEVEL_SERVOING mode !
[ros2_control_node-1] [DEBUG] [1765409316.629161537] [KortexMultiInterfaceHardware]: No controller active in LOW_LEVEL_SERVOING mode !
[ros2_control_node-1] [DEBUG] [1765409316.629406548] [KortexMultiInterfaceHardware]: No controller active in LOW_LEVEL_SERVOING mode !
[ros2_control_node-1] [DEBUG] [1765409316.629981425] [KortexMultiInterfaceHardware]: No controller active in LOW_LEVEL_SERVOING mode !
[ros2_control_node-1] [DEBUG] [1765409316.630222716] [KortexMultiInterfaceHardware]: No controller active in LOW_LEVEL_SERVOING mode !
[ros2_control_node-1] [DEBUG] [1765409316.630470988] [KortexMultiInterfaceHardware]: No controller active in LOW_LEVEL_SERVOING mode !
[ros2_control_node-1] [DEBUG] [1765409316.630904519] [KortexMultiInterfaceHardware]: No controller active in LOW_LEVEL_SERVOING mode !
[ros2_control_node-1] [DEBUG] [1765409316.631159561] [KortexMultiInterfaceHardware]: No controller active in LOW_LEVEL_SERVOING mode !
[ros2_control_node-1] [DEBUG] [1765409316.631412520] [KortexMultiInterfaceHardware]: No controller active in LOW_LEVEL_SERVOING mode !
[ros2_control_node-1] [DEBUG] [1765409316.631975271] [KortexMultiInterfaceHardware]: No controller active in LOW_LEVEL_SERVOING mode !
[ros2_control_node-1] [DEBUG] [1765409316.632241868] [KortexMultiInterfaceHardware]: No controller active in LOW_LEVEL_SERVOING mode !
[ros2_control_node-1] [DEBUG] [1765409316.632499403] [KortexMultiInterfaceHardware]: No controller active in LOW_LEVEL_SERVOING mode !
[ros2_control_node-1] [DEBUG] [1765409316.632905964] [KortexMultiInterfaceHardware]: No controller active in LOW_LEVEL_SERVOING mode !
[ros2_control_node-1] [DEBUG] [1765409316.633134705] [KortexMultiInterfaceHardware]: No controller active in LOW_LEVEL_SERVOING mode !
[ros2_control_node-1] [DEBUG] [1765409316.633386896] [KortexMultiInterfaceHardware]: No controller active in LOW_LEVEL_SERVOING mode !
[ros2_control_node-1] [DEBUG] [1765409316.633986893] [KortexMultiInterfaceHardware]: No controller active in LOW_LEVEL_SERVOING mode !
[ros2_control_node-1] [DEBUG] [1765409316.634244616] [KortexMultiInterfaceHardware]: No controller active in LOW_LEVEL_SERVOING mode !
[ros2_control_node-1] [DEBUG] [1765409316.634498224] [KortexMultiInterfaceHardware]: No controller active in LOW_LEVEL_SERVOING mode !
[ros2_control_node-1] [DEBUG] [1765409316.634950756] [KortexMultiInterfaceHardware]: No controller active in LOW_LEVEL_SERVOING mode !
[ros2_control_node-1] [DEBUG] [1765409316.635199439] [KortexMultiInterfaceHardware]: No controller active in LOW_LEVEL_SERVOING mode !
[ros2_control_node-1] [DEBUG] [1765409316.635447207] [KortexMultiInterfaceHardware]: No controller active in LOW_LEVEL_SERVOING mode !
[ros2_control_node-1] [DEBUG] [1765409316.635988517] [KortexMultiInterfaceHardware]: No controller active in LOW_LEVEL_SERVOING mode !
[ros2_control_node-1] [DEBUG] [1765409316.636218644] [KortexMultiInterfaceHardware]: No controller active in LOW_LEVEL_SERVOING mode !
[ros2_control_node-1] [DEBUG] [1765409316.636485366] [KortexMultiInterfaceHardware]: No controller active in LOW_LEVEL_SERVOING mode !
[ros2_control_node-1] [DEBUG] [1765409316.636955943] [KortexMultiInterfaceHardware]: No controller active in LOW_LEVEL_SERVOING mode !
[ros2_control_node-1] [DEBUG] [1765409316.637218153] [KortexMultiInterfaceHardware]: No controller active in LOW_LEVEL_SERVOING mode !
[ros2_control_node-1] [DEBUG] [1765409316.637468790] [KortexMultiInterfaceHardware]: No controller active in LOW_LEVEL_SERVOING mode !
[ros2_control_node-1] [DEBUG] [1765409316.637974823] [KortexMultiInterfaceHardware]: No controller active in LOW_LEVEL_SERVOING mode !
[ros2_control_node-1] [DEBUG] [1765409316.638220044] [KortexMultiInterfaceHardware]: No controller active in LOW_LEVEL_SERVOING mode !
[ros2_control_node-1] [DEBUG] [1765409316.638470350] [KortexMultiInterfaceHardware]: No controller active in LOW_LEVEL_SERVOING mode !
[ros2_control_node-1] [DEBUG] [1765409316.638987277] [KortexMultiInterfaceHardware]: No controller active in LOW_LEVEL_SERVOING mode !
[ros2_control_node-1] [DEBUG] [1765409316.639239817] [KortexMultiInterfaceHardware]: No controller active in LOW_LEVEL_SERVOING mode !
[ros2_control_node-1] [DEBUG] [1765409316.639488147] [KortexMultiInterfaceHardware]: No controller active in LOW_LEVEL_SERVOING mode !
[ros2_control_node-1] [DEBUG] [1765409316.639946842] [KortexMultiInterfaceHardware]: No controller active in LOW_LEVEL_SERVOING mode !
[ros2_control_node-1] [DEBUG] [1765409316.640198004] [KortexMultiInterfaceHardware]: No controller active in LOW_LEVEL_SERVOING mode !
[ros2_control_node-1] [DEBUG] [1765409316.640447755] [KortexMultiInterfaceHardware]: No controller active in LOW_LEVEL_SERVOING mode !
[ros2_control_node-1] [DEBUG] [1765409316.640982640] [KortexMultiInterfaceHardware]: No controller active in LOW_LEVEL_SERVOING mode !
[ros2_control_node-1] [DEBUG] [1765409316.641241386] [KortexMultiInterfaceHardware]: No controller active in LOW_LEVEL_SERVOING mode !
[ros2_control_node-1] [DEBUG] [1765409316.641468355] [KortexMultiInterfaceHardware]: No controller active in LOW_LEVEL_SERVOING mode !
[ros2_control_node-1] [DEBUG] [1765409316.641956533] [KortexMultiInterfaceHardware]: No controller active in LOW_LEVEL_SERVOING mode !
[ros2_control_node-1] [DEBUG] [1765409316.642202457] [KortexMultiInterfaceHardware]: No controller active in LOW_LEVEL_SERVOING mode !
[ros2_control_node-1] [DEBUG] [1765409316.642447712] [KortexMultiInterfaceHardware]: No controller active in LOW_LEVEL_SERVOING mode !
[ros2_control_node-1] [DEBUG] [1765409316.642982275] [KortexMultiInterfaceHardware]: No controller active in LOW_LEVEL_SERVOING mode !
[ros2_control_node-1] [DEBUG] [1765409316.643219442] [KortexMultiInterfaceHardware]: No controller active in LOW_LEVEL_SERVOING mode !
[ros2_control_node-1] [DEBUG] [1765409316.643448393] [KortexMultiInterfaceHardware]: No controller active in LOW_LEVEL_SERVOING mode !
[ros2_control_node-1] [DEBUG] [1765409316.643682740] [KortexMultiInterfaceHardware]: No controller active in LOW_LEVEL_SERVOING mode !
[ros2_control_node-1] [DEBUG] [1765409316.643942016] [KortexMultiInterfaceHardware]: No controller active in LOW_LEVEL_SERVOING mode !
[ros2_control_node-1] [DEBUG] [1765409316.644186011] [KortexMultiInterfaceHardware]: No controller active in LOW_LEVEL_SERVOING mode !
[ros2_control_node-1] [DEBUG] [1765409316.644452968] [KortexMultiInterfaceHardware]: No controller active in LOW_LEVEL_SERVOING mode !
[ros2_control_node-1] [DEBUG] [1765409316.644981039] [KortexMultiInterfaceHardware]: No controller active in LOW_LEVEL_SERVOING mode !
[ros2_control_node-1] [DEBUG] [1765409316.645220045] [KortexMultiInterfaceHardware]: No controller active in LOW_LEVEL_SERVOING mode !
[ros2_control_node-1] [DEBUG] [1765409316.645447599] [KortexMultiInterfaceHardware]: No controller active in LOW_LEVEL_SERVOING mode !
[ros2_control_node-1] [DEBUG] [1765409316.645676686] [KortexMultiInterfaceHardware]: No controller active in LOW_LEVEL_SERVOING mode !
[ros2_control_node-1] [DEBUG] [1765409316.645929498] [KortexMultiInterfaceHardware]: No controller active in LOW_LEVEL_SERVOING mode !
[ros2_control_node-1] [DEBUG] [1765409316.646176334] [KortexMultiInterfaceHardware]: No controller active in LOW_LEVEL_SERVOING mode !
[ros2_control_node-1] [DEBUG] [1765409316.646426712] [KortexMultiInterfaceHardware]: No controller active in LOW_LEVEL_SERVOING mode !
[ros2_control_node-1] [DEBUG] [1765409316.646983516] [KortexMultiInterfaceHardware]: No controller active in LOW_LEVEL_SERVOING mode !
[ros2_control_node-1] [DEBUG] [1765409316.647219233] [KortexMultiInterfaceHardware]: No controller active in LOW_LEVEL_SERVOING mode !
[ros2_control_node-1] [DEBUG] [1765409316.647447613] [KortexMultiInterfaceHardware]: No controller active in LOW_LEVEL_SERVOING mode !
[ros2_control_node-1] [DEBUG] [1765409316.647841963] [KortexMultiInterfaceHardware]: No controller active in LOW_LEVEL_SERVOING mode !
[ros2_control_node-1] [DEBUG] [1765409316.648113109] [KortexMultiInterfaceHardware]: No controller active in LOW_LEVEL_SERVOING mode !
[ros2_control_node-1] [DEBUG] [1765409316.648346175] [KortexMultiInterfaceHardware]: No controller active in LOW_LEVEL_SERVOING mode !
[ros2_control_node-1] [DEBUG] [1765409316.648905622] [KortexMultiInterfaceHardware]: No controller active in LOW_LEVEL_SERVOING mode !
[ros2_control_node-1] [DEBUG] [1765409316.649154452] [KortexMultiInterfaceHardware]: No controller active in LOW_LEVEL_SERVOING mode !
[ros2_control_node-1] [DEBUG] [1765409316.649383211] [KortexMultiInterfaceHardware]: No controller active in LOW_LEVEL_SERVOING mode !
[ros2_control_node-1] [DEBUG] [1765409316.649611145] [KortexMultiInterfaceHardware]: No controller active in LOW_LEVEL_SERVOING mode !
[ros2_control_node-1] [DEBUG] [1765409316.649905858] [KortexMultiInterfaceHardware]: No controller active in LOW_LEVEL_SERVOING mode !
[ros2_control_node-1] [DEBUG] [1765409316.650131994] [KortexMultiInterfaceHardware]: No controller active in LOW_LEVEL_SERVOING mode !
[ros2_control_node-1] [DEBUG] [1765409316.650367115] [KortexMultiInterfaceHardware]: No controller active in LOW_LEVEL_SERVOING mode !
[ros2_control_node-1] [DEBUG] [1765409316.650962137] [KortexMultiInterfaceHardware]: No controller active in LOW_LEVEL_SERVOING mode !
[ros2_control_node-1] [DEBUG] [1765409316.651319682] [KortexMultiInterfaceHardware]: No controller active in LOW_LEVEL_SERVOING mode !
[ros2_control_node-1] [DEBUG] [1765409316.651570278] [KortexMultiInterfaceHardware]: No controller active in LOW_LEVEL_SERVOING mode !
[ros2_control_node-1] [DEBUG] [1765409316.651952000] [KortexMultiInterfaceHardware]: No controller active in LOW_LEVEL_SERVOING mode !
[ros2_control_node-1] [DEBUG] [1765409316.652194657] [KortexMultiInterfaceHardware]: No controller active in LOW_LEVEL_SERVOING mode !
[ros2_control_node-1] [DEBUG] [1765409316.652444618] [KortexMultiInterfaceHardware]: No controller active in LOW_LEVEL_SERVOING mode !
[ros2_control_node-1] [DEBUG] [1765409316.652975097] [KortexMultiInterfaceHardware]: No controller active in LOW_LEVEL_SERVOING mode !
[ros2_control_node-1] [DEBUG] [1765409316.653215827] [KortexMultiInterfaceHardware]: No controller active in LOW_LEVEL_SERVOING mode !
[ros2_control_node-1] [DEBUG] [1765409316.653443752] [KortexMultiInterfaceHardware]: No controller active in LOW_LEVEL_SERVOING mode !
[ros2_control_node-1] [DEBUG] [1765409316.653956525] [KortexMultiInterfaceHardware]: No controller active in LOW_LEVEL_SERVOING mode !
[ros2_control_node-1] [DEBUG] [1765409316.654215397] [KortexMultiInterfaceHardware]: No controller active in LOW_LEVEL_SERVOING mode !
[ros2_control_node-1] [DEBUG] [1765409316.654465522] [KortexMultiInterfaceHardware]: No controller active in LOW_LEVEL_SERVOING mode !
[ros2_control_node-1] [DEBUG] [1765409316.654979748] [KortexMultiInterfaceHardware]: No controller active in LOW_LEVEL_SERVOING mode !
[ros2_control_node-1] [DEBUG] [1765409316.655215581] [KortexMultiInterfaceHardware]: No controller active in LOW_LEVEL_SERVOING mode !
[ros2_control_node-1] [DEBUG] [1765409316.655444436] [KortexMultiInterfaceHardware]: No controller active in LOW_LEVEL_SERVOING mode !
[ros2_control_node-1] [DEBUG] [1765409316.655955423] [KortexMultiInterfaceHardware]: No controller active in LOW_LEVEL_SERVOING mode !
[ros2_control_node-1] [DEBUG] [1765409316.656194402] [KortexMultiInterfaceHardware]: No controller active in LOW_LEVEL_SERVOING mode !
[ros2_control_node-1] [DEBUG] [1765409316.656424166] [KortexMultiInterfaceHardware]: No controller active in LOW_LEVEL_SERVOING mode !
[ros2_control_node-1] [DEBUG] [1765409316.656980883] [KortexMultiInterfaceHardware]: No controller active in LOW_LEVEL_SERVOING mode !
[ros2_control_node-1] [DEBUG] [1765409316.657219414] [KortexMultiInterfaceHardware]: No controller active in LOW_LEVEL_SERVOING mode !
[ros2_control_node-1] [DEBUG] [1765409316.657465801] [KortexMultiInterfaceHardware]: No controller active in LOW_LEVEL_SERVOING mode !
[ros2_control_node-1] [DEBUG] [1765409316.657976905] [KortexMultiInterfaceHardware]: No controller active in LOW_LEVEL_SERVOING mode !
[ros2_control_node-1] [DEBUG] [1765409316.658239554] [KortexMultiInterfaceHardware]: No controller active in LOW_LEVEL_SERVOING mode !
[ros2_control_node-1] [DEBUG] [1765409316.658470924] [KortexMultiInterfaceHardware]: No controller active in LOW_LEVEL_SERVOING mode !
[ros2_control_node-1] [DEBUG] [1765409316.658977983] [KortexMultiInterfaceHardware]: No controller active in LOW_LEVEL_SERVOING mode !
[ros2_control_node-1] [DEBUG] [1765409316.659219572] [KortexMultiInterfaceHardware]: No controller active in LOW_LEVEL_SERVOING mode !
[ros2_control_node-1] [DEBUG] [1765409316.659467718] [KortexMultiInterfaceHardware]: No controller active in LOW_LEVEL_SERVOING mode !
[ros2_control_node-1] [DEBUG] [1765409316.659990835] [KortexMultiInterfaceHardware]: No controller active in LOW_LEVEL_SERVOING mode !
[ros2_control_node-1] [DEBUG] [1765409316.660236619] [KortexMultiInterfaceHardware]: No controller active in LOW_LEVEL_SERVOING mode !
[ros2_control_node-1] [DEBUG] [1765409316.660464585] [KortexMultiInterfaceHardware]: No controller active in LOW_LEVEL_SERVOING mode !
[ros2_control_node-1] [DEBUG] [1765409316.660975261] [KortexMultiInterfaceHardware]: No controller active in LOW_LEVEL_SERVOING mode !
[ros2_control_node-1] [DEBUG] [1765409316.661194680] [KortexMultiInterfaceHardware]: No controller active in LOW_LEVEL_SERVOING mode !
[ros2_control_node-1] [DEBUG] [1765409316.661426757] [KortexMultiInterfaceHardware]: No controller active in LOW_LEVEL_SERVOING mode !
[ros2_control_node-1] [DEBUG] [1765409316.661953123] [KortexMultiInterfaceHardware]: No controller active in LOW_LEVEL_SERVOING mode !
[ros2_control_node-1] [DEBUG] [1765409316.662203861] [KortexMultiInterfaceHardware]: No controller active in LOW_LEVEL_SERVOING mode !
[ros2_control_node-1] [DEBUG] [1765409316.662445839] [KortexMultiInterfaceHardware]: No controller active in LOW_LEVEL_SERVOING mode !
[ros2_control_node-1] [DEBUG] [1765409316.662974656] [KortexMultiInterfaceHardware]: No controller active in LOW_LEVEL_SERVOING mode !
[ros2_control_node-1] [DEBUG] [1765409316.663217260] [KortexMultiInterfaceHardware]: No controller active in LOW_LEVEL_SERVOING mode !
[ros2_control_node-1] [DEBUG] [1765409316.663466525] [KortexMultiInterfaceHardware]: No controller active in LOW_LEVEL_SERVOING mode !
[ros2_control_node-1] [DEBUG] [1765409316.663979155] [KortexMultiInterfaceHardware]: No controller active in LOW_LEVEL_SERVOING mode !
[ros2_control_node-1] [DEBUG] [1765409316.664215684] [KortexMultiInterfaceHardware]: No controller active in LOW_LEVEL_SERVOING mode !
[ros2_control_node-1] [DEBUG] [1765409316.664465573] [KortexMultiInterfaceHardware]: No controller active in LOW_LEVEL_SERVOING mode !
[ros2_control_node-1] [DEBUG] [1765409316.664946111] [KortexMultiInterfaceHardware]: No controller active in LOW_LEVEL_SERVOING mode !
[ros2_control_node-1] [DEBUG] [1765409316.665194511] [KortexMultiInterfaceHardware]: No controller active in LOW_LEVEL_SERVOING mode !
[ros2_control_node-1] [DEBUG] [1765409316.665431709] [KortexMultiInterfaceHardware]: No controller active in LOW_LEVEL_SERVOING mode !
[ros2_control_node-1] [DEBUG] [1765409316.665976450] [KortexMultiInterfaceHardware]: No controller active in LOW_LEVEL_SERVOING mode !
[ros2_control_node-1] [DEBUG] [1765409316.666217651] [KortexMultiInterfaceHardware]: No controller active in LOW_LEVEL_SERVOING mode !
[ros2_control_node-1] [DEBUG] [1765409316.666465401] [KortexMultiInterfaceHardware]: No controller active in LOW_LEVEL_SERVOING mode !
[ros2_control_node-1] [DEBUG] [1765409316.666856262] [KortexMultiInterfaceHardware]: No controller active in LOW_LEVEL_SERVOING mode !
[ros2_control_node-1] [DEBUG] [1765409316.667096694] [KortexMultiInterfaceHardware]: No controller active in LOW_LEVEL_SERVOING mode !
[ros2_control_node-1] [DEBUG] [1765409316.667345084] [KortexMultiInterfaceHardware]: No controller active in LOW_LEVEL_SERVOING mode !
[ros2_control_node-1] [DEBUG] [1765409316.667571225] [KortexMultiInterfaceHardware]: No controller active in LOW_LEVEL_SERVOING mode !
[ros2_control_node-1] [DEBUG] [1765409316.667905980] [KortexMultiInterfaceHardware]: No controller active in LOW_LEVEL_SERVOING mode !
[ros2_control_node-1] [DEBUG] [1765409316.668153380] [KortexMultiInterfaceHardware]: No controller active in LOW_LEVEL_SERVOING mode !
[ros2_control_node-1] [DEBUG] [1765409316.668403003] [KortexMultiInterfaceHardware]: No controller active in LOW_LEVEL_SERVOING mode !
[ros2_control_node-1] [DEBUG] [1765409316.668640508] [KortexMultiInterfaceHardware]: No controller active in LOW_LEVEL_SERVOING mode !
[ros2_control_node-1] [DEBUG] [1765409316.668903821] [KortexMultiInterfaceHardware]: No controller active in LOW_LEVEL_SERVOING mode !
[ros2_control_node-1] [DEBUG] [1765409316.669158033] [KortexMultiInterfaceHardware]: No controller active in LOW_LEVEL_SERVOING mode !
[ros2_control_node-1] [DEBUG] [1765409316.669407043] [KortexMultiInterfaceHardware]: No controller active in LOW_LEVEL_SERVOING mode !
[ros2_control_node-1] [DEBUG] [1765409316.669964457] [KortexMultiInterfaceHardware]: No controller active in LOW_LEVEL_SERVOING mode !
[ros2_control_node-1] [DEBUG] [1765409316.670225663] [KortexMultiInterfaceHardware]: No controller active in LOW_LEVEL_SERVOING mode !
[ros2_control_node-1] [DEBUG] [1765409316.670470262] [KortexMultiInterfaceHardware]: No controller active in LOW_LEVEL_SERVOING mode !
[ros2_control_node-1] [DEBUG] [1765409316.670849756] [KortexMultiInterfaceHardware]: No controller active in LOW_LEVEL_SERVOING mode !
[ros2_control_node-1] [DEBUG] [1765409316.671094344] [KortexMultiInterfaceHardware]: No controller active in LOW_LEVEL_SERVOING mode !
[ros2_control_node-1] [DEBUG] [1765409316.671341863] [KortexMultiInterfaceHardware]: No controller active in LOW_LEVEL_SERVOING mode !
[ros2_control_node-1] [DEBUG] [1765409316.671569511] [KortexMultiInterfaceHardware]: No controller active in LOW_LEVEL_SERVOING mode !
[ros2_control_node-1] [DEBUG] [1765409316.671911311] [KortexMultiInterfaceHardware]: No controller active in LOW_LEVEL_SERVOING mode !
[ros2_control_node-1] [DEBUG] [1765409316.672153556] [KortexMultiInterfaceHardware]: No controller active in LOW_LEVEL_SERVOING mode !
[ros2_control_node-1] [DEBUG] [1765409316.672382282] [KortexMultiInterfaceHardware]: No controller active in LOW_LEVEL_SERVOING mode !
[ros2_control_node-1] [DEBUG] [1765409316.672611036] [KortexMultiInterfaceHardware]: No controller active in LOW_LEVEL_SERVOING mode !
[ros2_control_node-1] [DEBUG] [1765409316.672903493] [KortexMultiInterfaceHardware]: No controller active in LOW_LEVEL_SERVOING mode !
[ros2_control_node-1] [DEBUG] [1765409316.673136170] [KortexMultiInterfaceHardware]: No controller active in LOW_LEVEL_SERVOING mode !
[ros2_control_node-1] [DEBUG] [1765409316.673360727] [KortexMultiInterfaceHardware]: No controller active in LOW_LEVEL_SERVOING mode !
[ros2_control_node-1] [DEBUG] [1765409316.673919496] [KortexMultiInterfaceHardware]: No controller active in LOW_LEVEL_SERVOING mode !
[ros2_control_node-1] [DEBUG] [1765409316.674174888] [KortexMultiInterfaceHardware]: No controller active in LOW_LEVEL_SERVOING mode !
[ros2_control_node-1] [DEBUG] [1765409316.674403252] [KortexMultiInterfaceHardware]: No controller active in LOW_LEVEL_SERVOING mode !
[ros2_control_node-1] [DEBUG] [1765409316.674631779] [KortexMultiInterfaceHardware]: No controller active in LOW_LEVEL_SERVOING mode !
[ros2_control_node-1] [DEBUG] [1765409316.674903392] [KortexMultiInterfaceHardware]: No controller active in LOW_LEVEL_SERVOING mode !
[ros2_control_node-1] [DEBUG] [1765409316.675132276] [KortexMultiInterfaceHardware]: No controller active in LOW_LEVEL_SERVOING mode !
[ros2_control_node-1] [DEBUG] [1765409316.675364890] [KortexMultiInterfaceHardware]: No controller active in LOW_LEVEL_SERVOING mode !
[ros2_control_node-1] [INFO] [1765409316.675629442] [controller_manager]: Loading controller 'twist_controller'
[ros2_control_node-1] [DEBUG] [1765409316.675873520] [KortexMultiInterfaceHardware]: No controller active in LOW_LEVEL_SERVOING mode !
[ros2_control_node-1] [DEBUG] [1765409316.676121715] [KortexMultiInterfaceHardware]: No controller active in LOW_LEVEL_SERVOING mode !
[ros2_control_node-1] [DEBUG] [1765409316.676367337] [KortexMultiInterfaceHardware]: No controller active in LOW_LEVEL_SERVOING mode !
[ros2_control_node-1] [DEBUG] [1765409316.676584936] [KortexMultiInterfaceHardware]: No controller active in LOW_LEVEL_SERVOING mode !
[ros2_control_node-1] [DEBUG] [1765409316.676942689] [KortexMultiInterfaceHardware]: No controller active in LOW_LEVEL_SERVOING mode !
[ros2_control_node-1] [DEBUG] [1765409316.677266782] [KortexMultiInterfaceHardware]: No controller active in LOW_LEVEL_SERVOING mode !
[ros2_control_node-1] [DEBUG] [1765409316.677545517] [KortexMultiInterfaceHardware]: No controller active in LOW_LEVEL_SERVOING mode !
[ros2_control_node-1] [DEBUG] [1765409316.677921958] [KortexMultiInterfaceHardware]: No controller active in LOW_LEVEL_SERVOING mode !
[ros2_control_node-1] [DEBUG] [1765409316.678231183] [KortexMultiInterfaceHardware]: No controller active in LOW_LEVEL_SERVOING mode !
[ros2_control_node-1] [DEBUG] [1765409316.678505028] [KortexMultiInterfaceHardware]: No controller active in LOW_LEVEL_SERVOING mode !
[ros2_control_node-1] [DEBUG] [1765409316.678930665] [KortexMultiInterfaceHardware]: No controller active in LOW_LEVEL_SERVOING mode !
[ros2_control_node-1] [DEBUG] [1765409316.679183488] [KortexMultiInterfaceHardware]: No controller active in LOW_LEVEL_SERVOING mode !
[ros2_control_node-1] [DEBUG] [1765409316.679459900] [KortexMultiInterfaceHardware]: No controller active in LOW_LEVEL_SERVOING mode !
[ros2_control_node-1] [DEBUG] [1765409316.679985830] [KortexMultiInterfaceHardware]: No controller active in LOW_LEVEL_SERVOING mode !
[ros2_control_node-1] [DEBUG] [1765409316.680223460] [KortexMultiInterfaceHardware]: No controller active in LOW_LEVEL_SERVOING mode !
[ros2_control_node-1] [DEBUG] [1765409316.680497834] [KortexMultiInterfaceHardware]: No controller active in LOW_LEVEL_SERVOING mode !
[ros2_control_node-1] [DEBUG] [1765409316.680916935] [KortexMultiInterfaceHardware]: No controller active in LOW_LEVEL_SERVOING mode !
[ros2_control_node-1] [DEBUG] [1765409316.681197903] [KortexMultiInterfaceHardware]: No controller active in LOW_LEVEL_SERVOING mode !
[spawner-5] [INFO] [1765409316.681239438] [spawner_twist_controller]: [94mLoaded [1mtwist_controller[0m
[ros2_control_node-1] [DEBUG] [1765409316.681453818] [KortexMultiInterfaceHardware]: No controller active in LOW_LEVEL_SERVOING mode !
[ros2_control_node-1] [INFO] [1765409316.681796321] [controller_manager]: Configuring controller 'twist_controller'
[ros2_control_node-1] [DEBUG] [1765409316.681954818] [KortexMultiInterfaceHardware]: No controller active in LOW_LEVEL_SERVOING mode !
[ros2_control_node-1] [DEBUG] [1765409316.682208733] [KortexMultiInterfaceHardware]: No controller active in LOW_LEVEL_SERVOING mode !
[ros2_control_node-1] [DEBUG] [1765409316.682518476] [KortexMultiInterfaceHardware]: No controller active in LOW_LEVEL_SERVOING mode !
[ros2_control_node-1] [INFO] [1765409316.682551592] [twist_controller]: configure successful
[ros2_control_node-1] [DEBUG] [1765409316.682956537] [KortexMultiInterfaceHardware]: No controller active in LOW_LEVEL_SERVOING mode !
[ros2_control_node-1] [DEBUG] [1765409316.683207915] [KortexMultiInterfaceHardware]: No controller active in LOW_LEVEL_SERVOING mode !
[ros2_control_node-1] [DEBUG] [1765409316.683476791] [KortexMultiInterfaceHardware]: No controller active in LOW_LEVEL_SERVOING mode !
[ros2_control_node-1] [DEBUG] [1765409316.683935750] [KortexMultiInterfaceHardware]: No controller active in LOW_LEVEL_SERVOING mode !
[ros2_control_node-1] [DEBUG] [1765409316.684213977] [KortexMultiInterfaceHardware]: No controller active in LOW_LEVEL_SERVOING mode !
[ros2_control_node-1] [DEBUG] [1765409316.684506157] [KortexMultiInterfaceHardware]: No controller active in LOW_LEVEL_SERVOING mode !
[ros2_control_node-1] [DEBUG] [1765409316.684922413] [KortexMultiInterfaceHardware]: No controller active in LOW_LEVEL_SERVOING mode !
[ros2_control_node-1] [DEBUG] [1765409316.685228808] [KortexMultiInterfaceHardware]: No controller active in LOW_LEVEL_SERVOING mode !
[ros2_control_node-1] [DEBUG] [1765409316.685518957] [KortexMultiInterfaceHardware]: No controller active in LOW_LEVEL_SERVOING mode !
[ros2_control_node-1] [DEBUG] [1765409316.685917463] [KortexMultiInterfaceHardware]: No controller active in LOW_LEVEL_SERVOING mode !
[ros2_control_node-1] [DEBUG] [1765409316.686208380] [KortexMultiInterfaceHardware]: No controller active in LOW_LEVEL_SERVOING mode !
[ros2_control_node-1] [DEBUG] [1765409316.686497709] [KortexMultiInterfaceHardware]: No controller active in LOW_LEVEL_SERVOING mode !
[ros2_control_node-1] [DEBUG] [1765409316.686963688] [KortexMultiInterfaceHardware]: No controller active in LOW_LEVEL_SERVOING mode !
[ros2_control_node-1] [DEBUG] [1765409316.687224879] [KortexMultiInterfaceHardware]: No controller active in LOW_LEVEL_SERVOING mode !
[ros2_control_node-1] [DEBUG] [1765409316.687473613] [KortexMultiInterfaceHardware]: No controller active in LOW_LEVEL_SERVOING mode !
[ros2_control_node-1] [DEBUG] [1765409316.687920627] [KortexMultiInterfaceHardware]: No controller active in LOW_LEVEL_SERVOING mode !
[ros2_control_node-1] [DEBUG] [1765409316.688217927] [KortexMultiInterfaceHardware]: No controller active in LOW_LEVEL_SERVOING mode !
[ros2_control_node-1] [DEBUG] [1765409316.688495163] [KortexMultiInterfaceHardware]: No controller active in LOW_LEVEL_SERVOING mode !
[ros2_control_node-1] [DEBUG] [1765409316.688918459] [KortexMultiInterfaceHardware]: No controller active in LOW_LEVEL_SERVOING mode !
[ros2_control_node-1] [DEBUG] [1765409316.689184956] [KortexMultiInterfaceHardware]: No controller active in LOW_LEVEL_SERVOING mode !
[ros2_control_node-1] [DEBUG] [1765409316.689458655] [KortexMultiInterfaceHardware]: No controller active in LOW_LEVEL_SERVOING mode !
[ros2_control_node-1] [DEBUG] [1765409316.689976609] [KortexMultiInterfaceHardware]: No controller active in LOW_LEVEL_SERVOING mode !
[ros2_control_node-1] [DEBUG] [1765409316.690223978] [KortexMultiInterfaceHardware]: No controller active in LOW_LEVEL_SERVOING mode !
[ros2_control_node-1] [DEBUG] [1765409316.690490595] [KortexMultiInterfaceHardware]: No controller active in LOW_LEVEL_SERVOING mode !
[ros2_control_node-1] [DEBUG] [1765409316.690911196] [KortexMultiInterfaceHardware]: No controller active in LOW_LEVEL_SERVOING mode !
[ros2_control_node-1] [DEBUG] [1765409316.691203512] [KortexMultiInterfaceHardware]: No controller active in LOW_LEVEL_SERVOING mode !
[ros2_control_node-1] [DEBUG] [1765409316.691473987] [KortexMultiInterfaceHardware]: No controller active in LOW_LEVEL_SERVOING mode !
[ros2_control_node-1] [DEBUG] [1765409316.691981152] [KortexMultiInterfaceHardware]: No controller active in LOW_LEVEL_SERVOING mode !
[ros2_control_node-1] [DEBUG] [1765409316.692244961] [KortexMultiInterfaceHardware]: No controller active in LOW_LEVEL_SERVOING mode !
[ros2_control_node-1] [DEBUG] [1765409316.692505686] [KortexMultiInterfaceHardware]: No controller active in LOW_LEVEL_SERVOING mode !
[ros2_control_node-1] [DEBUG] [1765409316.692910837] [KortexMultiInterfaceHardware]: No controller active in LOW_LEVEL_SERVOING mode !
[ros2_control_node-1] [DEBUG] [1765409316.693198794] [KortexMultiInterfaceHardware]: No controller active in LOW_LEVEL_SERVOING mode !
[ros2_control_node-1] [DEBUG] [1765409316.693456864] [KortexMultiInterfaceHardware]: No controller active in LOW_LEVEL_SERVOING mode !
[ros2_control_node-1] [DEBUG] [1765409316.693860120] [KortexMultiInterfaceHardware]: No controller active in LOW_LEVEL_SERVOING mode !
[ros2_control_node-1] [DEBUG] [1765409316.694144583] [KortexMultiInterfaceHardware]: No controller active in LOW_LEVEL_SERVOING mode !
[ros2_control_node-1] [DEBUG] [1765409316.694388317] [KortexMultiInterfaceHardware]: No controller active in LOW_LEVEL_SERVOING mode !
[ros2_control_node-1] [DEBUG] [1765409316.694915182] [KortexMultiInterfaceHardware]: No controller active in LOW_LEVEL_SERVOING mode !
[ros2_control_node-1] [DEBUG] [1765409316.695196229] [KortexMultiInterfaceHardware]: No controller active in LOW_LEVEL_SERVOING mode !
[ros2_control_node-1] [DEBUG] [1765409316.695459812] [KortexMultiInterfaceHardware]: No controller active in LOW_LEVEL_SERVOING mode !
[ros2_control_node-1] [DEBUG] [1765409316.695894464] [KortexMultiInterfaceHardware]: No controller active in LOW_LEVEL_SERVOING mode !
[ros2_control_node-1] [DEBUG] [1765409316.696161812] [KortexMultiInterfaceHardware]: No controller active in LOW_LEVEL_SERVOING mode !
[ros2_control_node-1] [DEBUG] [1765409316.696426417] [KortexMultiInterfaceHardware]: No controller active in LOW_LEVEL_SERVOING mode !
[ros2_control_node-1] [DEBUG] [1765409316.696980213] [KortexMultiInterfaceHardware]: No controller active in LOW_LEVEL_SERVOING mode !
[ros2_control_node-1] [DEBUG] [1765409316.697217782] [KortexMultiInterfaceHardware]: No controller active in LOW_LEVEL_SERVOING mode !
[ros2_control_node-1] [DEBUG] [1765409316.697449157] [KortexMultiInterfaceHardware]: No controller active in LOW_LEVEL_SERVOING mode !
[ros2_control_node-1] [DEBUG] [1765409316.697897881] [KortexMultiInterfaceHardware]: No controller active in LOW_LEVEL_SERVOING mode !
[ros2_control_node-1] [DEBUG] [1765409316.698135448] [KortexMultiInterfaceHardware]: No controller active in LOW_LEVEL_SERVOING mode !
[ros2_control_node-1] [DEBUG] [1765409316.698385055] [KortexMultiInterfaceHardware]: No controller active in LOW_LEVEL_SERVOING mode !
[ros2_control_node-1] [DEBUG] [1765409316.698937830] [KortexMultiInterfaceHardware]: No controller active in LOW_LEVEL_SERVOING mode !
[ros2_control_node-1] [DEBUG] [1765409316.699202982] [KortexMultiInterfaceHardware]: No controller active in LOW_LEVEL_SERVOING mode !
[ros2_control_node-1] [DEBUG] [1765409316.699451036] [KortexMultiInterfaceHardware]: No controller active in LOW_LEVEL_SERVOING mode !
[ros2_control_node-1] [DEBUG] [1765409316.699884225] [KortexMultiInterfaceHardware]: No controller active in LOW_LEVEL_SERVOING mode !
[ros2_control_node-1] [DEBUG] [1765409316.700170524] [KortexMultiInterfaceHardware]: No controller active in LOW_LEVEL_SERVOING mode !
[ros2_control_node-1] [DEBUG] [1765409316.700467338] [KortexMultiInterfaceHardware]: No controller active in LOW_LEVEL_SERVOING mode !
[ros2_control_node-1] [DEBUG] [1765409316.700942510] [KortexMultiInterfaceHardware]: No controller active in LOW_LEVEL_SERVOING mode !
[ros2_control_node-1] [DEBUG] [1765409316.701241010] [KortexMultiInterfaceHardware]: No controller active in LOW_LEVEL_SERVOING mode !
[ros2_control_node-1] [DEBUG] [1765409316.701533222] [KortexMultiInterfaceHardware]: No controller active in LOW_LEVEL_SERVOING mode !
[ros2_control_node-1] [DEBUG] [1765409316.701953430] [KortexMultiInterfaceHardware]: No controller active in LOW_LEVEL_SERVOING mode !
[ros2_control_node-1] [DEBUG] [1765409316.702233137] [KortexMultiInterfaceHardware]: No controller active in LOW_LEVEL_SERVOING mode !
[ros2_control_node-1] [DEBUG] [1765409316.702498575] [KortexMultiInterfaceHardware]: No controller active in LOW_LEVEL_SERVOING mode !
[ros2_control_node-1] [DEBUG] [1765409316.702942388] [KortexMultiInterfaceHardware]: No controller active in LOW_LEVEL_SERVOING mode !
[ros2_control_node-1] [DEBUG] [1765409316.703222422] [KortexMultiInterfaceHardware]: No controller active in LOW_LEVEL_SERVOING mode !
[ros2_control_node-1] [DEBUG] [1765409316.703449919] [KortexMultiInterfaceHardware]: No controller active in LOW_LEVEL_SERVOING mode !
[ros2_control_node-1] [DEBUG] [1765409316.703945071] [KortexMultiInterfaceHardware]: No controller active in LOW_LEVEL_SERVOING mode !
[ros2_control_node-1] [DEBUG] [1765409316.704181724] [KortexMultiInterfaceHardware]: No controller active in LOW_LEVEL_SERVOING mode !
[ros2_control_node-1] [DEBUG] [1765409316.704432459] [KortexMultiInterfaceHardware]: No controller active in LOW_LEVEL_SERVOING mode !
[ros2_control_node-1] [DEBUG] [1765409316.704951573] [KortexMultiInterfaceHardware]: No controller active in LOW_LEVEL_SERVOING mode !
[ros2_control_node-1] [DEBUG] [1765409316.705200435] [KortexMultiInterfaceHardware]: No controller active in LOW_LEVEL_SERVOING mode !
[ros2_control_node-1] [DEBUG] [1765409316.705427616] [KortexMultiInterfaceHardware]: No controller active in LOW_LEVEL_SERVOING mode !
[ros2_control_node-1] [DEBUG] [1765409316.705978977] [KortexMultiInterfaceHardware]: No controller active in LOW_LEVEL_SERVOING mode !
[ros2_control_node-1] [DEBUG] [1765409316.706240170] [KortexMultiInterfaceHardware]: No controller active in LOW_LEVEL_SERVOING mode !
[ros2_control_node-1] [DEBUG] [1765409316.706496715] [KortexMultiInterfaceHardware]: No controller active in LOW_LEVEL_SERVOING mode !
[ros2_control_node-1] [DEBUG] [1765409316.706979335] [KortexMultiInterfaceHardware]: No controller active in LOW_LEVEL_SERVOING mode !
[ros2_control_node-1] [DEBUG] [1765409316.707249127] [KortexMultiInterfaceHardware]: No controller active in LOW_LEVEL_SERVOING mode !
[ros2_control_node-1] [DEBUG] [1765409316.707498388] [KortexMultiInterfaceHardware]: No controller active in LOW_LEVEL_SERVOING mode !
[ros2_control_node-1] [DEBUG] [1765409316.707982356] [KortexMultiInterfaceHardware]: No controller active in LOW_LEVEL_SERVOING mode !
[ros2_control_node-1] [DEBUG] [1765409316.708246458] [KortexMultiInterfaceHardware]: No controller active in LOW_LEVEL_SERVOING mode !
[ros2_control_node-1] [DEBUG] [1765409316.708484062] [KortexMultiInterfaceHardware]: No controller active in LOW_LEVEL_SERVOING mode !
[ros2_control_node-1] [DEBUG] [1765409316.708990024] [KortexMultiInterfaceHardware]: No controller active in LOW_LEVEL_SERVOING mode !
[ros2_control_node-1] [DEBUG] [1765409316.709236761] [KortexMultiInterfaceHardware]: No controller active in LOW_LEVEL_SERVOING mode !
[ros2_control_node-1] [DEBUG] [1765409316.709494779] [KortexMultiInterfaceHardware]: No controller active in LOW_LEVEL_SERVOING mode !
[ros2_control_node-1] [DEBUG] [1765409316.709950419] [KortexMultiInterfaceHardware]: No controller active in LOW_LEVEL_SERVOING mode !
[ros2_control_node-1] [DEBUG] [1765409316.710194989] [KortexMultiInterfaceHardware]: No controller active in LOW_LEVEL_SERVOING mode !
[ros2_control_node-1] [DEBUG] [1765409316.710444108] [KortexMultiInterfaceHardware]: No controller active in LOW_LEVEL_SERVOING mode !
[ros2_control_node-1] [DEBUG] [1765409316.710982231] [KortexMultiInterfaceHardware]: No controller active in LOW_LEVEL_SERVOING mode !
[ros2_control_node-1] [DEBUG] [1765409316.711215011] [KortexMultiInterfaceHardware]: No controller active in LOW_LEVEL_SERVOING mode !
[ros2_control_node-1] [DEBUG] [1765409316.711468673] [KortexMultiInterfaceHardware]: No controller active in LOW_LEVEL_SERVOING mode !
[ros2_control_node-1] [DEBUG] [1765409316.711978776] [KortexMultiInterfaceHardware]: No controller active in LOW_LEVEL_SERVOING mode !
[ros2_control_node-1] [DEBUG] [1765409316.712216600] [KortexMultiInterfaceHardware]: No controller active in LOW_LEVEL_SERVOING mode !
[ros2_control_node-1] [DEBUG] [1765409316.712444616] [KortexMultiInterfaceHardware]: No controller active in LOW_LEVEL_SERVOING mode !
[ros2_control_node-1] [DEBUG] [1765409316.712990043] [KortexMultiInterfaceHardware]: No controller active in LOW_LEVEL_SERVOING mode !
[ros2_control_node-1] [DEBUG] [1765409316.713253997] [KortexMultiInterfaceHardware]: No controller active in LOW_LEVEL_SERVOING mode !
[ros2_control_node-1] [DEBUG] [1765409316.713495262] [KortexMultiInterfaceHardware]: No controller active in LOW_LEVEL_SERVOING mode !
[ros2_control_node-1] [DEBUG] [1765409316.713970069] [KortexMultiInterfaceHardware]: No controller active in LOW_LEVEL_SERVOING mode !
[ros2_control_node-1] [DEBUG] [1765409316.714216898] [KortexMultiInterfaceHardware]: No controller active in LOW_LEVEL_SERVOING mode !
[ros2_control_node-1] [DEBUG] [1765409316.714445184] [KortexMultiInterfaceHardware]: No controller active in LOW_LEVEL_SERVOING mode !
[ros2_control_node-1] [DEBUG] [1765409316.714908378] [KortexMultiInterfaceHardware]: No controller active in LOW_LEVEL_SERVOING mode !
[ros2_control_node-1] [DEBUG] [1765409316.715152913] [KortexMultiInterfaceHardware]: No controller active in LOW_LEVEL_SERVOING mode !
[ros2_control_node-1] [DEBUG] [1765409316.715402288] [KortexMultiInterfaceHardware]: No controller active in LOW_LEVEL_SERVOING mode !
[ros2_control_node-1] [DEBUG] [1765409316.715966959] [KortexMultiInterfaceHardware]: No controller active in LOW_LEVEL_SERVOING mode !
[ros2_control_node-1] [DEBUG] [1765409316.716215784] [KortexMultiInterfaceHardware]: No controller active in LOW_LEVEL_SERVOING mode !
[ros2_control_node-1] [DEBUG] [1765409316.716443738] [KortexMultiInterfaceHardware]: No controller active in LOW_LEVEL_SERVOING mode !
[ros2_control_node-1] [DEBUG] [1765409316.716651888] [KortexMultiInterfaceHardware]: No controller active in LOW_LEVEL_SERVOING mode !
[ros2_control_node-1] [DEBUG] [1765409316.716907271] [KortexMultiInterfaceHardware]: No controller active in LOW_LEVEL_SERVOING mode !
[ros2_control_node-1] [DEBUG] [1765409316.717153754] [KortexMultiInterfaceHardware]: No controller active in LOW_LEVEL_SERVOING mode !
[ros2_control_node-1] [DEBUG] [1765409316.717381814] [KortexMultiInterfaceHardware]: No controller active in LOW_LEVEL_SERVOING mode !
[ros2_control_node-1] [DEBUG] [1765409316.717957752] [KortexMultiInterfaceHardware]: No controller active in LOW_LEVEL_SERVOING mode !
[ros2_control_node-1] [DEBUG] [1765409316.718194996] [KortexMultiInterfaceHardware]: No controller active in LOW_LEVEL_SERVOING mode !
[ros2_control_node-1] [DEBUG] [1765409316.718424015] [KortexMultiInterfaceHardware]: No controller active in LOW_LEVEL_SERVOING mode !
[ros2_control_node-1] [DEBUG] [1765409316.718653352] [KortexMultiInterfaceHardware]: No controller active in LOW_LEVEL_SERVOING mode !
[ros2_control_node-1] [DEBUG] [1765409316.718905518] [KortexMultiInterfaceHardware]: No controller active in LOW_LEVEL_SERVOING mode !
[ros2_control_node-1] [DEBUG] [1765409316.719154317] [KortexMultiInterfaceHardware]: No controller active in LOW_LEVEL_SERVOING mode !
[ros2_control_node-1] [DEBUG] [1765409316.719405534] [KortexMultiInterfaceHardware]: No controller active in LOW_LEVEL_SERVOING mode !
[ros2_control_node-1] [DEBUG] [1765409316.719940908] [KortexMultiInterfaceHardware]: No controller active in LOW_LEVEL_SERVOING mode !
[ros2_control_node-1] [DEBUG] [1765409316.720194738] [KortexMultiInterfaceHardware]: No controller active in LOW_LEVEL_SERVOING mode !
[ros2_control_node-1] [DEBUG] [1765409316.720443462] [KortexMultiInterfaceHardware]: No controller active in LOW_LEVEL_SERVOING mode !
[ros2_control_node-1] [DEBUG] [1765409316.720672605] [KortexMultiInterfaceHardware]: No controller active in LOW_LEVEL_SERVOING mode !
[ros2_control_node-1] [DEBUG] [1765409316.720923248] [KortexMultiInterfaceHardware]: No controller active in LOW_LEVEL_SERVOING mode !
[ros2_control_node-1] [DEBUG] [1765409316.721177164] [KortexMultiInterfaceHardware]: No controller active in LOW_LEVEL_SERVOING mode !
[ros2_control_node-1] [DEBUG] [1765409316.721428647] [KortexMultiInterfaceHardware]: No controller active in LOW_LEVEL_SERVOING mode !
[ros2_control_node-1] [DEBUG] [1765409316.722004002] [KortexMultiInterfaceHardware]: No controller active in LOW_LEVEL_SERVOING mode !
[ros2_control_node-1] [INFO] [1765409316.722265047] [controller_manager]: Loading controller 'fault_controller'
[ros2_control_node-1] [DEBUG] [1765409316.722272571] [KortexMultiInterfaceHardware]: No controller active in LOW_LEVEL_SERVOING mode !
[ros2_control_node-1] [DEBUG] [1765409316.722561105] [KortexMultiInterfaceHardware]: No controller active in LOW_LEVEL_SERVOING mode !
[ros2_control_node-1] [DEBUG] [1765409316.722912416] [KortexMultiInterfaceHardware]: No controller active in LOW_LEVEL_SERVOING mode !
[ros2_control_node-1] [DEBUG] [1765409316.723152175] [KortexMultiInterfaceHardware]: No controller active in LOW_LEVEL_SERVOING mode !
[ros2_control_node-1] [DEBUG] [1765409316.723538523] [KortexMultiInterfaceHardware]: No controller active in LOW_LEVEL_SERVOING mode !
[ros2_control_node-1] [DEBUG] [1765409316.723943819] [KortexMultiInterfaceHardware]: No controller active in LOW_LEVEL_SERVOING mode !
[ros2_control_node-1] [DEBUG] [1765409316.724229424] [KortexMultiInterfaceHardware]: No controller active in LOW_LEVEL_SERVOING mode !
[ros2_control_node-1] [DEBUG] [1765409316.724492669] [KortexMultiInterfaceHardware]: No controller active in LOW_LEVEL_SERVOING mode !
[ros2_control_node-1] [DEBUG] [1765409316.724959170] [KortexMultiInterfaceHardware]: No controller active in LOW_LEVEL_SERVOING mode !
[ros2_control_node-1] [DEBUG] [1765409316.725236651] [KortexMultiInterfaceHardware]: No controller active in LOW_LEVEL_SERVOING mode !
[ros2_control_node-1] [DEBUG] [1765409316.725531505] [KortexMultiInterfaceHardware]: No controller active in LOW_LEVEL_SERVOING mode !
[ros2_control_node-1] [DEBUG] [1765409316.725916285] [KortexMultiInterfaceHardware]: No controller active in LOW_LEVEL_SERVOING mode !
[ros2_control_node-1] [DEBUG] [1765409316.726180423] [KortexMultiInterfaceHardware]: No controller active in LOW_LEVEL_SERVOING mode !
[ros2_control_node-1] [DEBUG] [1765409316.726407180] [KortexMultiInterfaceHardware]: No controller active in LOW_LEVEL_SERVOING mode !
[ros2_control_node-1] [DEBUG] [1765409316.726656189] [KortexMultiInterfaceHardware]: No controller active in LOW_LEVEL_SERVOING mode !
[spawner-6] [INFO] [1765409316.726809892] [spawner_fault_controller]: [94mLoaded [1mfault_controller[0m
[ros2_control_node-1] [DEBUG] [1765409316.726934308] [KortexMultiInterfaceHardware]: No controller active in LOW_LEVEL_SERVOING mode !
[ros2_control_node-1] [DEBUG] [1765409316.727201124] [KortexMultiInterfaceHardware]: No controller active in LOW_LEVEL_SERVOING mode !
[ros2_control_node-1] [INFO] [1765409316.727370235] [controller_manager]: Configuring controller 'fault_controller'
[ros2_control_node-1] [DEBUG] [1765409316.727481749] [KortexMultiInterfaceHardware]: No controller active in LOW_LEVEL_SERVOING mode !
[ros2_control_node-1] [DEBUG] [1765409316.727915166] [KortexMultiInterfaceHardware]: No controller active in LOW_LEVEL_SERVOING mode !
[ros2_control_node-1] [DEBUG] [1765409316.728192266] [KortexMultiInterfaceHardware]: No controller active in LOW_LEVEL_SERVOING mode !
[ros2_control_node-1] [DEBUG] [1765409316.728448548] [KortexMultiInterfaceHardware]: No controller active in LOW_LEVEL_SERVOING mode !
[ros2_control_node-1] [DEBUG] [1765409316.728946608] [KortexMultiInterfaceHardware]: No controller active in LOW_LEVEL_SERVOING mode !
[INFO] [spawner-5]: process has finished cleanly [pid 36094]
[move_group-9] [INFO] [1765409316.922047848] [moveit.ros_planning_interface.moveit_cpp]: Loading planning pipeline 'ompl'
[move_group-9] [INFO] [1765409316.930480357] [moveit.ros_planning.planning_pipeline]: Using planning interface 'OMPL'
[ros2_control_node-1] [DEBUG] [1765409316.930984297] [KortexMultiInterfaceHardware]: No controller active in LOW_LEVEL_SERVOING mode !
[ros2_control_node-1] [DEBUG] [1765409316.931259066] [KortexMultiInterfaceHardware]: No controller active in LOW_LEVEL_SERVOING mode !
[ros2_control_node-1] [DEBUG] [1765409316.931537991] [KortexMultiInterfaceHardware]: No controller active in LOW_LEVEL_SERVOING mode !
[ros2_control_node-1] [DEBUG] [1765409316.931990901] [KortexMultiInterfaceHardware]: No controller active in LOW_LEVEL_SERVOING mode !
[spawner-6] [INFO] [1765409316.932255174] [spawner_fault_controller]: [92mConfigured and activated [1mfault_controller[0m
[ros2_control_node-1] [INFO] [1765409316.932273010] [controller_manager]: Loading controller 'joint_state_broadcaster'
[ros2_control_node-1] [DEBUG] [1765409316.932278732] [KortexMultiInterfaceHardware]: No controller active in LOW_LEVEL_SERVOING mode !
[ros2_control_node-1] [DEBUG] [1765409316.932908735] [KortexMultiInterfaceHardware]: No controller active in LOW_LEVEL_SERVOING mode !
[move_group-9] [INFO] [1765409316.933094789] [moveit_ros.add_time_optimal_parameterization]: Param 'ompl.path_tolerance' was not set. Using default value: 0.100000
[move_group-9] [INFO] [1765409316.933113344] [moveit_ros.add_time_optimal_parameterization]: Param 'ompl.resample_dt' was not set. Using default value: 0.100000
[move_group-9] [INFO] [1765409316.933120934] [moveit_ros.add_time_optimal_parameterization]: Param 'ompl.min_angle_change' was not set. Using default value: 0.001000
[move_group-9] [INFO] [1765409316.933146080] [moveit_ros.fix_workspace_bounds]: Param 'ompl.default_workspace_bounds' was not set. Using default value: 10.000000
[move_group-9] [INFO] [1765409316.933165795] [moveit_ros.fix_start_state_bounds]: Param 'ompl.start_state_max_bounds_error' was set to 0.100000
[move_group-9] [INFO] [1765409316.933173729] [moveit_ros.fix_start_state_bounds]: Param 'ompl.start_state_max_dt' was not set. Using default value: 0.500000
[move_group-9] [INFO] [1765409316.933188092] [moveit_ros.fix_start_state_collision]: Param 'ompl.start_state_max_dt' was not set. Using default value: 0.500000
[move_group-9] [INFO] [1765409316.933195053] [moveit_ros.fix_start_state_collision]: Param 'ompl.jiggle_fraction' was not set. Using default value: 0.020000
[move_group-9] [INFO] [1765409316.933202019] [moveit_ros.fix_start_state_collision]: Param 'ompl.max_sampling_attempts' was not set. Using default value: 100
[move_group-9] [INFO] [1765409316.933215751] [moveit.ros_planning.planning_pipeline]: Using planning request adapter 'Add Time Optimal Parameterization'
[move_group-9] [INFO] [1765409316.933221767] [moveit.ros_planning.planning_pipeline]: Using planning request adapter 'Resolve constraint frames to robot links'
[move_group-9] [INFO] [1765409316.933226415] [moveit.ros_planning.planning_pipeline]: Using planning request adapter 'Fix Workspace Bounds'
[move_group-9] [INFO] [1765409316.933231264] [moveit.ros_planning.planning_pipeline]: Using planning request adapter 'Fix Start State Bounds'
[move_group-9] [INFO] [1765409316.933235825] [moveit.ros_planning.planning_pipeline]: Using planning request adapter 'Fix Start State In Collision'
[move_group-9] [INFO] [1765409316.933262514] [moveit.ros_planning.planning_pipeline]: Using planning request adapter 'Fix Start State Path Constraints'
[ros2_control_node-1] [DEBUG] [1765409316.933218363] [KortexMultiInterfaceHardware]: No controller active in LOW_LEVEL_SERVOING mode !
[ros2_control_node-1] [DEBUG] [1765409316.933575395] [KortexMultiInterfaceHardware]: No controller active in LOW_LEVEL_SERVOING mode !
[ros2_control_node-1] [DEBUG] [1765409316.934133558] [KortexMultiInterfaceHardware]: No controller active in LOW_LEVEL_SERVOING mode !
[ros2_control_node-1] [DEBUG] [1765409316.934550338] [KortexMultiInterfaceHardware]: No controller active in LOW_LEVEL_SERVOING mode !
[ros2_control_node-1] [DEBUG] [1765409316.934971620] [KortexMultiInterfaceHardware]: No controller active in LOW_LEVEL_SERVOING mode !
[move_group-9] [INFO] [1765409316.935269699] [moveit.ros_planning_interface.moveit_cpp]: Loading planning pipeline 'pilz_industrial_motion_planner'
[ros2_control_node-1] [DEBUG] [1765409316.935280380] [KortexMultiInterfaceHardware]: No controller active in LOW_LEVEL_SERVOING mode !
[ros2_control_node-1] [DEBUG] [1765409316.935635332] [KortexMultiInterfaceHardware]: No controller active in LOW_LEVEL_SERVOING mode !
[ros2_control_node-1] [DEBUG] [1765409316.935941243] [KortexMultiInterfaceHardware]: No controller active in LOW_LEVEL_SERVOING mode !
[ros2_control_node-1] [DEBUG] [1765409316.936286612] [KortexMultiInterfaceHardware]: No controller active in LOW_LEVEL_SERVOING mode !
[ros2_control_node-1] [DEBUG] [1765409316.936565226] [KortexMultiInterfaceHardware]: No controller active in LOW_LEVEL_SERVOING mode !
[ros2_control_node-1] [DEBUG] [1765409316.936967343] [KortexMultiInterfaceHardware]: No controller active in LOW_LEVEL_SERVOING mode !
[ros2_control_node-1] [DEBUG] [1765409316.937218483] [KortexMultiInterfaceHardware]: No controller active in LOW_LEVEL_SERVOING mode !
[ros2_control_node-1] [INFO] [1765409316.937414629] [controller_manager]: Loading controller 'gen3_lite_2f_gripper_controller'
[ros2_control_node-1] [DEBUG] [1765409316.937501294] [KortexMultiInterfaceHardware]: No controller active in LOW_LEVEL_SERVOING mode !
[spawner-3] [INFO] [1765409316.937951646] [spawner_joint_state_broadcaster]: [94mLoaded [1mjoint_state_broadcaster[0m
[ros2_control_node-1] [DEBUG] [1765409316.937959027] [KortexMultiInterfaceHardware]: No controller active in LOW_LEVEL_SERVOING mode !
[move_group-9] [INFO] [1765409316.938254816] [moveit.pilz_industrial_motion_planner.joint_limits_aggregator]: Reading limits from namespace robot_description_planning
[ros2_control_node-1] [DEBUG] [1765409316.938240330] [KortexMultiInterfaceHardware]: No controller active in LOW_LEVEL_SERVOING mode !
[ros2_control_node-1] [DEBUG] [1765409316.939074751] [KortexMultiInterfaceHardware]: No controller active in LOW_LEVEL_SERVOING mode !
[ros2_control_node-1] [DEBUG] [1765409316.939389991] [KortexMultiInterfaceHardware]: No controller active in LOW_LEVEL_SERVOING mode !
[ros2_control_node-1] [DEBUG] [1765409316.939693518] [KortexMultiInterfaceHardware]: No controller active in LOW_LEVEL_SERVOING mode !
[ros2_control_node-1] [DEBUG] [1765409316.939979041] [KortexMultiInterfaceHardware]: No controller active in LOW_LEVEL_SERVOING mode !
[ros2_control_node-1] [DEBUG] [1765409316.940251404] [KortexMultiInterfaceHardware]: No controller active in LOW_LEVEL_SERVOING mode !
[ros2_control_node-1] [DEBUG] [1765409316.940546622] [KortexMultiInterfaceHardware]: No controller active in LOW_LEVEL_SERVOING mode !
[move_group-9] [INFO] [1765409316.940735882] [moveit.pilz_industrial_motion_planner]: Available plugins: pilz_industrial_motion_planner/PlanningContextLoaderCIRC pilz_industrial_motion_planner/PlanningContextLoaderLIN pilz_industrial_motion_planner/PlanningContextLoaderPTP 
[move_group-9] [INFO] [1765409316.940749480] [moveit.pilz_industrial_motion_planner]: About to load: pilz_industrial_motion_planner/PlanningContextLoaderCIRC
[ros2_control_node-1] [DEBUG] [1765409316.940991603] [KortexMultiInterfaceHardware]: No controller active in LOW_LEVEL_SERVOING mode !
[ros2_control_node-1] [DEBUG] [1765409316.941304041] [KortexMultiInterfaceHardware]: No controller active in LOW_LEVEL_SERVOING mode !
[ros2_control_node-1] [DEBUG] [1765409316.941619571] [KortexMultiInterfaceHardware]: No controller active in LOW_LEVEL_SERVOING mode !
[move_group-9] [INFO] [1765409316.941861688] [moveit.pilz_industrial_motion_planner]: Registered Algorithm [CIRC]
[move_group-9] [INFO] [1765409316.941874912] [moveit.pilz_industrial_motion_planner]: About to load: pilz_industrial_motion_planner/PlanningContextLoaderLIN
[ros2_control_node-1] [DEBUG] [1765409316.941967908] [KortexMultiInterfaceHardware]: No controller active in LOW_LEVEL_SERVOING mode !
[ros2_control_node-1] [DEBUG] [1765409316.942255141] [KortexMultiInterfaceHardware]: No controller active in LOW_LEVEL_SERVOING mode !
[ros2_control_node-1] [DEBUG] [1765409316.942519434] [KortexMultiInterfaceHardware]: No controller active in LOW_LEVEL_SERVOING mode !
[move_group-9] [INFO] [1765409316.942657024] [moveit.pilz_industrial_motion_planner]: Registered Algorithm [LIN]
[move_group-9] [INFO] [1765409316.942665615] [moveit.pilz_industrial_motion_planner]: About to load: pilz_industrial_motion_planner/PlanningContextLoaderPTP
[ros2_control_node-1] [DEBUG] [1765409316.942951821] [KortexMultiInterfaceHardware]: No controller active in LOW_LEVEL_SERVOING mode !
[ros2_control_node-1] [DEBUG] [1765409316.943201256] [KortexMultiInterfaceHardware]: No controller active in LOW_LEVEL_SERVOING mode !
[ros2_control_node-1] [INFO] [1765409316.943282242] [controller_manager]: Loading controller 'joint_trajectory_controller'
[ros2_control_node-1] [DEBUG] [1765409316.943447645] [KortexMultiInterfaceHardware]: No controller active in LOW_LEVEL_SERVOING mode !
[move_group-9] [INFO] [1765409316.943322096] [moveit.pilz_industrial_motion_planner]: Registered Algorithm [PTP]
[move_group-9] [INFO] [1765409316.943333048] [moveit.ros_planning.planning_pipeline]: Using planning interface 'Pilz Industrial Motion Planner'
[move_group-9] [INFO] [1765409316.943710324] [moveit.ros_planning_interface.moveit_cpp]: Loading planning pipeline 'chomp'
[spawner-7] [INFO] [1765409316.943877492] [spawner_gen3_lite_2f_gripper_controller]: [94mLoaded [1mgen3_lite_2f_gripper_controller[0m
[ros2_control_node-1] [DEBUG] [1765409316.943904676] [KortexMultiInterfaceHardware]: No controller active in LOW_LEVEL_SERVOING mode !
[ros2_control_node-1] [DEBUG] [1765409316.944161042] [KortexMultiInterfaceHardware]: No controller active in LOW_LEVEL_SERVOING mode !
[ros2_control_node-1] [DEBUG] [1765409316.944439398] [KortexMultiInterfaceHardware]: No controller active in LOW_LEVEL_SERVOING mode !
[ros2_control_node-1] [DEBUG] [1765409316.944947084] [KortexMultiInterfaceHardware]: No controller active in LOW_LEVEL_SERVOING mode !
[ros2_control_node-1] [DEBUG] [1765409316.945428703] [KortexMultiInterfaceHardware]: No controller active in LOW_LEVEL_SERVOING mode !
[ros2_control_node-1] [DEBUG] [1765409316.945882256] [KortexMultiInterfaceHardware]: No controller active in LOW_LEVEL_SERVOING mode !
[ros2_control_node-1] [DEBUG] [1765409316.946168456] [KortexMultiInterfaceHardware]: No controller active in LOW_LEVEL_SERVOING mode !
[ros2_control_node-1] [DEBUG] [1765409316.946467082] [KortexMultiInterfaceHardware]: No controller active in LOW_LEVEL_SERVOING mode !
[move_group-9] [INFO] [1765409316.946606692] [moveit.ros_planning.planning_pipeline]: Using planning interface 'CHOMP'
[ros2_control_node-1] [DEBUG] [1765409316.946952001] [KortexMultiInterfaceHardware]: No controller active in LOW_LEVEL_SERVOING mode !
[ros2_control_node-1] [DEBUG] [1765409316.947246437] [KortexMultiInterfaceHardware]: No controller active in LOW_LEVEL_SERVOING mode !
[ros2_control_node-1] [DEBUG] [1765409316.947502791] [KortexMultiInterfaceHardware]: No controller active in LOW_LEVEL_SERVOING mode !
[ros2_control_node-1] [DEBUG] [1765409316.947932205] [KortexMultiInterfaceHardware]: No controller active in LOW_LEVEL_SERVOING mode !
[move_group-9] [INFO] [1765409316.948182596] [moveit_ros.add_time_optimal_parameterization]: Param 'chomp.path_tolerance' was not set. Using default value: 0.100000
[move_group-9] [INFO] [1765409316.948191690] [moveit_ros.add_time_optimal_parameterization]: Param 'chomp.resample_dt' was not set. Using default value: 0.100000
[move_group-9] [INFO] [1765409316.948194663] [moveit_ros.add_time_optimal_parameterization]: Param 'chomp.min_angle_change' was not set. Using default value: 0.001000
[ros2_control_node-1] [DEBUG] [1765409316.948185246] [KortexMultiInterfaceHardware]: No controller active in LOW_LEVEL_SERVOING mode !
[move_group-9] [INFO] [1765409316.948208530] [moveit_ros.fix_workspace_bounds]: Param 'chomp.default_workspace_bounds' was not set. Using default value: 10.000000
[move_group-9] [INFO] [1765409316.948218720] [moveit_ros.fix_start_state_bounds]: Param 'chomp.start_state_max_bounds_error' was set to 0.100000
[move_group-9] [INFO] [1765409316.948221733] [moveit_ros.fix_start_state_bounds]: Param 'chomp.start_state_max_dt' was not set. Using default value: 0.500000
[move_group-9] [INFO] [1765409316.948232825] [moveit_ros.fix_start_state_collision]: Param 'chomp.start_state_max_dt' was not set. Using default value: 0.500000
[move_group-9] [INFO] [1765409316.948238017] [moveit_ros.fix_start_state_collision]: Param 'chomp.jiggle_fraction' was set to 0.050000
[move_group-9] [INFO] [1765409316.948242295] [moveit_ros.fix_start_state_collision]: Param 'chomp.max_sampling_attempts' was not set. Using default value: 100
[move_group-9] [INFO] [1765409316.948253296] [moveit.ros_planning.planning_pipeline]: Using planning request adapter 'Add Time Optimal Parameterization'
[move_group-9] [INFO] [1765409316.948255734] [moveit.ros_planning.planning_pipeline]: Using planning request adapter 'Resolve constraint frames to robot links'
[move_group-9] [INFO] [1765409316.948257507] [moveit.ros_planning.planning_pipeline]: Using planning request adapter 'Fix Workspace Bounds'
[move_group-9] [INFO] [1765409316.948259393] [moveit.ros_planning.planning_pipeline]: Using planning request adapter 'Fix Start State Bounds'
[move_group-9] [INFO] [1765409316.948261100] [moveit.ros_planning.planning_pipeline]: Using planning request adapter 'Fix Start State In Collision'
[move_group-9] [INFO] [1765409316.948262777] [moveit.ros_planning.planning_pipeline]: Using planning request adapter 'Fix Start State Path Constraints'
[ros2_control_node-1] [DEBUG] [1765409316.948520054] [KortexMultiInterfaceHardware]: No controller active in LOW_LEVEL_SERVOING mode !
[ros2_control_node-1] [DEBUG] [1765409316.948950471] [KortexMultiInterfaceHardware]: No controller active in LOW_LEVEL_SERVOING mode !
[ros2_control_node-1] [DEBUG] [1765409316.949251784] [KortexMultiInterfaceHardware]: No controller active in LOW_LEVEL_SERVOING mode !
[ros2_control_node-1] [DEBUG] [1765409316.949508551] [KortexMultiInterfaceHardware]: No controller active in LOW_LEVEL_SERVOING mode !
[ros2_control_node-1] [DEBUG] [1765409316.949984177] [KortexMultiInterfaceHardware]: No controller active in LOW_LEVEL_SERVOING mode !
[ros2_control_node-1] [DEBUG] [1765409316.950282419] [KortexMultiInterfaceHardware]: No controller active in LOW_LEVEL_SERVOING mode !
[ros2_control_node-1] [DEBUG] [1765409316.950618326] [KortexMultiInterfaceHardware]: No controller active in LOW_LEVEL_SERVOING mode !
[ros2_control_node-1] [DEBUG] [1765409316.950961315] [KortexMultiInterfaceHardware]: No controller active in LOW_LEVEL_SERVOING mode !
[ros2_control_node-1] [DEBUG] [1765409316.951313633] [KortexMultiInterfaceHardware]: No controller active in LOW_LEVEL_SERVOING mode !
[ros2_control_node-1] [DEBUG] [1765409316.951629919] [KortexMultiInterfaceHardware]: No controller active in LOW_LEVEL_SERVOING mode !
[ros2_control_node-1] [WARN] [1765409316.951909395] [joint_trajectory_controller]: [Deprecated]: "allow_nonzero_velocity_at_trajectory_end" is set to true. The default behavior will change to false.
[ros2_control_node-1] [DEBUG] [1765409316.951954829] [KortexMultiInterfaceHardware]: No controller active in LOW_LEVEL_SERVOING mode !
[ros2_control_node-1] [DEBUG] [1765409316.952223977] [KortexMultiInterfaceHardware]: No controller active in LOW_LEVEL_SERVOING mode !
[ros2_control_node-1] [INFO] [1765409316.952331121] [controller_manager]: Configuring controller 'joint_state_broadcaster'
[ros2_control_node-1] [INFO] [1765409316.952375559] [joint_state_broadcaster]: 'joints' or 'interfaces' parameter is empty. All available state interfaces will be published
[ros2_control_node-1] [DEBUG] [1765409316.952527529] [KortexMultiInterfaceHardware]: No controller active in LOW_LEVEL_SERVOING mode !
[ros2_control_node-1] [DEBUG] [1765409316.952948987] [KortexMultiInterfaceHardware]: No controller active in LOW_LEVEL_SERVOING mode !
[spawner-4] [INFO] [1765409316.953025796] [spawner_joint_trajectory_controller]: [94mLoaded [1mjoint_trajectory_controller[0m
[ros2_control_node-1] [DEBUG] [1765409316.953258734] [KortexMultiInterfaceHardware]: No controller active in LOW_LEVEL_SERVOING mode !
[ros2_control_node-1] [DEBUG] [1765409316.953603875] [KortexMultiInterfaceHardware]: No controller active in LOW_LEVEL_SERVOING mode !
[ros2_control_node-1] [DEBUG] [1765409316.953974440] [KortexMultiInterfaceHardware]: No controller active in LOW_LEVEL_SERVOING mode !
[ros2_control_node-1] [DEBUG] [1765409316.954277426] [KortexMultiInterfaceHardware]: No controller active in LOW_LEVEL_SERVOING mode !
[ros2_control_node-1] [DEBUG] [1765409316.954886052] [KortexMultiInterfaceHardware]: No controller active in LOW_LEVEL_SERVOING mode !
[ros2_control_node-1] [DEBUG] [1765409316.955188782] [KortexMultiInterfaceHardware]: No controller active in LOW_LEVEL_SERVOING mode !
[ros2_control_node-1] [DEBUG] [1765409316.955460081] [KortexMultiInterfaceHardware]: No controller active in LOW_LEVEL_SERVOING mode !
[ros2_control_node-1] [INFO] [1765409316.955535285] [controller_manager]: Configuring controller 'gen3_lite_2f_gripper_controller'
[ros2_control_node-1] [INFO] [1765409316.955577171] [gen3_lite_2f_gripper_controller]: Action status changes will be monitored at 20.000000 Hz.
[ros2_control_node-1] [DEBUG] [1765409316.955977364] [KortexMultiInterfaceHardware]: No controller active in LOW_LEVEL_SERVOING mode !
[ros2_control_node-1] [INFO] [1765409316.956297965] [controller_manager]: Configuring controller 'joint_trajectory_controller'
[ros2_control_node-1] [DEBUG] [1765409316.956370179] [KortexMultiInterfaceHardware]: No controller active in LOW_LEVEL_SERVOING mode !
[ros2_control_node-1] [INFO] [1765409316.956424697] [joint_trajectory_controller]: No specific joint names are used for command interfaces. Using 'joints' parameter.
[ros2_control_node-1] [INFO] [1765409316.956448151] [joint_trajectory_controller]: Command interfaces are [position] and state interfaces are [position velocity].
[ros2_control_node-1] [INFO] [1765409316.956467032] [joint_trajectory_controller]: Using 'splines' interpolation method.
[ros2_control_node-1] [DEBUG] [1765409316.956988552] [KortexMultiInterfaceHardware]: No controller active in LOW_LEVEL_SERVOING mode !
[ros2_control_node-1] [INFO] [1765409316.957167119] [joint_trajectory_controller]: Controller state will be published at 100.00 Hz.
[ros2_control_node-1] [DEBUG] [1765409316.957272967] [KortexMultiInterfaceHardware]: No controller active in LOW_LEVEL_SERVOING mode !
[ros2_control_node-1] [DEBUG] [1765409316.957568613] [KortexMultiInterfaceHardware]: No controller active in LOW_LEVEL_SERVOING mode !
[ros2_control_node-1] [DEBUG] [1765409316.957993319] [KortexMultiInterfaceHardware]: No controller active in LOW_LEVEL_SERVOING mode !
[ros2_control_node-1] [DEBUG] [1765409316.958316531] [KortexMultiInterfaceHardware]: No controller active in LOW_LEVEL_SERVOING mode !
[ros2_control_node-1] [INFO] [1765409316.958507192] [joint_trajectory_controller]: Action status changes will be monitored at 20.00 Hz.
[ros2_control_node-1] [DEBUG] [1765409316.958623713] [KortexMultiInterfaceHardware]: No controller active in LOW_LEVEL_SERVOING mode !
[ros2_control_node-1] [DEBUG] [1765409316.958988711] [KortexMultiInterfaceHardware]: No controller active in LOW_LEVEL_SERVOING mode !
[ros2_control_node-1] [DEBUG] [1765409316.959340722] [KortexMultiInterfaceHardware]: No controller active in LOW_LEVEL_SERVOING mode !
[ros2_control_node-1] [DEBUG] [1765409316.959634679] [KortexMultiInterfaceHardware]: No controller active in LOW_LEVEL_SERVOING mode !
[ros2_control_node-1] [DEBUG] [1765409316.959947375] [KortexMultiInterfaceHardware]: No controller active in LOW_LEVEL_SERVOING mode !
[ros2_control_node-1] [DEBUG] [1765409316.960273469] [KortexMultiInterfaceHardware]: No controller active in LOW_LEVEL_SERVOING mode !
[ros2_control_node-1] [DEBUG] [1765409316.960595539] [KortexMultiInterfaceHardware]: No controller active in LOW_LEVEL_SERVOING mode !
[ros2_control_node-1] [DEBUG] [1765409316.960942064] [KortexMultiInterfaceHardware]: No controller active in LOW_LEVEL_SERVOING mode !
[ros2_control_node-1] [DEBUG] [1765409316.961207216] [KortexMultiInterfaceHardware]: No controller active in LOW_LEVEL_SERVOING mode !
[ros2_control_node-1] [DEBUG] [1765409316.961473788] [KortexMultiInterfaceHardware]: No controller active in LOW_LEVEL_SERVOING mode !
[ros2_control_node-1] [DEBUG] [1765409316.961941231] [KortexMultiInterfaceHardware]: No controller active in LOW_LEVEL_SERVOING mode !
[ros2_control_node-1] [DEBUG] [1765409316.962240856] [KortexMultiInterfaceHardware]: No controller active in LOW_LEVEL_SERVOING mode !
[ros2_control_node-1] [DEBUG] [1765409316.962541987] [KortexMultiInterfaceHardware]: No controller active in LOW_LEVEL_SERVOING mode !
[ros2_control_node-1] [DEBUG] [1765409316.962979852] [KortexMultiInterfaceHardware]: No controller active in LOW_LEVEL_SERVOING mode !
[ros2_control_node-1] [DEBUG] [1765409316.963297882] [KortexMultiInterfaceHardware]: No controller active in LOW_LEVEL_SERVOING mode !
[ros2_control_node-1] [DEBUG] [1765409316.963604057] [KortexMultiInterfaceHardware]: No controller active in LOW_LEVEL_SERVOING mode !
[ros2_control_node-1] [DEBUG] [1765409316.963961622] [KortexMultiInterfaceHardware]: No controller active in LOW_LEVEL_SERVOING mode !
[spawner-3] [INFO] [1765409316.964077726] [spawner_joint_state_broadcaster]: [92mConfigured and activated [1mjoint_state_broadcaster[0m
[move_group-9] [INFO] [1765409316.968600684] [moveit.plugins.moveit_simple_controller_manager]: Added FollowJointTrajectory controller for joint_trajectory_controller
[move_group-9] [INFO] [1765409316.968626541] [moveit.plugins.moveit_simple_controller_manager]: Max effort set to 0.0
[move_group-9] [INFO] [1765409316.969596139] [moveit.plugins.moveit_simple_controller_manager]: Added GripperCommand controller for gen3_lite_2f_gripper_controller
[move_group-9] [INFO] [1765409316.969682578] [moveit.plugins.moveit_simple_controller_manager]: Returned 2 controllers in list
[move_group-9] [INFO] [1765409316.969694846] [moveit.plugins.moveit_simple_controller_manager]: Returned 2 controllers in list
[move_group-9] [INFO] [1765409316.969885622] [moveit_ros.trajectory_execution_manager]: Trajectory execution is managing controllers
[move_group-9] [INFO] [1765409316.969894108] [move_group.move_group]: MoveGroup debug mode is ON
[move_group-9] [INFO] [1765409316.977841155] [move_group.move_group]: 
[move_group-9] 
[move_group-9] ********************************************************
[move_group-9] * MoveGroup using: 
[move_group-9] *     - ApplyPlanningSceneService
[move_group-9] *     - ClearOctomapService
[move_group-9] *     - CartesianPathService
[move_group-9] *     - ExecuteTrajectoryAction
[move_group-9] *     - GetPlanningSceneService
[move_group-9] *     - KinematicsService
[move_group-9] *     - MoveAction
[move_group-9] *     - MotionPlanService
[move_group-9] *     - QueryPlannersService
[move_group-9] *     - StateValidationService
[move_group-9] ********************************************************
[move_group-9] 
[move_group-9] [INFO] [1765409316.977872671] [moveit_move_group_capabilities_base.move_group_context]: MoveGroup context using planning plugin ompl_interface/OMPLPlanner
[move_group-9] [INFO] [1765409316.977878756] [moveit_move_group_capabilities_base.move_group_context]: MoveGroup context initialization complete
[move_group-9] [96mLoading 'move_group/ApplyPlanningSceneService'...
[move_group-9] [0m[96mLoading 'move_group/ClearOctomapService'...
[move_group-9] [0m[96mLoading 'move_group/MoveGroupCartesianPathService'...
[move_group-9] [0m[96mLoading 'move_group/MoveGroupExecuteTrajectoryAction'...
[move_group-9] [0m[96mLoading 'move_group/MoveGroupGetPlanningSceneService'...
[move_group-9] [0m[96mLoading 'move_group/MoveGroupKinematicsService'...
[move_group-9] [0m[96mLoading 'move_group/MoveGroupMoveAction'...
[move_group-9] [0m[96mLoading 'move_group/MoveGroupPlanService'...
[move_group-9] [0m[96mLoading 'move_group/MoveGroupQueryPlannersService'...
[move_group-9] [0m[96mLoading 'move_group/MoveGroupStateValidationService'...
[move_group-9] [0m[92m
[move_group-9] You can start planning now!
[move_group-9] 
[INFO] [spawner-6]: process has finished cleanly [pid 36096]
[INFO] [spawner-3]: process has finished cleanly [pid 36090]
[ros2_control_node-1] [DEBUG] [1765409317.170116122] [KortexMultiInterfaceHardware]: No controller active in LOW_LEVEL_SERVOING mode !
[ros2_control_node-1] [DEBUG] [1765409317.170651893] [KortexMultiInterfaceHardware]: No controller active in LOW_LEVEL_SERVOING mode !
[ros2_control_node-1] [DEBUG] [1765409317.171128298] [KortexMultiInterfaceHardware]: No controller active in LOW_LEVEL_SERVOING mode !
[spawner-7] [INFO] [1765409317.171652231] [spawner_gen3_lite_2f_gripper_controller]: [92mConfigured and activated [1mgen3_lite_2f_gripper_controller[0m
[INFO] [spawner-7]: process has finished cleanly [pid 36098]
[spawner-4] [INFO] [1765409317.386609858] [spawner_joint_trajectory_controller]: [92mConfigured and activated [1mjoint_trajectory_controller[0m
[INFO] [spawner-4]: process has finished cleanly [pid 36092]
[0;36m[INFO][0m Verifying robot connection...
[0;32m[OK][0m Robot connected - /joint_states topic available
[0;36m[INFO][0m Waiting for controllers to initialize...
[0;36m[INFO][0m Clearing robot faults...
[1;33m[WARN][0m Could not clear faults (service may not be available yet)

[0;34m>>> Moving robot to experiment starting position[0m

[INFO] [1765409348.168172573] [startup_position_setter]: Moving to experiment_start: array('d', [-1.819, -0.146, -1.746, 0.573, -1.261, -1.639])
[0;32m[OK][0m Robot at experiment starting position
[0;32m[OK][0m Hardware mode ready

[0;34m>>> Starting conversational engine...[0m

[0;36m[INFO][0m Starting FastAPI server...
[0;36m[INFO][0m Waiting for server to initialize (may take up to 30 seconds)...
2025-12-10 18:29:15.161 | INFO     | src.conversation.engine_factory:initialize_factory:212 - Initializing ConversationEngineFactory
/home/snickers/.local/lib/python3.10/site-packages/google/api_core/_python_version_support.py:266: FutureWarning: You are using a Python version (3.10.12) which Google will stop supporting in new releases of google.api_core once it reaches its end of life (2026-10-04). Please upgrade to the latest Python version, or at least Python 3.11, to continue receiving updates for google.api_core past that date.
  warnings.warn(message, FutureWarning)
2025-12-10 18:29:15.313 | DEBUG    | src.conversation.engine_factory:register_engine:40 - Registered engine type: manual_turn -> ManualTurnEngine
2025-12-10 18:29:15.313 | INFO     | src.conversation.engine_factory:initialize_factory:218 - Registered ManualTurnEngine
2025-12-10 18:29:15.314 | DEBUG    | src.conversation.engine_factory:register_engine:40 - Registered engine type: single_utterance -> SingleUtteranceEngine
2025-12-10 18:29:15.314 | INFO     | src.conversation.engine_factory:initialize_factory:223 - Registered SingleUtteranceEngine
2025-12-10 18:29:15.314 | INFO     | src.conversation.engine_factory:initialize_factory:225 - Factory initialization complete
2025-12-10 18:29:15.330 | INFO     | __main__:create_application:171 - 📁 Mounted static files from /home/snickers/Documents/git-repos/hri-social-learner-manipulator/conversational_engine/static
2025-12-10 18:29:15.330 | INFO     | __main__:create_application:182 - 📄 Pre-loaded voice_client.html (43960 bytes)
🔥 BALAM PLATFORM STARTING - LOGS SHOULD APPEAR BELOW
[32m18:29:15.336[0m | [1mINFO    [0m | [36m__main__[0m:[36mmain[0m | [1m✅ LOGGING IS WORKING - You should see this message![0m
🔍 DEBUG: If you see this print but not the logger message above, there's a logging issue
[32m18:29:15.341[0m | [1mINFO    [0m | [36m__main__[0m:[36mcreate_application[0m | [1m📁 Mounted static files from /home/snickers/Documents/git-repos/hri-social-learner-manipulator/conversational_engine/static[0m
[32m18:29:15.341[0m | [1mINFO    [0m | [36m__main__[0m:[36mcreate_application[0m | [1m📄 Pre-loaded voice_client.html (43960 bytes)[0m
[32m18:29:15.343[0m | [1mINFO    [0m | [36m__main__[0m:[36mmain[0m | [1m🚀 Starting VoiceOrch Platform[0m
[32m18:29:15.343[0m | [1mINFO    [0m | [36m__main__[0m:[36mmain[0m | [1mDebug mode: False[0m
[32m18:29:15.343[0m | [1mINFO    [0m | [36m__main__[0m:[36mmain[0m | [1mWebSocket port: 8000[0m
[32m18:29:15.343[0m | [1mINFO    [0m | [36m__main__[0m:[36mmain[0m | [1mLLM provider: google[0m
[32m18:29:15.343[0m | [1mINFO    [0m | [36m__main__[0m:[36mmain[0m | [1mLLM model: gemini-2.5-flash-lite[0m
[32m18:29:15.343[0m | [1mINFO    [0m | [36m__main__[0m:[36mmain[0m | [1m🌐 Starting uvicorn server...[0m
🌐 Server starting on http://0.0.0.0:8000
🔗 WebSocket endpoint: ws://localhost:8000/ws/{session_id}
🎤 Voice Client: http://localhost:8000/client
[32m18:29:15.357[0m | [1mINFO    [0m | [36msrc.main[0m:[36mcreate_application[0m | [1m📁 Mounted static files from /home/snickers/Documents/git-repos/hri-social-learner-manipulator/conversational_engine/static[0m
[32m18:29:15.358[0m | [1mINFO    [0m | [36msrc.main[0m:[36mcreate_application[0m | [1m📄 Pre-loaded voice_client.html (43960 bytes)[0m
INFO:     Started server process [36358]
INFO:     Waiting for application startup.
[32m18:29:15.359[0m | [1mINFO    [0m | [36msrc.main[0m:[36mlifespan[0m | [1m🔄 FastAPI lifespan startup...[0m
[32m18:29:15.361[0m | [1mINFO    [0m | [36msrc.main[0m:[36minitialize[0m | [1m🚀 Initializing VoiceOrch Platform...[0m
[32m18:29:15.361[0m | [1mINFO    [0m | [36msrc.main[0m:[36minitialize[0m | [1m📱 Initializing SingleUtteranceEngine...[0m
[32m18:29:15.361[0m | [1mINFO    [0m | [36msrc.conversation.state_machine[0m:[36m__init__[0m | [1mState machine initialized[0m
[32m18:29:15.361[0m | [1mINFO    [0m | [36msrc.conversation.base_engine[0m:[36m__init__[0m | [1mSingleUtteranceEngine created[0m
[32m18:29:15.361[0m | [1mINFO    [0m | [36msrc.conversation.single_utterance_engine[0m:[36m__init__[0m | [1mSingleUtteranceEngine created[0m
[32m18:29:15.361[0m | [1mINFO    [0m | [36msrc.conversation.single_utterance_engine[0m:[36minitialize[0m | [1mInitializing SingleUtteranceEngine...[0m
[32m18:29:15.362[0m | [1mINFO    [0m | [36msrc.conversation.base_engine[0m:[36m_initialize_common_components[0m | [1mInitializing SingleUtteranceEngine...[0m
[32m18:29:15.362[0m | [1mINFO    [0m | [36msrc.mcp.discovery[0m:[36m__init__[0m | [1mMCPDiscoveryManager initialized[0m
[32m18:29:15.362[0m | [1mINFO    [0m | [36msrc.mcp.discovery[0m:[36minitialize[0m | [1mMCP discovery and health monitoring started[0m
[32m18:29:15.362[0m | [1mINFO    [0m | [36msrc.mcp.discovery[0m:[36mdiscover_mcps[0m | [1mStarting MCP server discovery...[0m
[32m18:29:15.362[0m | [1mINFO    [0m | [36msrc.mcp.config_loader[0m:[36mload_mcp_config[0m | [1mLoaded MCP server config: moveit (stdio)[0m
[32m18:29:15.362[0m | [1mINFO    [0m | [36msrc.mcp.config_loader[0m:[36mload_mcp_config[0m | [1mSuccessfully loaded 1 MCP server configurations from /home/snickers/Documents/git-repos/hri-social-learner-manipulator/conversational_engine/mcp-config.json[0m
[32m18:29:15.362[0m | [1mINFO    [0m | [36msrc.mcp.discovery[0m:[36mdiscover_mcps[0m | [1mConfig file discovery found 1 servers[0m
[32m18:29:15.362[0m | [1mINFO    [0m | [36msrc.mcp.stdio_client[0m:[36mconnect[0m | [1mSpawning MCP server: python3 /home/snickers/Documents/git-repos/hri-social-learner-manipulator/mcp_servers/moveit_mcp_server.py[0m
[32m18:29:15.363[0m | [1mINFO    [0m | [36msrc.mcp.discovery[0m:[36mdiscover_mcps[0m | [1mStarting MCP server discovery...[0m
[32m18:29:15.363[0m | [1mINFO    [0m | [36msrc.mcp.config_loader[0m:[36mload_mcp_config[0m | [1mLoaded MCP server config: moveit (stdio)[0m
[32m18:29:15.363[0m | [1mINFO    [0m | [36msrc.mcp.config_loader[0m:[36mload_mcp_config[0m | [1mSuccessfully loaded 1 MCP server configurations from /home/snickers/Documents/git-repos/hri-social-learner-manipulator/conversational_engine/mcp-config.json[0m
[32m18:29:15.363[0m | [1mINFO    [0m | [36msrc.mcp.discovery[0m:[36mdiscover_mcps[0m | [1mConfig file discovery found 1 servers[0m
[32m18:29:15.363[0m | [1mINFO    [0m | [36msrc.mcp.stdio_client[0m:[36mconnect[0m | [1mSpawning MCP server: python3 /home/snickers/Documents/git-repos/hri-social-learner-manipulator/mcp_servers/moveit_mcp_server.py[0m
[32m18:29:17.491[0m | [1mINFO    [0m | [36msrc.config.logging[0m:[36mlog_mcp_event[0m | [1mMCP event: stdio_connected[0m
[32m18:29:17.491[0m | [1mINFO    [0m | [36msrc.mcp.stdio_client[0m:[36mconnect[0m | [1mConnected to stdio MCP server: moveit[0m
[32m18:29:17.491[0m | [1mINFO    [0m | [36msrc.mcp.client_factory[0m:[36m_create_stdio_client[0m | [1mCreated stdio MCP client for: moveit[0m
[32m18:29:17.503[0m | [1mINFO    [0m | [36msrc.config.logging[0m:[36mlog_mcp_event[0m | [1mMCP event: stdio_connected[0m
[32m18:29:17.503[0m | [1mINFO    [0m | [36msrc.mcp.stdio_client[0m:[36mconnect[0m | [1mConnected to stdio MCP server: moveit[0m
[32m18:29:17.503[0m | [1mINFO    [0m | [36msrc.mcp.client_factory[0m:[36m_create_stdio_client[0m | [1mCreated stdio MCP client for: moveit[0m
[32m18:29:17.504[0m | [1mINFO    [0m | [36msrc.config.logging[0m:[36mlog_mcp_event[0m | [1mMCP event: capabilities_retrieved[0m
[32m18:29:17.505[0m | [1mINFO    [0m | [36msrc.config.logging[0m:[36mlog_mcp_event[0m | [1mMCP event: server_registered[0m
[32m18:29:17.505[0m | [1mINFO    [0m | [36msrc.mcp.discovery[0m:[36m_register_mcp_server_from_config[0m | [1mRegistered MCP server: moveit (stdio) with 11 tools[0m
[32m18:29:17.505[0m | [1mINFO    [0m | [36msrc.mcp.discovery[0m:[36mdiscover_mcps[0m | [1mMCP discovery completed. Active servers: 1[0m
[32m18:29:17.505[0m | [1mINFO    [0m | [36msrc.conversation.base_engine[0m:[36m_initialize_common_components[0m | [1mMCP discovery completed successfully[0m
DATABASE_DEBUG: SQLite database path is /home/snickers/Documents/git-repos/hri-social-learner-manipulator/conversational_engine/sessions.db
[32m18:29:17.506[0m | [1mINFO    [0m | [36msrc.session.storage[0m:[36minitialize[0m | [1mSQLite session storage initialized[0m
[32m18:29:17.506[0m | [1mINFO    [0m | [36msrc.session.manager[0m:[36minitialize[0m | [1mSessionManager initialized successfully[0m
[32m18:29:17.506[0m | [1mINFO    [0m | [36msrc.conversation.base_engine[0m:[36m_initialize_common_components[0m | [1m🎉 SingleUtteranceEngine shared components initialized[0m
[32m18:29:17.506[0m | [1mINFO    [0m | [36msrc.conversation.base_engine[0m:[36m_initialize_common_components[0m | [1m🔍 Verifying SingleUtteranceEngine components:[0m
[32m18:29:17.506[0m | [1mINFO    [0m | [36msrc.conversation.base_engine[0m:[36m_initialize_common_components[0m | [1m   - mcp_manager: ✅ SET[0m
[32m18:29:17.506[0m | [1mINFO    [0m | [36msrc.conversation.base_engine[0m:[36m_initialize_common_components[0m | [1m   - session_manager: ✅ SET[0m
[32m18:29:17.506[0m | [1mINFO    [0m | [36msrc.audio.single_utterance_processor[0m:[36m__init__[0m | [1mSingleUtteranceAudioProcessor created[0m
[32m18:29:17.506[0m | [1mINFO    [0m | [36msrc.audio.single_utterance_processor[0m:[36minitialize[0m | [1mInitializing SingleUtteranceAudioProcessor...[0m
[32m18:29:17.551[0m | [1mINFO    [0m | [36msrc.config.logging[0m:[36mlog_mcp_event[0m | [1mMCP event: capabilities_retrieved[0m
[32m18:29:17.551[0m | [1mINFO    [0m | [36msrc.config.logging[0m:[36mlog_mcp_event[0m | [1mMCP event: server_registered[0m
[32m18:29:17.551[0m | [1mINFO    [0m | [36msrc.mcp.discovery[0m:[36m_register_mcp_server_from_config[0m | [1mRegistered MCP server: moveit (stdio) with 11 tools[0m
[32m18:29:17.551[0m | [1mINFO    [0m | [36msrc.mcp.discovery[0m:[36mdiscover_mcps[0m | [1mMCP discovery completed. Active servers: 1[0m
[32m18:29:17.765[0m | [1mINFO    [0m | [36msrc.audio.stt[0m:[36m_create_recognizer_if_not_exists[0m | [1mUsing existing STT V2 Recognizer: balam-recognizer-en-us[0m
[32m18:29:17.998[0m | [1mINFO    [0m | [36msrc.audio.stt[0m:[36minitialize[0m | [1mGoogle STT V2 client initialized successfully with service account credentials[0m
[32m18:29:18.246[0m | [1mINFO    [0m | [36msrc.audio.tts[0m:[36minitialize[0m | [1mGoogle TTS client initialized successfully with service account credentials[0m
[32m18:29:18.247[0m | [1mINFO    [0m | [36msrc.audio.single_utterance_processor[0m:[36minitialize[0m | [1m🎉 SingleUtteranceAudioProcessor initialized successfully[0m
[32m18:29:18.247[0m | [1mINFO    [0m | [36msrc.conversation.single_utterance_engine[0m:[36minitialize[0m | [1m🎉 SingleUtteranceEngine initialized successfully[0m
[32m18:29:18.247[0m | [1mINFO    [0m | [36msrc.conversation.single_utterance_engine[0m:[36minitialize[0m | [1m🔍 Verifying SingleUtteranceEngine components:[0m
[32m18:29:18.247[0m | [1mINFO    [0m | [36msrc.conversation.single_utterance_engine[0m:[36minitialize[0m | [1m   - mcp_manager: ✅ SET[0m
[32m18:29:18.247[0m | [1mINFO    [0m | [36msrc.conversation.single_utterance_engine[0m:[36minitialize[0m | [1m   - audio_processor: ✅ SET[0m
[32m18:29:18.247[0m | [1mINFO    [0m | [36msrc.conversation.single_utterance_engine[0m:[36minitialize[0m | [1m   - graph_runner: ✅ SET[0m
[32m18:29:18.247[0m | [1mINFO    [0m | [36msrc.conversation.single_utterance_engine[0m:[36minitialize[0m | [1m   - session_manager: ✅ SET[0m
[32m18:29:18.247[0m | [1mINFO    [0m | [36msrc.conversation.single_utterance_engine[0m:[36minitialize[0m | [1m🔍 AudioProcessor details:[0m
[32m18:29:18.247[0m | [1mINFO    [0m | [36msrc.conversation.single_utterance_engine[0m:[36minitialize[0m | [1m   - _initialized: True[0m
[32m18:29:18.247[0m | [1mINFO    [0m | [36msrc.conversation.single_utterance_engine[0m:[36minitialize[0m | [1m   - tts_client: ✅ SET[0m
[32m18:29:18.247[0m | [1mINFO    [0m | [36msrc.conversation.single_utterance_engine[0m:[36minitialize[0m | [1m   - stt_client: ✅ SET[0m
[32m18:29:18.247[0m | [1mINFO    [0m | [36msrc.main[0m:[36minitialize[0m | [1m✅ SingleUtteranceEngine initialized successfully[0m
[32m18:29:18.247[0m | [1mINFO    [0m | [36msrc.main[0m:[36minitialize[0m | [1m🔌 Initializing ConversationWebSocketHandler...[0m
[32m18:29:18.247[0m | [1mINFO    [0m | [36msrc.api.websocket[0m:[36m__init__[0m | [1mConversationWebSocketHandler initialized[0m
[32m18:29:18.247[0m | [1mINFO    [0m | [36msrc.main[0m:[36minitialize[0m | [1m✅ ConversationWebSocketHandler initialized successfully[0m
[32m18:29:18.247[0m | [1mINFO    [0m | [36msrc.main[0m:[36minitialize[0m | [1m🎉 VoiceOrch Platform initialized successfully[0m
[32m18:29:18.247[0m | [1mINFO    [0m | [36msrc.main[0m:[36mlifespan[0m | [1m💾 Storing components in app.state...[0m
[32m18:29:18.247[0m | [1mINFO    [0m | [36msrc.main[0m:[36mlifespan[0m | [1m🔍 Verifying app.state contents...[0m
[32m18:29:18.247[0m | [1mINFO    [0m | [36msrc.main[0m:[36mlifespan[0m | [1m   - conversation_engine: ✅ SET[0m
[32m18:29:18.248[0m | [1mINFO    [0m | [36msrc.main[0m:[36mlifespan[0m | [1m   - websocket_handler: ✅ SET[0m
[32m18:29:18.248[0m | [1mINFO    [0m | [36msrc.main[0m:[36mlifespan[0m | [1m✅ FastAPI lifespan startup completed successfully[0m
INFO:     Application startup complete.
INFO:     Uvicorn running on http://0.0.0.0:8000 (Press CTRL+C to quit)
INFO:     127.0.0.1:48082 - "GET /health HTTP/1.1" 200 OK
[0;32m[OK][0m Conversational engine started and healthy (PID: 36358)

[0;34m>>> System Status[0m


[0;32mAll components started successfully![0m

Running processes:
  [0;32m[RUNNING][0m PID 36082
  [0;32m[RUNNING][0m PID 36358

[0;36m━━━━━━━━━━━━━━━━━━━━━━━━━━━━━━━━━━━━━━━━━━━━━━━━━━━━━━━━━━━━━━━━━━━━━━━━━━━━━━[0m

  [0;32mVoice Client:[0m  http://localhost:8000/client
  [0;32mAPI Endpoint:[0m  http://localhost:8000/api/v1/converse
  [0;32mWebSocket:[0m     ws://localhost:8000/ws/{session_id}
  [0;32mHealth Check:[0m  http://localhost:8000/health


INFO:     127.0.0.1:48096 - "GET /client HTTP/1.1" 200 OK
  [0;32m[VERIFIED][0m /client endpoint responding

[0;36m━━━━━━━━━━━━━━━━━━━━━━━━━━━━━━━━━━━━━━━━━━━━━━━━━━━━━━━━━━━━━━━━━━━━━━━━━━━━━━[0m

[1;33mPress Ctrl+C to stop all components[0m

INFO:     127.0.0.1:48104 - "GET /client HTTP/1.1" 200 OK
INFO:     127.0.0.1:48104 - "GET /.well-known/appspecific/com.chrome.devtools.json HTTP/1.1" 404 Not Found
[32m18:29:18.926[0m | [1mINFO    [0m | [36msrc.api.websocket[0m:[36mwebsocket_endpoint[0m | [1m🔌 WebSocket connection request received - Session: 7577352c-c49e-4bdf-848b-eed92a99b5c3, Client: 127.0.0.1, URL: ws://localhost:8000/ws/7577352c-c49e-4bdf-848b-eed92a99b5c3[0m
[32m18:29:18.926[0m | [1mINFO    [0m | [36msrc.api.websocket[0m:[36mwebsocket_endpoint[0m | [1m🔍 Checking app.state contents...[0m
[32m18:29:18.926[0m | [1mINFO    [0m | [36msrc.api.websocket[0m:[36mwebsocket_endpoint[0m | [1m   - app.state attributes: [][0m
[32m18:29:18.926[0m | [1mINFO    [0m | [36msrc.api.websocket[0m:[36mwebsocket_endpoint[0m | [1m🔍 Handler lookup results:[0m
[32m18:29:18.926[0m | [1mINFO    [0m | [36msrc.api.websocket[0m:[36mwebsocket_endpoint[0m | [1m   - websocket_handler: ✅ FOUND[0m
[32m18:29:18.926[0m | [1mINFO    [0m | [36msrc.api.websocket[0m:[36mwebsocket_endpoint[0m | [1m   - conversation_engine: ✅ FOUND[0m
[32m18:29:18.926[0m | [1mINFO    [0m | [36msrc.api.websocket[0m:[36mwebsocket_endpoint[0m | [1m✅ WebSocket handler found, proceeding with connection for session 7577352c-c49e-4bdf-848b-eed92a99b5c3[0m
[32m18:29:18.926[0m | [1mINFO    [0m | [36msrc.api.websocket[0m:[36mhandle_connection[0m | [1m🤝 Attempting to accept WebSocket connection for session 7577352c-c49e-4bdf-848b-eed92a99b5c3[0m
INFO:     127.0.0.1:48116 - "WebSocket /ws/7577352c-c49e-4bdf-848b-eed92a99b5c3" [accepted]
[32m18:29:18.927[0m | [1mINFO    [0m | [36msrc.api.websocket[0m:[36mhandle_connection[0m | [1m✅ WebSocket connection accepted for session 7577352c-c49e-4bdf-848b-eed92a99b5c3[0m
[32m18:29:18.927[0m | [1mINFO    [0m | [36msrc.api.websocket[0m:[36mhandle_connection[0m | [1m📝 Connection stored in active_connections for session 7577352c-c49e-4bdf-848b-eed92a99b5c3[0m
[32m18:29:18.927[0m | [1mINFO    [0m | [36msrc.api.websocket[0m:[36mhandle_connection[0m | [1m🌐 WebSocket connection established successfully - Session: 7577352c-c49e-4bdf-848b-eed92a99b5c3, Client: 127.0.0.1, Total connections: 1[0m
[32m18:29:18.927[0m | [1mINFO    [0m | [36msrc.api.websocket[0m:[36mhandle_connection[0m | [1m📤 Sending initial state update for session 7577352c-c49e-4bdf-848b-eed92a99b5c3[0m
INFO:     connection open
[32m18:29:18.928[0m | [1mINFO    [0m | [36msrc.api.websocket[0m:[36mhandle_connection[0m | [1m✅ Initial state update sent successfully for session 7577352c-c49e-4bdf-848b-eed92a99b5c3[0m
[32m18:29:18.928[0m | [1mINFO    [0m | [36msrc.api.websocket[0m:[36mhandle_connection[0m | [1m👂 Starting message listener loop for session 7577352c-c49e-4bdf-848b-eed92a99b5c3[0m
[32m18:29:21.341[0m | [1mINFO    [0m | [36msrc.api.websocket[0m:[36m_handle_message[0m | [1m🎯 Processing WebSocket message[0m
[32m18:29:21.341[0m | [1mINFO    [0m | [36msrc.api.websocket[0m:[36m_handle_message[0m | [1m🎬 Handling start_conversation for session 7577352c-c49e-4bdf-848b-eed92a99b5c3[0m
[32m18:29:21.341[0m | [1mINFO    [0m | [36msrc.api.websocket[0m:[36m_handle_start_conversation[0m | [1mStarting conversation for session 7577352c-c49e-4bdf-848b-eed92a99b5c3[0m
[32m18:29:21.341[0m | [1mINFO    [0m | [36msrc.api.websocket[0m:[36m_handle_message[0m | [1m✅ start_conversation handled successfully for session 7577352c-c49e-4bdf-848b-eed92a99b5c3[0m
[32m18:29:21.341[0m | [1mINFO    [0m | [36msrc.api.websocket[0m:[36m_process_streaming_turn[0m | [1mStarting streaming turn for session 7577352c-c49e-4bdf-848b-eed92a99b5c3[0m
[32m18:29:21.342[0m | [1mINFO    [0m | [36msrc.config.logging[0m:[36mlog_conversation_event[0m | [1mConversation event: turn_start[0m
[32m18:29:21.344[0m | [1mINFO    [0m | [36msrc.session.manager[0m:[36mget_or_create_session[0m | [1mNew session created[0m
[32m18:29:21.345[0m | [1mINFO    [0m | [36msrc.conversation.state_machine[0m:[36mtransition_to[0m | [1mState transition completed[0m
[32m18:29:21.345[0m | [1mINFO    [0m | [36msrc.config.logging[0m:[36mlog_audio_event[0m | [1mAudio event: streaming_transcription_start[0m
[32m18:29:21.345[0m | [1mINFO    [0m | [36msrc.audio.single_utterance_processor[0m:[36mtranscribe_stream[0m | [1mStarting real-time stream transcription with V2 Recognizer...[0m
[32m18:29:21.345[0m | [1mINFO    [0m | [36msrc.config.logging[0m:[36mlog_audio_event[0m | [1mAudio event: stt_streaming_start[0m
[32m18:29:24.889[0m | [1mINFO    [0m | [36msrc.config.logging[0m:[36mlog_audio_event[0m | [1mAudio event: stt_streaming_event[0m
[32m18:29:24.910[0m | [1mINFO    [0m | [36msrc.audio.single_utterance_processor[0m:[36mtranscribe_stream[0m | [1mFinal transcript received from stream[0m
[32m18:29:24.910[0m | [1mINFO    [0m | [36msrc.config.logging[0m:[36mlog_audio_event[0m | [1mAudio event: streaming_transcription_success[0m
[32m18:29:24.911[0m | [1mINFO    [0m | [36msrc.api.websocket[0m:[36mon_transcript[0m | [1mSent early transcript: Move backward....[0m
[32m18:29:24.911[0m | [1mINFO    [0m | [36msrc.conversation.state_machine[0m:[36mtransition_to[0m | [1mState transition completed[0m
[32m18:29:24.911[0m | [1mINFO    [0m | [36msrc.conversation.single_utterance_engine[0m:[36mprocess_conversation_turn[0m | [1mSpeech transcribed via stream[0m
[32m18:29:26.078[0m | [1mINFO    [0m | [36msrc.conversation.graph.runner[0m:[36mrun_turn[0m | [1m[DIAG] Planner tool decision: tool_name=move, tool_args={'direction': 'backward', 'distance': 0.2}[0m
[32m18:29:26.078[0m | [1mINFO    [0m | [36msrc.audio.single_utterance_processor[0m:[36msynthesize[0m | [1mSynthesizing single utterance response[0m
[32m18:29:26.078[0m | [1mINFO    [0m | [36msrc.config.logging[0m:[36mlog_audio_event[0m | [1mAudio event: tts_request[0m
[32m18:29:26.373[0m | [1mINFO    [0m | [36msrc.config.logging[0m:[36mlog_audio_event[0m | [1mAudio event: tts_success[0m
[32m18:29:26.373[0m | [1mINFO    [0m | [36msrc.config.logging[0m:[36mlog_audio_event[0m | [1mAudio event: single_utterance_synthesis[0m
[32m18:29:26.373[0m | [1mINFO    [0m | [36msrc.audio.single_utterance_processor[0m:[36msynthesize[0m | [1mSingle utterance synthesis completed[0m
[32m18:29:26.376[0m | [1mINFO    [0m | [36msrc.api.websocket[0m:[36mon_acknowledgment[0m | [1mSent acknowledgment for session 7577352c-c49e-4bdf-848b-eed92a99b5c3: Ok, moving backward.[0m
[32m18:29:26.376[0m | [1mINFO    [0m | [36msrc.conversation.graph.runner[0m:[36mrun_turn[0m | [1mAcknowledgment sent before tool execution[0m
[32m18:29:26.377[0m | [1mINFO    [0m | [36msrc.conversation.graph.executor[0m:[36mexecute[0m | [1mInvoking MCP tool[0m
[32m18:29:26.377[0m | [1mINFO    [0m | [36msrc.conversation.graph.executor[0m:[36mexecute[0m | [1m[DIAG] Calling MCP tool: tool=move, args={'direction': 'backward', 'distance': 0.2, 'angle': 15.0}[0m
[32m18:29:26.381[0m | [1mINFO    [0m | [36msrc.mcp.stdio_client[0m:[36m_stderr_loop[0m | [1m[moveit stderr] [DIAG] MCP call_tool: name=move, args={'direction': 'backward', 'distance': 0.2, 'angle': 15.0}[0m
INFO:     127.0.0.1:48108 - "GET /favicon.ico HTTP/1.1" 404 Not Found
[move_group-9] [INFO] [1765409366.397649214] [moveit_move_group_default_capabilities.plan_service_capability]: Received new planning service request...
[move_group-9] [INFO] [1765409366.400225196] [moveit.ompl_planning.model_based_planning_context]: Planner configuration 'arm' will use planner 'geometric::RRTConnect'. Additional configuration parameters will be set when the planner is constructed.
[move_group-9] [WARN] [1765409366.424343767] [moveit_trajectory_processing.time_optimal_trajectory_generation]: Joint acceleration limits are not defined. Using the default 1 rad/s^2. You can define acceleration limits in the URDF or joint_limits.yaml.
[move_group-9] [INFO] [1765409366.431415781] [moveit_move_group_default_capabilities.execute_trajectory_action_capability]: Received goal request
[move_group-9] [INFO] [1765409366.431525523] [moveit_move_group_default_capabilities.execute_trajectory_action_capability]: Execution request received
[move_group-9] [INFO] [1765409366.431543067] [moveit.plugins.moveit_simple_controller_manager]: Returned 2 controllers in list
[move_group-9] [INFO] [1765409366.431553843] [moveit.plugins.moveit_simple_controller_manager]: Returned 2 controllers in list
[move_group-9] [INFO] [1765409366.431611261] [moveit_ros.trajectory_execution_manager]: Validating trajectory with allowed_start_tolerance 0.01
[move_group-9] [INFO] [1765409366.432131677] [moveit_ros.trajectory_execution_manager]: Starting trajectory execution ...
[move_group-9] [INFO] [1765409366.432155413] [moveit.plugins.moveit_simple_controller_manager]: Returned 2 controllers in list
[move_group-9] [INFO] [1765409366.432173141] [moveit.plugins.moveit_simple_controller_manager]: Returned 2 controllers in list
[move_group-9] [INFO] [1765409366.432265544] [moveit.simple_controller_manager.follow_joint_trajectory_controller_handle]: sending trajectory to joint_trajectory_controller
[ros2_control_node-1] [INFO] [1765409366.432485522] [joint_trajectory_controller]: Received new action goal
[ros2_control_node-1] [INFO] [1765409366.432522509] [joint_trajectory_controller]: Accepted new action goal
[move_group-9] [INFO] [1765409366.432700748] [moveit.simple_controller_manager.follow_joint_trajectory_controller_handle]: joint_trajectory_controller started execution
[move_group-9] [INFO] [1765409366.432709663] [moveit.simple_controller_manager.follow_joint_trajectory_controller_handle]: Goal request accepted!
[ros2_control_node-1] [INFO] [1765409372.484054529] [joint_trajectory_controller]: Goal reached, success!
[move_group-9] [INFO] [1765409372.532863711] [moveit.simple_controller_manager.follow_joint_trajectory_controller_handle]: Controller 'joint_trajectory_controller' successfully finished
[move_group-9] [INFO] [1765409372.535065647] [moveit_ros.trajectory_execution_manager]: Completed trajectory execution with status SUCCEEDED ...
[move_group-9] [INFO] [1765409372.535139097] [moveit_move_group_default_capabilities.execute_trajectory_action_capability]: Execution completed: SUCCEEDED
[32m18:29:32.539[0m | [1mINFO    [0m | [36msrc.config.logging[0m:[36mlog_mcp_event[0m | [1mMCP event: tool_invoked[0m
[32m18:29:32.539[0m | [1mINFO    [0m | [36msrc.conversation.graph.executor[0m:[36mexecute[0m | [1m[DIAG] MCP response: tool=move, result={'content': [{'type': 'text', 'text': '{\n  "success": true,\n  "message": "Moved to pose (-0.040, 0.203, 0.505)",\n  "start_pose": {\n    "x": 0.1597,\n    "y": 0.2029,\n    "z": 0.505\n  },\n  "end_pose": {\n    "x": -0.041,\n    "y": 0.2026,\n    "z": 0.5053\n  },\n  "duration_ms": 6154.2,\n  "di[0m
[32m18:29:32.539[0m | [1mINFO    [0m | [36msrc.conversation.graph.runner[0m:[36mrun_turn[0m | [1mVerification required after tool execution[0m
[32m18:29:32.539[0m | [1mINFO    [0m | [36msrc.audio.single_utterance_processor[0m:[36msynthesize[0m | [1mSynthesizing single utterance response[0m
[32m18:29:32.539[0m | [1mINFO    [0m | [36msrc.config.logging[0m:[36mlog_audio_event[0m | [1mAudio event: tts_request[0m
[32m18:29:32.824[0m | [1mINFO    [0m | [36msrc.config.logging[0m:[36mlog_audio_event[0m | [1mAudio event: tts_success[0m
[32m18:29:32.824[0m | [1mINFO    [0m | [36msrc.config.logging[0m:[36mlog_audio_event[0m | [1mAudio event: single_utterance_synthesis[0m
[32m18:29:32.824[0m | [1mINFO    [0m | [36msrc.audio.single_utterance_processor[0m:[36msynthesize[0m | [1mSingle utterance synthesis completed[0m
[32m18:29:32.824[0m | [1mINFO    [0m | [36msrc.conversation.graph.responder[0m:[36mrespond[0m | [1mResponder prepared final output[0m
[32m18:29:32.825[0m | [1mINFO    [0m | [36msrc.conversation.state_machine[0m:[36mtransition_to[0m | [1mState transition completed[0m
[32m18:29:32.843[0m | [1mINFO    [0m | [36msrc.conversation.models[0m:[36mlog_snapshot[0m | [1mTurn metrics updated[0m
[32m18:29:32.843[0m | [1mINFO    [0m | [36msrc.config.logging[0m:[36mlog_conversation_event[0m | [1mConversation event: turn_complete[0m
[32m18:29:32.843[0m | [1mINFO    [0m | [36msrc.conversation.state_machine[0m:[36mtransition_to[0m | [1mState transition completed[0m
[32m18:29:32.851[0m | [1mINFO    [0m | [36msrc.api.websocket[0m:[36m_send_conversation_result[0m | [1mConversation turn completed for session 7577352c-c49e-4bdf-848b-eed92a99b5c3[0m
[32m18:29:32.851[0m | [1mINFO    [0m | [36msrc.api.websocket[0m:[36m_process_streaming_turn[0m | [1mStarting streaming turn for session 7577352c-c49e-4bdf-848b-eed92a99b5c3[0m
[32m18:29:32.851[0m | [1mINFO    [0m | [36msrc.config.logging[0m:[36mlog_conversation_event[0m | [1mConversation event: turn_start[0m
[32m18:29:32.851[0m | [1mINFO    [0m | [36msrc.conversation.state_machine[0m:[36mtransition_to[0m | [1mState transition completed[0m
[32m18:29:32.852[0m | [1mINFO    [0m | [36msrc.config.logging[0m:[36mlog_audio_event[0m | [1mAudio event: streaming_transcription_start[0m
[32m18:29:32.852[0m | [1mINFO    [0m | [36msrc.audio.single_utterance_processor[0m:[36mtranscribe_stream[0m | [1mStarting real-time stream transcription with V2 Recognizer...[0m
[32m18:29:32.852[0m | [1mINFO    [0m | [36msrc.config.logging[0m:[36mlog_audio_event[0m | [1mAudio event: stt_streaming_start[0m
[32m18:29:39.198[0m | [1mINFO    [0m | [36msrc.config.logging[0m:[36mlog_audio_event[0m | [1mAudio event: stt_streaming_event[0m
[32m18:29:39.225[0m | [1mINFO    [0m | [36msrc.audio.single_utterance_processor[0m:[36mtranscribe_stream[0m | [1mFinal transcript received from stream[0m
[32m18:29:39.226[0m | [1mINFO    [0m | [36msrc.config.logging[0m:[36mlog_audio_event[0m | [1mAudio event: streaming_transcription_success[0m
[32m18:29:39.226[0m | [1mINFO    [0m | [36msrc.api.websocket[0m:[36mon_transcript[0m | [1mSent early transcript: Move down....[0m
[32m18:29:39.226[0m | [1mINFO    [0m | [36msrc.conversation.state_machine[0m:[36mtransition_to[0m | [1mState transition completed[0m
[32m18:29:39.226[0m | [1mINFO    [0m | [36msrc.conversation.single_utterance_engine[0m:[36mprocess_conversation_turn[0m | [1mSpeech transcribed via stream[0m
[32m18:29:39.226[0m | [1mINFO    [0m | [36msrc.conversation.graph.runner[0m:[36mrun_turn[0m | [1mVerification pending - passing to planner for LLM classification[0m
[32m18:29:40.197[0m | [1mINFO    [0m | [36msrc.conversation.graph.runner[0m:[36mrun_turn[0m | [1mPhase 11: Processing verification response via LLM[0m
[32m18:29:40.198[0m | [1mINFO    [0m | [36msrc.conversation.graph.runner[0m:[36mrun_turn[0m | [1mNew instruction during verification, proceeding with tool[0m
[32m18:29:40.198[0m | [1mINFO    [0m | [36msrc.conversation.graph.runner[0m:[36mrun_turn[0m | [1m[DIAG] Planner tool decision: tool_name=move, tool_args={'direction': 'down', 'distance': 0.2}[0m
[32m18:29:40.198[0m | [1mINFO    [0m | [36msrc.audio.single_utterance_processor[0m:[36msynthesize[0m | [1mSynthesizing single utterance response[0m
[32m18:29:40.198[0m | [1mINFO    [0m | [36msrc.config.logging[0m:[36mlog_audio_event[0m | [1mAudio event: tts_request[0m
[32m18:29:40.374[0m | [1mINFO    [0m | [36msrc.config.logging[0m:[36mlog_audio_event[0m | [1mAudio event: tts_success[0m
[32m18:29:40.374[0m | [1mINFO    [0m | [36msrc.config.logging[0m:[36mlog_audio_event[0m | [1mAudio event: single_utterance_synthesis[0m
[32m18:29:40.374[0m | [1mINFO    [0m | [36msrc.audio.single_utterance_processor[0m:[36msynthesize[0m | [1mSingle utterance synthesis completed[0m
[32m18:29:40.379[0m | [1mINFO    [0m | [36msrc.api.websocket[0m:[36mon_acknowledgment[0m | [1mSent acknowledgment for session 7577352c-c49e-4bdf-848b-eed92a99b5c3: Ok, moving down.[0m
[32m18:29:40.379[0m | [1mINFO    [0m | [36msrc.conversation.graph.runner[0m:[36mrun_turn[0m | [1mAcknowledgment sent before tool execution[0m
[32m18:29:40.379[0m | [1mINFO    [0m | [36msrc.conversation.graph.executor[0m:[36mexecute[0m | [1mInvoking MCP tool[0m
[32m18:29:40.379[0m | [1mINFO    [0m | [36msrc.conversation.graph.executor[0m:[36mexecute[0m | [1m[DIAG] Calling MCP tool: tool=move, args={'direction': 'down', 'distance': 0.2, 'angle': 15.0}[0m
[32m18:29:40.383[0m | [1mINFO    [0m | [36msrc.mcp.stdio_client[0m:[36m_stderr_loop[0m | [1m[moveit stderr] [DIAG] MCP call_tool: name=move, args={'direction': 'down', 'distance': 0.2, 'angle': 15.0}[0m
[move_group-9] [INFO] [1765409380.389737079] [moveit_move_group_default_capabilities.plan_service_capability]: Received new planning service request...
[move_group-9] [INFO] [1765409380.390466356] [moveit.ompl_planning.model_based_planning_context]: Planner configuration 'arm' will use planner 'geometric::RRTConnect'. Additional configuration parameters will be set when the planner is constructed.
[move_group-9] [INFO] [1765409380.422129072] [moveit_move_group_default_capabilities.execute_trajectory_action_capability]: Received goal request
[move_group-9] [INFO] [1765409380.422209436] [moveit_move_group_default_capabilities.execute_trajectory_action_capability]: Execution request received
[move_group-9] [INFO] [1765409380.422232493] [moveit.plugins.moveit_simple_controller_manager]: Returned 2 controllers in list
[move_group-9] [INFO] [1765409380.422248594] [moveit.plugins.moveit_simple_controller_manager]: Returned 2 controllers in list
[move_group-9] [INFO] [1765409380.422298712] [moveit_ros.trajectory_execution_manager]: Validating trajectory with allowed_start_tolerance 0.01
[move_group-9] [INFO] [1765409380.423179552] [moveit_ros.trajectory_execution_manager]: Starting trajectory execution ...
[move_group-9] [INFO] [1765409380.423216078] [moveit.plugins.moveit_simple_controller_manager]: Returned 2 controllers in list
[move_group-9] [INFO] [1765409380.423236465] [moveit.plugins.moveit_simple_controller_manager]: Returned 2 controllers in list
[move_group-9] [INFO] [1765409380.423330201] [moveit.simple_controller_manager.follow_joint_trajectory_controller_handle]: sending trajectory to joint_trajectory_controller
[ros2_control_node-1] [INFO] [1765409380.423549445] [joint_trajectory_controller]: Received new action goal
[ros2_control_node-1] [INFO] [1765409380.423576322] [joint_trajectory_controller]: Accepted new action goal
[move_group-9] [INFO] [1765409380.423669750] [moveit.simple_controller_manager.follow_joint_trajectory_controller_handle]: joint_trajectory_controller started execution
[move_group-9] [INFO] [1765409380.423678761] [moveit.simple_controller_manager.follow_joint_trajectory_controller_handle]: Goal request accepted!
[ros2_control_node-1] [INFO] [1765409386.147073383] [joint_trajectory_controller]: Goal reached, success!
[move_group-9] [INFO] [1765409386.173851821] [moveit.simple_controller_manager.follow_joint_trajectory_controller_handle]: Controller 'joint_trajectory_controller' successfully finished
[move_group-9] [INFO] [1765409386.176221894] [moveit_ros.trajectory_execution_manager]: Completed trajectory execution with status SUCCEEDED ...
[move_group-9] [INFO] [1765409386.176348101] [moveit_move_group_default_capabilities.execute_trajectory_action_capability]: Execution completed: SUCCEEDED
[32m18:29:46.180[0m | [1mINFO    [0m | [36msrc.config.logging[0m:[36mlog_mcp_event[0m | [1mMCP event: tool_invoked[0m
[32m18:29:46.180[0m | [1mINFO    [0m | [36msrc.conversation.graph.executor[0m:[36mexecute[0m | [1m[DIAG] MCP response: tool=move, result={'content': [{'type': 'text', 'text': '{\n  "success": true,\n  "message": "Moved to pose (-0.041, 0.203, 0.305)",\n  "start_pose": {\n    "x": -0.041,\n    "y": 0.2026,\n    "z": 0.5053\n  },\n  "end_pose": {\n    "x": -0.0394,\n    "y": 0.202,\n    "z": 0.3041\n  },\n  "duration_ms": 5793.69,\n  "[0m
[32m18:29:46.180[0m | [1mINFO    [0m | [36msrc.conversation.graph.runner[0m:[36mrun_turn[0m | [1mVerification required after tool execution[0m
[32m18:29:46.180[0m | [1mINFO    [0m | [36msrc.audio.single_utterance_processor[0m:[36msynthesize[0m | [1mSynthesizing single utterance response[0m
[32m18:29:46.180[0m | [1mINFO    [0m | [36msrc.config.logging[0m:[36mlog_audio_event[0m | [1mAudio event: tts_request[0m
[32m18:29:46.750[0m | [1mINFO    [0m | [36msrc.config.logging[0m:[36mlog_audio_event[0m | [1mAudio event: tts_success[0m
[32m18:29:46.750[0m | [1mINFO    [0m | [36msrc.config.logging[0m:[36mlog_audio_event[0m | [1mAudio event: single_utterance_synthesis[0m
[32m18:29:46.750[0m | [1mINFO    [0m | [36msrc.audio.single_utterance_processor[0m:[36msynthesize[0m | [1mSingle utterance synthesis completed[0m
[32m18:29:46.751[0m | [1mINFO    [0m | [36msrc.conversation.graph.responder[0m:[36mrespond[0m | [1mResponder prepared final output[0m
[32m18:29:46.751[0m | [1mINFO    [0m | [36msrc.conversation.state_machine[0m:[36mtransition_to[0m | [1mState transition completed[0m
[32m18:29:46.762[0m | [1mINFO    [0m | [36msrc.conversation.models[0m:[36mlog_snapshot[0m | [1mTurn metrics updated[0m
[32m18:29:46.762[0m | [1mINFO    [0m | [36msrc.config.logging[0m:[36mlog_conversation_event[0m | [1mConversation event: turn_complete[0m
[32m18:29:46.762[0m | [1mINFO    [0m | [36msrc.conversation.state_machine[0m:[36mtransition_to[0m | [1mState transition completed[0m
[32m18:29:46.767[0m | [1mINFO    [0m | [36msrc.api.websocket[0m:[36m_send_conversation_result[0m | [1mConversation turn completed for session 7577352c-c49e-4bdf-848b-eed92a99b5c3[0m
[32m18:29:46.768[0m | [1mINFO    [0m | [36msrc.api.websocket[0m:[36m_process_streaming_turn[0m | [1mStarting streaming turn for session 7577352c-c49e-4bdf-848b-eed92a99b5c3[0m
[32m18:29:46.768[0m | [1mINFO    [0m | [36msrc.config.logging[0m:[36mlog_conversation_event[0m | [1mConversation event: turn_start[0m
[32m18:29:46.768[0m | [1mINFO    [0m | [36msrc.conversation.state_machine[0m:[36mtransition_to[0m | [1mState transition completed[0m
[32m18:29:46.768[0m | [1mINFO    [0m | [36msrc.config.logging[0m:[36mlog_audio_event[0m | [1mAudio event: streaming_transcription_start[0m
[32m18:29:46.768[0m | [1mINFO    [0m | [36msrc.audio.single_utterance_processor[0m:[36mtranscribe_stream[0m | [1mStarting real-time stream transcription with V2 Recognizer...[0m
[32m18:29:46.768[0m | [1mINFO    [0m | [36msrc.config.logging[0m:[36mlog_audio_event[0m | [1mAudio event: stt_streaming_start[0m
[32m18:29:48.930[0m | [1mINFO    [0m | [36msrc.api.websocket[0m:[36m_handle_message[0m | [1m🎯 Processing WebSocket message[0m
[32m18:29:48.930[0m | [1mINFO    [0m | [36msrc.api.websocket[0m:[36m_handle_message[0m | [1m🏓 Handling ping for session 7577352c-c49e-4bdf-848b-eed92a99b5c3[0m
[32m18:29:48.930[0m | [1mINFO    [0m | [36msrc.api.websocket[0m:[36m_handle_message[0m | [1m✅ ping handled successfully for session 7577352c-c49e-4bdf-848b-eed92a99b5c3[0m
[32m18:29:51.361[0m | [1mINFO    [0m | [36msrc.config.logging[0m:[36mlog_audio_event[0m | [1mAudio event: stt_streaming_event[0m
[32m18:29:51.375[0m | [1mINFO    [0m | [36msrc.audio.single_utterance_processor[0m:[36mtranscribe_stream[0m | [1mFinal transcript received from stream[0m
[32m18:29:51.376[0m | [1mINFO    [0m | [36msrc.config.logging[0m:[36mlog_audio_event[0m | [1mAudio event: streaming_transcription_success[0m
[32m18:29:51.376[0m | [1mINFO    [0m | [36msrc.api.websocket[0m:[36mon_transcript[0m | [1mSent early transcript: Move rights....[0m
[32m18:29:51.376[0m | [1mINFO    [0m | [36msrc.conversation.state_machine[0m:[36mtransition_to[0m | [1mState transition completed[0m
[32m18:29:51.376[0m | [1mINFO    [0m | [36msrc.conversation.single_utterance_engine[0m:[36mprocess_conversation_turn[0m | [1mSpeech transcribed via stream[0m
[32m18:29:51.376[0m | [1mINFO    [0m | [36msrc.conversation.graph.runner[0m:[36mrun_turn[0m | [1mVerification pending - passing to planner for LLM classification[0m
[32m18:29:52.487[0m | [1mINFO    [0m | [36msrc.conversation.graph.runner[0m:[36mrun_turn[0m | [1mPhase 11: Processing verification response via LLM[0m
[32m18:29:52.487[0m | [1mINFO    [0m | [36msrc.conversation.graph.runner[0m:[36mrun_turn[0m | [1mNew instruction during verification, proceeding with tool[0m
[32m18:29:52.487[0m | [1mINFO    [0m | [36msrc.conversation.graph.runner[0m:[36mrun_turn[0m | [1m[DIAG] Planner tool decision: tool_name=move, tool_args={'direction': 'right', 'distance': 0.2}[0m
[32m18:29:52.487[0m | [1mINFO    [0m | [36msrc.audio.single_utterance_processor[0m:[36msynthesize[0m | [1mSynthesizing single utterance response[0m
[32m18:29:52.487[0m | [1mINFO    [0m | [36msrc.config.logging[0m:[36mlog_audio_event[0m | [1mAudio event: tts_request[0m
[32m18:29:52.792[0m | [1mINFO    [0m | [36msrc.config.logging[0m:[36mlog_audio_event[0m | [1mAudio event: tts_success[0m
[32m18:29:52.793[0m | [1mINFO    [0m | [36msrc.config.logging[0m:[36mlog_audio_event[0m | [1mAudio event: single_utterance_synthesis[0m
[32m18:29:52.793[0m | [1mINFO    [0m | [36msrc.audio.single_utterance_processor[0m:[36msynthesize[0m | [1mSingle utterance synthesis completed[0m
[32m18:29:52.799[0m | [1mINFO    [0m | [36msrc.api.websocket[0m:[36mon_acknowledgment[0m | [1mSent acknowledgment for session 7577352c-c49e-4bdf-848b-eed92a99b5c3: Ok, moving right.[0m
[32m18:29:52.799[0m | [1mINFO    [0m | [36msrc.conversation.graph.runner[0m:[36mrun_turn[0m | [1mAcknowledgment sent before tool execution[0m
[32m18:29:52.799[0m | [1mINFO    [0m | [36msrc.conversation.graph.executor[0m:[36mexecute[0m | [1mInvoking MCP tool[0m
[32m18:29:52.799[0m | [1mINFO    [0m | [36msrc.conversation.graph.executor[0m:[36mexecute[0m | [1m[DIAG] Calling MCP tool: tool=move, args={'direction': 'right', 'distance': 0.2, 'angle': 15.0}[0m
[32m18:29:52.803[0m | [1mINFO    [0m | [36msrc.mcp.stdio_client[0m:[36m_stderr_loop[0m | [1m[moveit stderr] [DIAG] MCP call_tool: name=move, args={'direction': 'right', 'distance': 0.2, 'angle': 15.0}[0m
[move_group-9] [INFO] [1765409392.809727082] [moveit_move_group_default_capabilities.plan_service_capability]: Received new planning service request...
[move_group-9] [INFO] [1765409392.810169038] [moveit.ompl_planning.model_based_planning_context]: Planner configuration 'arm' will use planner 'geometric::RRTConnect'. Additional configuration parameters will be set when the planner is constructed.
[move_group-9] [INFO] [1765409392.839021909] [moveit_move_group_default_capabilities.execute_trajectory_action_capability]: Received goal request
[move_group-9] [INFO] [1765409392.839081626] [moveit_move_group_default_capabilities.execute_trajectory_action_capability]: Execution request received
[move_group-9] [INFO] [1765409392.839096932] [moveit.plugins.moveit_simple_controller_manager]: Returned 2 controllers in list
[move_group-9] [INFO] [1765409392.839108378] [moveit.plugins.moveit_simple_controller_manager]: Returned 2 controllers in list
[move_group-9] [INFO] [1765409392.839146233] [moveit_ros.trajectory_execution_manager]: Validating trajectory with allowed_start_tolerance 0.01
[move_group-9] [INFO] [1765409392.840134846] [moveit_ros.trajectory_execution_manager]: Starting trajectory execution ...
[move_group-9] [INFO] [1765409392.840171416] [moveit.plugins.moveit_simple_controller_manager]: Returned 2 controllers in list
[move_group-9] [INFO] [1765409392.840191753] [moveit.plugins.moveit_simple_controller_manager]: Returned 2 controllers in list
[move_group-9] [INFO] [1765409392.840279805] [moveit.simple_controller_manager.follow_joint_trajectory_controller_handle]: sending trajectory to joint_trajectory_controller
[ros2_control_node-1] [INFO] [1765409392.840469105] [joint_trajectory_controller]: Received new action goal
[ros2_control_node-1] [INFO] [1765409392.840507779] [joint_trajectory_controller]: Accepted new action goal
[move_group-9] [INFO] [1765409392.840646965] [moveit.simple_controller_manager.follow_joint_trajectory_controller_handle]: joint_trajectory_controller started execution
[move_group-9] [INFO] [1765409392.840655317] [moveit.simple_controller_manager.follow_joint_trajectory_controller_handle]: Goal request accepted!
[ros2_control_node-1] [INFO] [1765409397.105019194] [joint_trajectory_controller]: Goal reached, success!
[move_group-9] [INFO] [1765409397.140999439] [moveit.simple_controller_manager.follow_joint_trajectory_controller_handle]: Controller 'joint_trajectory_controller' successfully finished
[move_group-9] [INFO] [1765409397.144230112] [moveit_ros.trajectory_execution_manager]: Completed trajectory execution with status SUCCEEDED ...
[move_group-9] [INFO] [1765409397.144303041] [moveit_move_group_default_capabilities.execute_trajectory_action_capability]: Execution completed: SUCCEEDED
[32m18:29:57.148[0m | [1mINFO    [0m | [36msrc.config.logging[0m:[36mlog_mcp_event[0m | [1mMCP event: tool_invoked[0m
[32m18:29:57.149[0m | [1mINFO    [0m | [36msrc.conversation.graph.executor[0m:[36mexecute[0m | [1m[DIAG] MCP response: tool=move, result={'content': [{'type': 'text', 'text': '{\n  "success": true,\n  "message": "Moved to pose (-0.039, 0.402, 0.304)",\n  "start_pose": {\n    "x": -0.0394,\n    "y": 0.202,\n    "z": 0.3041\n  },\n  "end_pose": {\n    "x": -0.042,\n    "y": 0.4023,\n    "z": 0.3028\n  },\n  "duration_ms": 4341.69,\n  "[0m
[32m18:29:57.149[0m | [1mINFO    [0m | [36msrc.conversation.graph.runner[0m:[36mrun_turn[0m | [1mVerification required after tool execution[0m
[32m18:29:57.149[0m | [1mINFO    [0m | [36msrc.audio.single_utterance_processor[0m:[36msynthesize[0m | [1mSynthesizing single utterance response[0m
[32m18:29:57.149[0m | [1mINFO    [0m | [36msrc.config.logging[0m:[36mlog_audio_event[0m | [1mAudio event: tts_request[0m
[32m18:29:57.378[0m | [1mINFO    [0m | [36msrc.config.logging[0m:[36mlog_audio_event[0m | [1mAudio event: tts_success[0m
[32m18:29:57.378[0m | [1mINFO    [0m | [36msrc.config.logging[0m:[36mlog_audio_event[0m | [1mAudio event: single_utterance_synthesis[0m
[32m18:29:57.378[0m | [1mINFO    [0m | [36msrc.audio.single_utterance_processor[0m:[36msynthesize[0m | [1mSingle utterance synthesis completed[0m
[32m18:29:57.378[0m | [1mINFO    [0m | [36msrc.conversation.graph.responder[0m:[36mrespond[0m | [1mResponder prepared final output[0m
[32m18:29:57.379[0m | [1mINFO    [0m | [36msrc.conversation.state_machine[0m:[36mtransition_to[0m | [1mState transition completed[0m
[32m18:29:57.390[0m | [1mINFO    [0m | [36msrc.conversation.models[0m:[36mlog_snapshot[0m | [1mTurn metrics updated[0m
[32m18:29:57.390[0m | [1mINFO    [0m | [36msrc.config.logging[0m:[36mlog_conversation_event[0m | [1mConversation event: turn_complete[0m
[32m18:29:57.390[0m | [1mINFO    [0m | [36msrc.conversation.state_machine[0m:[36mtransition_to[0m | [1mState transition completed[0m
[32m18:29:57.395[0m | [1mINFO    [0m | [36msrc.api.websocket[0m:[36m_send_conversation_result[0m | [1mConversation turn completed for session 7577352c-c49e-4bdf-848b-eed92a99b5c3[0m
[32m18:29:57.396[0m | [1mINFO    [0m | [36msrc.api.websocket[0m:[36m_process_streaming_turn[0m | [1mStarting streaming turn for session 7577352c-c49e-4bdf-848b-eed92a99b5c3[0m
[32m18:29:57.396[0m | [1mINFO    [0m | [36msrc.config.logging[0m:[36mlog_conversation_event[0m | [1mConversation event: turn_start[0m
[32m18:29:57.396[0m | [1mINFO    [0m | [36msrc.conversation.state_machine[0m:[36mtransition_to[0m | [1mState transition completed[0m
[32m18:29:57.396[0m | [1mINFO    [0m | [36msrc.config.logging[0m:[36mlog_audio_event[0m | [1mAudio event: streaming_transcription_start[0m
[32m18:29:57.396[0m | [1mINFO    [0m | [36msrc.audio.single_utterance_processor[0m:[36mtranscribe_stream[0m | [1mStarting real-time stream transcription with V2 Recognizer...[0m
[32m18:29:57.396[0m | [1mINFO    [0m | [36msrc.config.logging[0m:[36mlog_audio_event[0m | [1mAudio event: stt_streaming_start[0m
[32m18:30:05.374[0m | [1mINFO    [0m | [36msrc.config.logging[0m:[36mlog_audio_event[0m | [1mAudio event: stt_streaming_event[0m
[32m18:30:05.403[0m | [1mINFO    [0m | [36msrc.audio.single_utterance_processor[0m:[36mtranscribe_stream[0m | [1mFinal transcript received from stream[0m
[32m18:30:05.404[0m | [1mINFO    [0m | [36msrc.config.logging[0m:[36mlog_audio_event[0m | [1mAudio event: streaming_transcription_success[0m
[32m18:30:05.404[0m | [1mINFO    [0m | [36msrc.api.websocket[0m:[36mon_transcript[0m | [1mSent early transcript: Move back a little bit....[0m
[32m18:30:05.404[0m | [1mINFO    [0m | [36msrc.conversation.state_machine[0m:[36mtransition_to[0m | [1mState transition completed[0m
[32m18:30:05.404[0m | [1mINFO    [0m | [36msrc.conversation.single_utterance_engine[0m:[36mprocess_conversation_turn[0m | [1mSpeech transcribed via stream[0m
[32m18:30:05.404[0m | [1mINFO    [0m | [36msrc.conversation.graph.runner[0m:[36mrun_turn[0m | [1mVerification pending - passing to planner for LLM classification[0m
[32m18:30:06.585[0m | [1mINFO    [0m | [36msrc.conversation.graph.runner[0m:[36mrun_turn[0m | [1mPhase 11: Processing verification response via LLM[0m
[32m18:30:06.585[0m | [1mINFO    [0m | [36msrc.conversation.graph.runner[0m:[36mrun_turn[0m | [1mNew instruction during verification, proceeding with tool[0m
[32m18:30:06.585[0m | [1mINFO    [0m | [36msrc.conversation.graph.runner[0m:[36mrun_turn[0m | [1m[DIAG] Planner tool decision: tool_name=move, tool_args={'direction': 'backward', 'distance': 0.1}[0m
[32m18:30:06.585[0m | [1mINFO    [0m | [36msrc.audio.single_utterance_processor[0m:[36msynthesize[0m | [1mSynthesizing single utterance response[0m
[32m18:30:06.586[0m | [1mINFO    [0m | [36msrc.config.logging[0m:[36mlog_audio_event[0m | [1mAudio event: tts_request[0m
[32m18:30:06.720[0m | [1mINFO    [0m | [36msrc.config.logging[0m:[36mlog_audio_event[0m | [1mAudio event: tts_success[0m
[32m18:30:06.720[0m | [1mINFO    [0m | [36msrc.config.logging[0m:[36mlog_audio_event[0m | [1mAudio event: single_utterance_synthesis[0m
[32m18:30:06.720[0m | [1mINFO    [0m | [36msrc.audio.single_utterance_processor[0m:[36msynthesize[0m | [1mSingle utterance synthesis completed[0m
[32m18:30:06.727[0m | [1mINFO    [0m | [36msrc.api.websocket[0m:[36mon_acknowledgment[0m | [1mSent acknowledgment for session 7577352c-c49e-4bdf-848b-eed92a99b5c3: Ok, moving backward.[0m
[32m18:30:06.727[0m | [1mINFO    [0m | [36msrc.conversation.graph.runner[0m:[36mrun_turn[0m | [1mAcknowledgment sent before tool execution[0m
[32m18:30:06.727[0m | [1mINFO    [0m | [36msrc.conversation.graph.executor[0m:[36mexecute[0m | [1mInvoking MCP tool[0m
[32m18:30:06.727[0m | [1mINFO    [0m | [36msrc.conversation.graph.executor[0m:[36mexecute[0m | [1m[DIAG] Calling MCP tool: tool=move, args={'direction': 'backward', 'distance': 0.1, 'angle': 15.0}[0m
[32m18:30:06.733[0m | [1mINFO    [0m | [36msrc.mcp.stdio_client[0m:[36m_stderr_loop[0m | [1m[moveit stderr] [DIAG] MCP call_tool: name=move, args={'direction': 'backward', 'distance': 0.1, 'angle': 15.0}[0m
[move_group-9] [INFO] [1765409406.739250990] [moveit_move_group_default_capabilities.plan_service_capability]: Received new planning service request...
[move_group-9] [INFO] [1765409406.739768317] [moveit.ompl_planning.model_based_planning_context]: Planner configuration 'arm' will use planner 'geometric::RRTConnect'. Additional configuration parameters will be set when the planner is constructed.
[move_group-9] [INFO] [1765409406.771857904] [moveit_move_group_default_capabilities.execute_trajectory_action_capability]: Received goal request
[move_group-9] [INFO] [1765409406.771910976] [moveit_move_group_default_capabilities.execute_trajectory_action_capability]: Execution request received
[move_group-9] [INFO] [1765409406.771923397] [moveit.plugins.moveit_simple_controller_manager]: Returned 2 controllers in list
[move_group-9] [INFO] [1765409406.771936638] [moveit.plugins.moveit_simple_controller_manager]: Returned 2 controllers in list
[move_group-9] [INFO] [1765409406.771963762] [moveit_ros.trajectory_execution_manager]: Validating trajectory with allowed_start_tolerance 0.01
[move_group-9] [INFO] [1765409406.772118445] [moveit_ros.trajectory_execution_manager]: Starting trajectory execution ...
[move_group-9] [INFO] [1765409406.772149729] [moveit.plugins.moveit_simple_controller_manager]: Returned 2 controllers in list
[move_group-9] [INFO] [1765409406.772167340] [moveit.plugins.moveit_simple_controller_manager]: Returned 2 controllers in list
[move_group-9] [INFO] [1765409406.772254438] [moveit.simple_controller_manager.follow_joint_trajectory_controller_handle]: sending trajectory to joint_trajectory_controller
[ros2_control_node-1] [INFO] [1765409406.772415105] [joint_trajectory_controller]: Received new action goal
[ros2_control_node-1] [INFO] [1765409406.772442461] [joint_trajectory_controller]: Accepted new action goal
[move_group-9] [INFO] [1765409406.772562722] [moveit.simple_controller_manager.follow_joint_trajectory_controller_handle]: joint_trajectory_controller started execution
[move_group-9] [INFO] [1765409406.772576070] [moveit.simple_controller_manager.follow_joint_trajectory_controller_handle]: Goal request accepted!
[ros2_control_node-1] [INFO] [1765409410.405014268] [joint_trajectory_controller]: Goal reached, success!
[move_group-9] [INFO] [1765409410.422802880] [moveit.simple_controller_manager.follow_joint_trajectory_controller_handle]: Controller 'joint_trajectory_controller' successfully finished
[move_group-9] [INFO] [1765409410.425058992] [moveit_ros.trajectory_execution_manager]: Completed trajectory execution with status SUCCEEDED ...
[move_group-9] [INFO] [1765409410.425112465] [moveit_move_group_default_capabilities.execute_trajectory_action_capability]: Execution completed: SUCCEEDED
[32m18:30:10.428[0m | [1mINFO    [0m | [36msrc.config.logging[0m:[36mlog_mcp_event[0m | [1mMCP event: tool_invoked[0m
[32m18:30:10.428[0m | [1mINFO    [0m | [36msrc.conversation.graph.executor[0m:[36mexecute[0m | [1m[DIAG] MCP response: tool=move, result={'content': [{'type': 'text', 'text': '{\n  "success": true,\n  "message": "Moved to pose (-0.142, 0.402, 0.303)",\n  "start_pose": {\n    "x": -0.042,\n    "y": 0.4023,\n    "z": 0.3028\n  },\n  "end_pose": {\n    "x": -0.1427,\n    "y": 0.4019,\n    "z": 0.3025\n  },\n  "duration_ms": 3693.09,\n  [0m
[32m18:30:10.428[0m | [1mINFO    [0m | [36msrc.conversation.graph.runner[0m:[36mrun_turn[0m | [1mVerification required after tool execution[0m
[32m18:30:10.428[0m | [1mINFO    [0m | [36msrc.audio.single_utterance_processor[0m:[36msynthesize[0m | [1mSynthesizing single utterance response[0m
[32m18:30:10.428[0m | [1mINFO    [0m | [36msrc.config.logging[0m:[36mlog_audio_event[0m | [1mAudio event: tts_request[0m
[32m18:30:10.634[0m | [1mINFO    [0m | [36msrc.config.logging[0m:[36mlog_audio_event[0m | [1mAudio event: tts_success[0m
[32m18:30:10.635[0m | [1mINFO    [0m | [36msrc.config.logging[0m:[36mlog_audio_event[0m | [1mAudio event: single_utterance_synthesis[0m
[32m18:30:10.635[0m | [1mINFO    [0m | [36msrc.audio.single_utterance_processor[0m:[36msynthesize[0m | [1mSingle utterance synthesis completed[0m
[32m18:30:10.635[0m | [1mINFO    [0m | [36msrc.conversation.graph.responder[0m:[36mrespond[0m | [1mResponder prepared final output[0m
[32m18:30:10.635[0m | [1mINFO    [0m | [36msrc.conversation.state_machine[0m:[36mtransition_to[0m | [1mState transition completed[0m
[32m18:30:10.648[0m | [1mINFO    [0m | [36msrc.conversation.models[0m:[36mlog_snapshot[0m | [1mTurn metrics updated[0m
[32m18:30:10.648[0m | [1mINFO    [0m | [36msrc.config.logging[0m:[36mlog_conversation_event[0m | [1mConversation event: turn_complete[0m
[32m18:30:10.648[0m | [1mINFO    [0m | [36msrc.conversation.state_machine[0m:[36mtransition_to[0m | [1mState transition completed[0m
[32m18:30:10.654[0m | [1mINFO    [0m | [36msrc.api.websocket[0m:[36m_send_conversation_result[0m | [1mConversation turn completed for session 7577352c-c49e-4bdf-848b-eed92a99b5c3[0m
[32m18:30:10.654[0m | [1mINFO    [0m | [36msrc.api.websocket[0m:[36m_process_streaming_turn[0m | [1mStarting streaming turn for session 7577352c-c49e-4bdf-848b-eed92a99b5c3[0m
[32m18:30:10.655[0m | [1mINFO    [0m | [36msrc.config.logging[0m:[36mlog_conversation_event[0m | [1mConversation event: turn_start[0m
[32m18:30:10.655[0m | [1mINFO    [0m | [36msrc.conversation.state_machine[0m:[36mtransition_to[0m | [1mState transition completed[0m
[32m18:30:10.655[0m | [1mINFO    [0m | [36msrc.config.logging[0m:[36mlog_audio_event[0m | [1mAudio event: streaming_transcription_start[0m
[32m18:30:10.655[0m | [1mINFO    [0m | [36msrc.audio.single_utterance_processor[0m:[36mtranscribe_stream[0m | [1mStarting real-time stream transcription with V2 Recognizer...[0m
[32m18:30:10.655[0m | [1mINFO    [0m | [36msrc.config.logging[0m:[36mlog_audio_event[0m | [1mAudio event: stt_streaming_start[0m
[32m18:30:15.367[0m | [1mINFO    [0m | [36msrc.config.logging[0m:[36mlog_mcp_event[0m | [1mMCP event: health_check[0m
[32m18:30:17.273[0m | [1mINFO    [0m | [36msrc.config.logging[0m:[36mlog_audio_event[0m | [1mAudio event: stt_streaming_event[0m
[32m18:30:17.296[0m | [1mINFO    [0m | [36msrc.audio.single_utterance_processor[0m:[36mtranscribe_stream[0m | [1mFinal transcript received from stream[0m
[32m18:30:17.296[0m | [1mINFO    [0m | [36msrc.config.logging[0m:[36mlog_audio_event[0m | [1mAudio event: streaming_transcription_success[0m
[32m18:30:17.297[0m | [1mINFO    [0m | [36msrc.api.websocket[0m:[36mon_transcript[0m | [1mSent early transcript: Move down a very little bit....[0m
[32m18:30:17.297[0m | [1mINFO    [0m | [36msrc.conversation.state_machine[0m:[36mtransition_to[0m | [1mState transition completed[0m
[32m18:30:17.297[0m | [1mINFO    [0m | [36msrc.conversation.single_utterance_engine[0m:[36mprocess_conversation_turn[0m | [1mSpeech transcribed via stream[0m
[32m18:30:17.297[0m | [1mINFO    [0m | [36msrc.conversation.graph.runner[0m:[36mrun_turn[0m | [1mVerification pending - passing to planner for LLM classification[0m
[32m18:30:18.314[0m | [1mINFO    [0m | [36msrc.conversation.graph.runner[0m:[36mrun_turn[0m | [1mPhase 11: Processing verification response via LLM[0m
[32m18:30:18.314[0m | [1mINFO    [0m | [36msrc.conversation.graph.runner[0m:[36mrun_turn[0m | [1mNew instruction during verification, proceeding with tool[0m
[32m18:30:18.314[0m | [1mINFO    [0m | [36msrc.conversation.graph.runner[0m:[36mrun_turn[0m | [1m[DIAG] Planner tool decision: tool_name=move, tool_args={'direction': 'down', 'distance': 0.05}[0m
[32m18:30:18.314[0m | [1mINFO    [0m | [36msrc.audio.single_utterance_processor[0m:[36msynthesize[0m | [1mSynthesizing single utterance response[0m
[32m18:30:18.315[0m | [1mINFO    [0m | [36msrc.config.logging[0m:[36mlog_audio_event[0m | [1mAudio event: tts_request[0m
[32m18:30:18.558[0m | [1mINFO    [0m | [36msrc.config.logging[0m:[36mlog_audio_event[0m | [1mAudio event: tts_success[0m
[32m18:30:18.558[0m | [1mINFO    [0m | [36msrc.config.logging[0m:[36mlog_audio_event[0m | [1mAudio event: single_utterance_synthesis[0m
[32m18:30:18.558[0m | [1mINFO    [0m | [36msrc.audio.single_utterance_processor[0m:[36msynthesize[0m | [1mSingle utterance synthesis completed[0m
[32m18:30:18.563[0m | [1mINFO    [0m | [36msrc.api.websocket[0m:[36mon_acknowledgment[0m | [1mSent acknowledgment for session 7577352c-c49e-4bdf-848b-eed92a99b5c3: Ok, moving down.[0m
[32m18:30:18.563[0m | [1mINFO    [0m | [36msrc.conversation.graph.runner[0m:[36mrun_turn[0m | [1mAcknowledgment sent before tool execution[0m
[32m18:30:18.563[0m | [1mINFO    [0m | [36msrc.conversation.graph.executor[0m:[36mexecute[0m | [1mInvoking MCP tool[0m
[32m18:30:18.563[0m | [1mINFO    [0m | [36msrc.conversation.graph.executor[0m:[36mexecute[0m | [1m[DIAG] Calling MCP tool: tool=move, args={'direction': 'down', 'distance': 0.05, 'angle': 15.0}[0m
[32m18:30:18.567[0m | [1mINFO    [0m | [36msrc.mcp.stdio_client[0m:[36m_stderr_loop[0m | [1m[moveit stderr] [DIAG] MCP call_tool: name=move, args={'direction': 'down', 'distance': 0.05, 'angle': 15.0}[0m
[move_group-9] [INFO] [1765409418.572094528] [moveit_move_group_default_capabilities.plan_service_capability]: Received new planning service request...
[move_group-9] [INFO] [1765409418.572356424] [moveit.ompl_planning.model_based_planning_context]: Planner configuration 'arm' will use planner 'geometric::RRTConnect'. Additional configuration parameters will be set when the planner is constructed.
[move_group-9] [INFO] [1765409418.606118917] [moveit_move_group_default_capabilities.execute_trajectory_action_capability]: Received goal request
[move_group-9] [INFO] [1765409418.606169664] [moveit_move_group_default_capabilities.execute_trajectory_action_capability]: Execution request received
[move_group-9] [INFO] [1765409418.606179973] [moveit.plugins.moveit_simple_controller_manager]: Returned 2 controllers in list
[move_group-9] [INFO] [1765409418.606188181] [moveit.plugins.moveit_simple_controller_manager]: Returned 2 controllers in list
[move_group-9] [INFO] [1765409418.606215245] [moveit_ros.trajectory_execution_manager]: Validating trajectory with allowed_start_tolerance 0.01
[move_group-9] [INFO] [1765409418.607145278] [moveit_ros.trajectory_execution_manager]: Starting trajectory execution ...
[move_group-9] [INFO] [1765409418.607190382] [moveit.plugins.moveit_simple_controller_manager]: Returned 2 controllers in list
[move_group-9] [INFO] [1765409418.607214918] [moveit.plugins.moveit_simple_controller_manager]: Returned 2 controllers in list
[move_group-9] [INFO] [1765409418.607317134] [moveit.simple_controller_manager.follow_joint_trajectory_controller_handle]: sending trajectory to joint_trajectory_controller
[move_group-9] [INFO] [1765409418.607562700] [moveit.simple_controller_manager.follow_joint_trajectory_controller_handle]: joint_trajectory_controller started execution
[move_group-9] [INFO] [1765409418.607571258] [moveit.simple_controller_manager.follow_joint_trajectory_controller_handle]: Goal request accepted!
[ros2_control_node-1] [INFO] [1765409418.607480749] [joint_trajectory_controller]: Received new action goal
[ros2_control_node-1] [INFO] [1765409418.607506355] [joint_trajectory_controller]: Accepted new action goal
[32m18:30:18.930[0m | [1mINFO    [0m | [36msrc.api.websocket[0m:[36m_handle_message[0m | [1m🎯 Processing WebSocket message[0m
[32m18:30:18.930[0m | [1mINFO    [0m | [36msrc.api.websocket[0m:[36m_handle_message[0m | [1m🏓 Handling ping for session 7577352c-c49e-4bdf-848b-eed92a99b5c3[0m
[32m18:30:18.930[0m | [1mINFO    [0m | [36msrc.api.websocket[0m:[36m_handle_message[0m | [1m✅ ping handled successfully for session 7577352c-c49e-4bdf-848b-eed92a99b5c3[0m
[ros2_control_node-1] [INFO] [1765409424.259067915] [joint_trajectory_controller]: Goal reached, success!
[move_group-9] [INFO] [1765409424.307791710] [moveit.simple_controller_manager.follow_joint_trajectory_controller_handle]: Controller 'joint_trajectory_controller' successfully finished
[move_group-9] [INFO] [1765409424.310056820] [moveit_ros.trajectory_execution_manager]: Completed trajectory execution with status SUCCEEDED ...
[move_group-9] [INFO] [1765409424.310114535] [moveit_move_group_default_capabilities.execute_trajectory_action_capability]: Execution completed: SUCCEEDED
[32m18:30:24.313[0m | [1mINFO    [0m | [36msrc.config.logging[0m:[36mlog_mcp_event[0m | [1mMCP event: tool_invoked[0m
[32m18:30:24.313[0m | [1mINFO    [0m | [36msrc.conversation.graph.executor[0m:[36mexecute[0m | [1m[DIAG] MCP response: tool=move, result={'content': [{'type': 'text', 'text': '{\n  "success": true,\n  "message": "Moved to pose (-0.143, 0.402, 0.252)",\n  "start_pose": {\n    "x": -0.1427,\n    "y": 0.4019,\n    "z": 0.3025\n  },\n  "end_pose": {\n    "x": -0.1413,\n    "y": 0.4017,\n    "z": 0.2509\n  },\n  "duration_ms": 5743.25,\n [0m
[32m18:30:24.313[0m | [1mINFO    [0m | [36msrc.conversation.graph.runner[0m:[36mrun_turn[0m | [1mVerification required after tool execution[0m
[32m18:30:24.313[0m | [1mINFO    [0m | [36msrc.audio.single_utterance_processor[0m:[36msynthesize[0m | [1mSynthesizing single utterance response[0m
[32m18:30:24.313[0m | [1mINFO    [0m | [36msrc.config.logging[0m:[36mlog_audio_event[0m | [1mAudio event: tts_request[0m
[32m18:30:24.639[0m | [1mINFO    [0m | [36msrc.config.logging[0m:[36mlog_audio_event[0m | [1mAudio event: tts_success[0m
[32m18:30:24.639[0m | [1mINFO    [0m | [36msrc.config.logging[0m:[36mlog_audio_event[0m | [1mAudio event: single_utterance_synthesis[0m
[32m18:30:24.639[0m | [1mINFO    [0m | [36msrc.audio.single_utterance_processor[0m:[36msynthesize[0m | [1mSingle utterance synthesis completed[0m
[32m18:30:24.639[0m | [1mINFO    [0m | [36msrc.conversation.graph.responder[0m:[36mrespond[0m | [1mResponder prepared final output[0m
[32m18:30:24.640[0m | [1mINFO    [0m | [36msrc.conversation.state_machine[0m:[36mtransition_to[0m | [1mState transition completed[0m
[32m18:30:24.652[0m | [1mINFO    [0m | [36msrc.conversation.models[0m:[36mlog_snapshot[0m | [1mTurn metrics updated[0m
[32m18:30:24.652[0m | [1mINFO    [0m | [36msrc.config.logging[0m:[36mlog_conversation_event[0m | [1mConversation event: turn_complete[0m
[32m18:30:24.653[0m | [1mINFO    [0m | [36msrc.conversation.state_machine[0m:[36mtransition_to[0m | [1mState transition completed[0m
[32m18:30:24.660[0m | [1mINFO    [0m | [36msrc.api.websocket[0m:[36m_send_conversation_result[0m | [1mConversation turn completed for session 7577352c-c49e-4bdf-848b-eed92a99b5c3[0m
[32m18:30:24.660[0m | [1mINFO    [0m | [36msrc.api.websocket[0m:[36m_process_streaming_turn[0m | [1mStarting streaming turn for session 7577352c-c49e-4bdf-848b-eed92a99b5c3[0m
[32m18:30:24.660[0m | [1mINFO    [0m | [36msrc.config.logging[0m:[36mlog_conversation_event[0m | [1mConversation event: turn_start[0m
[32m18:30:24.660[0m | [1mINFO    [0m | [36msrc.conversation.state_machine[0m:[36mtransition_to[0m | [1mState transition completed[0m
[32m18:30:24.660[0m | [1mINFO    [0m | [36msrc.config.logging[0m:[36mlog_audio_event[0m | [1mAudio event: streaming_transcription_start[0m
[32m18:30:24.660[0m | [1mINFO    [0m | [36msrc.audio.single_utterance_processor[0m:[36mtranscribe_stream[0m | [1mStarting real-time stream transcription with V2 Recognizer...[0m
[32m18:30:24.660[0m | [1mINFO    [0m | [36msrc.config.logging[0m:[36mlog_audio_event[0m | [1mAudio event: stt_streaming_start[0m
[32m18:30:37.427[0m | [1mINFO    [0m | [36msrc.config.logging[0m:[36mlog_audio_event[0m | [1mAudio event: stt_streaming_event[0m
[32m18:30:37.472[0m | [1mINFO    [0m | [36msrc.audio.single_utterance_processor[0m:[36mtranscribe_stream[0m | [1mFinal transcript received from stream[0m
[32m18:30:37.472[0m | [1mINFO    [0m | [36msrc.config.logging[0m:[36mlog_audio_event[0m | [1mAudio event: streaming_transcription_success[0m
[32m18:30:37.473[0m | [1mINFO    [0m | [36msrc.api.websocket[0m:[36mon_transcript[0m | [1mSent early transcript: Rotate the gripper clockwise by 180°....[0m
[32m18:30:37.473[0m | [1mINFO    [0m | [36msrc.conversation.state_machine[0m:[36mtransition_to[0m | [1mState transition completed[0m
[32m18:30:37.473[0m | [1mINFO    [0m | [36msrc.conversation.single_utterance_engine[0m:[36mprocess_conversation_turn[0m | [1mSpeech transcribed via stream[0m
[32m18:30:37.474[0m | [1mINFO    [0m | [36msrc.conversation.graph.runner[0m:[36mrun_turn[0m | [1mVerification pending - passing to planner for LLM classification[0m
[32m18:30:38.668[0m | [1mINFO    [0m | [36msrc.conversation.graph.runner[0m:[36mrun_turn[0m | [1mPhase 11: Processing verification response via LLM[0m
[32m18:30:38.668[0m | [1mINFO    [0m | [36msrc.conversation.graph.runner[0m:[36mrun_turn[0m | [1mNew instruction during verification, proceeding with tool[0m
[32m18:30:38.668[0m | [1mINFO    [0m | [36msrc.conversation.graph.runner[0m:[36mrun_turn[0m | [1m[DIAG] Planner tool decision: tool_name=rotate_gripper, tool_args={'direction': 'cw', 'angle': 180.0}[0m
[32m18:30:38.668[0m | [1mINFO    [0m | [36msrc.audio.single_utterance_processor[0m:[36msynthesize[0m | [1mSynthesizing single utterance response[0m
[32m18:30:38.668[0m | [1mINFO    [0m | [36msrc.config.logging[0m:[36mlog_audio_event[0m | [1mAudio event: tts_request[0m
[32m18:30:38.974[0m | [1mINFO    [0m | [36msrc.config.logging[0m:[36mlog_audio_event[0m | [1mAudio event: tts_success[0m
[32m18:30:38.974[0m | [1mINFO    [0m | [36msrc.config.logging[0m:[36mlog_audio_event[0m | [1mAudio event: single_utterance_synthesis[0m
[32m18:30:38.975[0m | [1mINFO    [0m | [36msrc.audio.single_utterance_processor[0m:[36msynthesize[0m | [1mSingle utterance synthesis completed[0m
[32m18:30:38.980[0m | [1mINFO    [0m | [36msrc.api.websocket[0m:[36mon_acknowledgment[0m | [1mSent acknowledgment for session 7577352c-c49e-4bdf-848b-eed92a99b5c3: Ok, working on that.[0m
[32m18:30:38.980[0m | [1mINFO    [0m | [36msrc.conversation.graph.runner[0m:[36mrun_turn[0m | [1mAcknowledgment sent before tool execution[0m
[32m18:30:38.980[0m | [1mINFO    [0m | [36msrc.conversation.graph.executor[0m:[36mexecute[0m | [1mInvoking MCP tool[0m
[32m18:30:38.980[0m | [1mINFO    [0m | [36msrc.conversation.graph.executor[0m:[36mexecute[0m | [1m[DIAG] Calling MCP tool: tool=rotate_gripper, args={'direction': 'cw', 'angle': 180.0}[0m
[32m18:30:38.983[0m | [1mINFO    [0m | [36msrc.mcp.stdio_client[0m:[36m_stderr_loop[0m | [1m[moveit stderr] [DIAG] MCP call_tool: name=rotate_gripper, args={'direction': 'cw', 'angle': 180.0}[0m
[ros2_control_node-1] [INFO] [1765409438.984300299] [joint_trajectory_controller]: Received new action goal
[ros2_control_node-1] [INFO] [1765409438.984365412] [joint_trajectory_controller]: Accepted new action goal
[ros2_control_node-1] [INFO] [1765409440.986013318] [joint_trajectory_controller]: Goal reached, success!
[32m18:30:48.930[0m | [1mINFO    [0m | [36msrc.api.websocket[0m:[36m_handle_message[0m | [1m🎯 Processing WebSocket message[0m
[32m18:30:48.931[0m | [1mINFO    [0m | [36msrc.api.websocket[0m:[36m_handle_message[0m | [1m🏓 Handling ping for session 7577352c-c49e-4bdf-848b-eed92a99b5c3[0m
[32m18:30:48.931[0m | [1mINFO    [0m | [36msrc.api.websocket[0m:[36m_handle_message[0m | [1m✅ ping handled successfully for session 7577352c-c49e-4bdf-848b-eed92a99b5c3[0m
[ros2_control_node-1] [INFO] [1765409450.004175147] [joint_trajectory_controller]: Received new action goal
[ros2_control_node-1] [INFO] [1765409450.004226175] [joint_trajectory_controller]: Accepted new action goal
[ros2_control_node-1] [INFO] [1765409452.006015122] [joint_trajectory_controller]: Goal reached, success!
[ros2_control_node-1] [INFO] [1765409461.025054350] [joint_trajectory_controller]: Received new action goal
[ros2_control_node-1] [INFO] [1765409461.025159772] [joint_trajectory_controller]: Accepted new action goal
[ros2_control_node-1] [INFO] [1765409463.027027302] [joint_trajectory_controller]: Goal reached, success!
[32m18:31:11.045[0m | [1mINFO    [0m | [36msrc.config.logging[0m:[36mlog_mcp_event[0m | [1mMCP event: tool_invoked[0m
[32m18:31:11.045[0m | [1mINFO    [0m | [36msrc.conversation.graph.executor[0m:[36mexecute[0m | [1m[DIAG] MCP response: tool=rotate_gripper, result={'content': [{'type': 'text', 'text': '{\n  "success": false,\n  "message": "Timeout waiting for goal acceptance",\n  "direction": "cw",\n  "angle_degrees": 180.0,\n  "start_joint_6_rad": -0.7333,\n  "end_joint_6_rad": -2.68,\n  "actual_rotation_deg": -111.54,\n  "duration_ms": 32059.34,\n  "warning[0m
[32m18:31:11.045[0m | [33m[1mWARNING [0m | [36msrc.conversation.graph.executor[0m:[36mexecute[0m | [33m[1mTool reported error payload[0m
[32m18:31:11.045[0m | [33m[1mWARNING [0m | [36msrc.conversation.graph.runner[0m:[36mrun_turn[0m | [33m[1mTool execution failed - stopping turn[0m
[32m18:31:11.046[0m | [1mINFO    [0m | [36msrc.audio.single_utterance_processor[0m:[36msynthesize[0m | [1mSynthesizing single utterance response[0m
[32m18:31:11.046[0m | [1mINFO    [0m | [36msrc.config.logging[0m:[36mlog_audio_event[0m | [1mAudio event: tts_request[0m
[32m18:31:11.438[0m | [1mINFO    [0m | [36msrc.config.logging[0m:[36mlog_audio_event[0m | [1mAudio event: tts_success[0m
[32m18:31:11.438[0m | [1mINFO    [0m | [36msrc.config.logging[0m:[36mlog_audio_event[0m | [1mAudio event: single_utterance_synthesis[0m
[32m18:31:11.439[0m | [1mINFO    [0m | [36msrc.audio.single_utterance_processor[0m:[36msynthesize[0m | [1mSingle utterance synthesis completed[0m
[32m18:31:11.439[0m | [1mINFO    [0m | [36msrc.conversation.graph.responder[0m:[36mrespond[0m | [1mResponder prepared final output[0m
[32m18:31:11.439[0m | [1mINFO    [0m | [36msrc.conversation.state_machine[0m:[36mtransition_to[0m | [1mState transition completed[0m
[32m18:31:11.452[0m | [1mINFO    [0m | [36msrc.conversation.models[0m:[36mlog_snapshot[0m | [1mTurn metrics updated[0m
[32m18:31:11.452[0m | [1mINFO    [0m | [36msrc.config.logging[0m:[36mlog_conversation_event[0m | [1mConversation event: turn_complete[0m
[32m18:31:11.452[0m | [1mINFO    [0m | [36msrc.conversation.state_machine[0m:[36mtransition_to[0m | [1mState transition completed[0m
[32m18:31:11.463[0m | [1mINFO    [0m | [36msrc.api.websocket[0m:[36m_send_conversation_result[0m | [1mConversation turn completed for session 7577352c-c49e-4bdf-848b-eed92a99b5c3[0m
[32m18:31:11.463[0m | [1mINFO    [0m | [36msrc.api.websocket[0m:[36m_process_streaming_turn[0m | [1mStarting streaming turn for session 7577352c-c49e-4bdf-848b-eed92a99b5c3[0m
[32m18:31:11.464[0m | [1mINFO    [0m | [36msrc.config.logging[0m:[36mlog_conversation_event[0m | [1mConversation event: turn_start[0m
[32m18:31:11.464[0m | [1mINFO    [0m | [36msrc.conversation.state_machine[0m:[36mtransition_to[0m | [1mState transition completed[0m
[32m18:31:11.464[0m | [1mINFO    [0m | [36msrc.config.logging[0m:[36mlog_audio_event[0m | [1mAudio event: streaming_transcription_start[0m
[32m18:31:11.464[0m | [1mINFO    [0m | [36msrc.audio.single_utterance_processor[0m:[36mtranscribe_stream[0m | [1mStarting real-time stream transcription with V2 Recognizer...[0m
[32m18:31:11.464[0m | [1mINFO    [0m | [36msrc.config.logging[0m:[36mlog_audio_event[0m | [1mAudio event: stt_streaming_start[0m
[32m18:31:15.372[0m | [1mINFO    [0m | [36msrc.config.logging[0m:[36mlog_mcp_event[0m | [1mMCP event: health_check[0m
[32m18:31:18.930[0m | [1mINFO    [0m | [36msrc.api.websocket[0m:[36m_handle_message[0m | [1m🎯 Processing WebSocket message[0m
[32m18:31:18.930[0m | [1mINFO    [0m | [36msrc.api.websocket[0m:[36m_handle_message[0m | [1m🏓 Handling ping for session 7577352c-c49e-4bdf-848b-eed92a99b5c3[0m
[32m18:31:18.930[0m | [1mINFO    [0m | [36msrc.api.websocket[0m:[36m_handle_message[0m | [1m✅ ping handled successfully for session 7577352c-c49e-4bdf-848b-eed92a99b5c3[0m
[32m18:31:19.428[0m | [1mINFO    [0m | [36msrc.config.logging[0m:[36mlog_audio_event[0m | [1mAudio event: stt_streaming_event[0m
[32m18:31:19.470[0m | [1mINFO    [0m | [36msrc.audio.single_utterance_processor[0m:[36mtranscribe_stream[0m | [1mFinal transcript received from stream[0m
[32m18:31:19.470[0m | [1mINFO    [0m | [36msrc.config.logging[0m:[36mlog_audio_event[0m | [1mAudio event: streaming_transcription_success[0m
[32m18:31:19.471[0m | [1mINFO    [0m | [36msrc.api.websocket[0m:[36mon_transcript[0m | [1mSent early transcript: Move down. 5 cm....[0m
[32m18:31:19.471[0m | [1mINFO    [0m | [36msrc.conversation.state_machine[0m:[36mtransition_to[0m | [1mState transition completed[0m
[32m18:31:19.471[0m | [1mINFO    [0m | [36msrc.conversation.single_utterance_engine[0m:[36mprocess_conversation_turn[0m | [1mSpeech transcribed via stream[0m
[32m18:31:20.449[0m | [1mINFO    [0m | [36msrc.conversation.graph.runner[0m:[36mrun_turn[0m | [1m[DIAG] Planner tool decision: tool_name=move, tool_args={'direction': 'down', 'distance': 0.05}[0m
[32m18:31:20.449[0m | [1mINFO    [0m | [36msrc.audio.single_utterance_processor[0m:[36msynthesize[0m | [1mSynthesizing single utterance response[0m
[32m18:31:20.449[0m | [1mINFO    [0m | [36msrc.config.logging[0m:[36mlog_audio_event[0m | [1mAudio event: tts_request[0m
[32m18:31:20.754[0m | [1mINFO    [0m | [36msrc.config.logging[0m:[36mlog_audio_event[0m | [1mAudio event: tts_success[0m
[32m18:31:20.754[0m | [1mINFO    [0m | [36msrc.config.logging[0m:[36mlog_audio_event[0m | [1mAudio event: single_utterance_synthesis[0m
[32m18:31:20.754[0m | [1mINFO    [0m | [36msrc.audio.single_utterance_processor[0m:[36msynthesize[0m | [1mSingle utterance synthesis completed[0m
[32m18:31:20.760[0m | [1mINFO    [0m | [36msrc.api.websocket[0m:[36mon_acknowledgment[0m | [1mSent acknowledgment for session 7577352c-c49e-4bdf-848b-eed92a99b5c3: Ok, moving down.[0m
[32m18:31:20.760[0m | [1mINFO    [0m | [36msrc.conversation.graph.runner[0m:[36mrun_turn[0m | [1mAcknowledgment sent before tool execution[0m
[32m18:31:20.760[0m | [1mINFO    [0m | [36msrc.conversation.graph.executor[0m:[36mexecute[0m | [1mInvoking MCP tool[0m
[32m18:31:20.760[0m | [1mINFO    [0m | [36msrc.conversation.graph.executor[0m:[36mexecute[0m | [1m[DIAG] Calling MCP tool: tool=move, args={'direction': 'down', 'distance': 0.05, 'angle': 15.0}[0m
[32m18:31:20.765[0m | [1mINFO    [0m | [36msrc.mcp.stdio_client[0m:[36m_stderr_loop[0m | [1m[moveit stderr] [DIAG] MCP call_tool: name=move, args={'direction': 'down', 'distance': 0.05, 'angle': 15.0}[0m
[move_group-9] [INFO] [1765409480.772971236] [moveit_move_group_default_capabilities.plan_service_capability]: Received new planning service request...
[move_group-9] [INFO] [1765409480.773140900] [moveit_ros.fix_start_state_bounds]: Starting state is just outside bounds (joint 'joint_6'). Assuming within bounds.
[move_group-9] [INFO] [1765409480.773562721] [moveit.ompl_planning.model_based_planning_context]: Planner configuration 'arm' will use planner 'geometric::RRTConnect'. Additional configuration parameters will be set when the planner is constructed.
[move_group-9] [INFO] [1765409480.797323935] [moveit.ros_planning.planning_pipeline]: Planning adapters have added states at index positions: [ 0 ]
[move_group-9] [INFO] [1765409480.798899538] [moveit_move_group_default_capabilities.execute_trajectory_action_capability]: Received goal request
[move_group-9] [INFO] [1765409480.798952771] [moveit_move_group_default_capabilities.execute_trajectory_action_capability]: Execution request received
[move_group-9] [INFO] [1765409480.798965285] [moveit.plugins.moveit_simple_controller_manager]: Returned 2 controllers in list
[move_group-9] [INFO] [1765409480.798974182] [moveit.plugins.moveit_simple_controller_manager]: Returned 2 controllers in list
[move_group-9] [INFO] [1765409480.799007157] [moveit_ros.trajectory_execution_manager]: Validating trajectory with allowed_start_tolerance 0.01
[move_group-9] [INFO] [1765409480.800073573] [moveit_ros.trajectory_execution_manager]: Starting trajectory execution ...
[move_group-9] [INFO] [1765409480.800098221] [moveit.plugins.moveit_simple_controller_manager]: Returned 2 controllers in list
[move_group-9] [INFO] [1765409480.800108691] [moveit.plugins.moveit_simple_controller_manager]: Returned 2 controllers in list
[move_group-9] [INFO] [1765409480.800181147] [moveit.simple_controller_manager.follow_joint_trajectory_controller_handle]: sending trajectory to joint_trajectory_controller
[ros2_control_node-1] [INFO] [1765409480.800305071] [joint_trajectory_controller]: Received new action goal
[ros2_control_node-1] [INFO] [1765409480.800333325] [joint_trajectory_controller]: Accepted new action goal
[move_group-9] [INFO] [1765409480.800415483] [moveit.simple_controller_manager.follow_joint_trajectory_controller_handle]: joint_trajectory_controller started execution
[move_group-9] [INFO] [1765409480.800425194] [moveit.simple_controller_manager.follow_joint_trajectory_controller_handle]: Goal request accepted!
[ros2_control_node-1] [INFO] [1765409483.658025064] [joint_trajectory_controller]: Goal reached, success!
[move_group-9] [INFO] [1765409483.700611577] [moveit.simple_controller_manager.follow_joint_trajectory_controller_handle]: Controller 'joint_trajectory_controller' successfully finished
[move_group-9] [INFO] [1765409483.703067486] [moveit_ros.trajectory_execution_manager]: Completed trajectory execution with status SUCCEEDED ...
[move_group-9] [INFO] [1765409483.703139124] [moveit_move_group_default_capabilities.execute_trajectory_action_capability]: Execution completed: SUCCEEDED
[32m18:31:23.707[0m | [1mINFO    [0m | [36msrc.config.logging[0m:[36mlog_mcp_event[0m | [1mMCP event: tool_invoked[0m
[32m18:31:23.708[0m | [1mINFO    [0m | [36msrc.conversation.graph.executor[0m:[36mexecute[0m | [1m[DIAG] MCP response: tool=move, result={'content': [{'type': 'text', 'text': '{\n  "success": true,\n  "message": "Moved to pose (-0.141, 0.402, 0.201)",\n  "start_pose": {\n    "x": -0.1413,\n    "y": 0.4017,\n    "z": 0.2509\n  },\n  "end_pose": {\n    "x": -0.1416,\n    "y": 0.4022,\n    "z": 0.1998\n  },\n  "duration_ms": 2939.16,\n [0m
[32m18:31:23.708[0m | [1mINFO    [0m | [36msrc.conversation.graph.runner[0m:[36mrun_turn[0m | [1mVerification required after tool execution[0m
[32m18:31:23.708[0m | [1mINFO    [0m | [36msrc.audio.single_utterance_processor[0m:[36msynthesize[0m | [1mSynthesizing single utterance response[0m
[32m18:31:23.709[0m | [1mINFO    [0m | [36msrc.config.logging[0m:[36mlog_audio_event[0m | [1mAudio event: tts_request[0m
[32m18:31:24.133[0m | [1mINFO    [0m | [36msrc.config.logging[0m:[36mlog_audio_event[0m | [1mAudio event: tts_success[0m
[32m18:31:24.133[0m | [1mINFO    [0m | [36msrc.config.logging[0m:[36mlog_audio_event[0m | [1mAudio event: single_utterance_synthesis[0m
[32m18:31:24.133[0m | [1mINFO    [0m | [36msrc.audio.single_utterance_processor[0m:[36msynthesize[0m | [1mSingle utterance synthesis completed[0m
[32m18:31:24.133[0m | [1mINFO    [0m | [36msrc.conversation.graph.responder[0m:[36mrespond[0m | [1mResponder prepared final output[0m
[32m18:31:24.134[0m | [1mINFO    [0m | [36msrc.conversation.state_machine[0m:[36mtransition_to[0m | [1mState transition completed[0m
[32m18:31:24.137[0m | [1mINFO    [0m | [36msrc.conversation.models[0m:[36mlog_snapshot[0m | [1mTurn metrics updated[0m
[32m18:31:24.138[0m | [1mINFO    [0m | [36msrc.config.logging[0m:[36mlog_conversation_event[0m | [1mConversation event: turn_complete[0m
[32m18:31:24.138[0m | [1mINFO    [0m | [36msrc.conversation.state_machine[0m:[36mtransition_to[0m | [1mState transition completed[0m
[32m18:31:24.143[0m | [1mINFO    [0m | [36msrc.api.websocket[0m:[36m_send_conversation_result[0m | [1mConversation turn completed for session 7577352c-c49e-4bdf-848b-eed92a99b5c3[0m
[32m18:31:24.144[0m | [1mINFO    [0m | [36msrc.api.websocket[0m:[36m_process_streaming_turn[0m | [1mStarting streaming turn for session 7577352c-c49e-4bdf-848b-eed92a99b5c3[0m
[32m18:31:24.144[0m | [1mINFO    [0m | [36msrc.config.logging[0m:[36mlog_conversation_event[0m | [1mConversation event: turn_start[0m
[32m18:31:24.144[0m | [1mINFO    [0m | [36msrc.conversation.state_machine[0m:[36mtransition_to[0m | [1mState transition completed[0m
[32m18:31:24.144[0m | [1mINFO    [0m | [36msrc.config.logging[0m:[36mlog_audio_event[0m | [1mAudio event: streaming_transcription_start[0m
[32m18:31:24.144[0m | [1mINFO    [0m | [36msrc.audio.single_utterance_processor[0m:[36mtranscribe_stream[0m | [1mStarting real-time stream transcription with V2 Recognizer...[0m
[32m18:31:24.144[0m | [1mINFO    [0m | [36msrc.config.logging[0m:[36mlog_audio_event[0m | [1mAudio event: stt_streaming_start[0m
[32m18:31:35.101[0m | [1mINFO    [0m | [36msrc.config.logging[0m:[36mlog_audio_event[0m | [1mAudio event: stt_streaming_event[0m
[32m18:31:35.139[0m | [1mINFO    [0m | [36msrc.audio.single_utterance_processor[0m:[36mtranscribe_stream[0m | [1mFinal transcript received from stream[0m
[32m18:31:35.139[0m | [1mINFO    [0m | [36msrc.config.logging[0m:[36mlog_audio_event[0m | [1mAudio event: streaming_transcription_success[0m
[32m18:31:35.140[0m | [1mINFO    [0m | [36msrc.api.websocket[0m:[36mon_transcript[0m | [1mSent early transcript: Move forward to centimeters....[0m
[32m18:31:35.140[0m | [1mINFO    [0m | [36msrc.conversation.state_machine[0m:[36mtransition_to[0m | [1mState transition completed[0m
[32m18:31:35.140[0m | [1mINFO    [0m | [36msrc.conversation.single_utterance_engine[0m:[36mprocess_conversation_turn[0m | [1mSpeech transcribed via stream[0m
[32m18:31:35.140[0m | [1mINFO    [0m | [36msrc.conversation.graph.runner[0m:[36mrun_turn[0m | [1mVerification pending - passing to planner for LLM classification[0m
[32m18:31:36.217[0m | [1mINFO    [0m | [36msrc.conversation.graph.runner[0m:[36mrun_turn[0m | [1mPhase 11: Processing verification response via LLM[0m
[32m18:31:36.218[0m | [1mINFO    [0m | [36msrc.conversation.graph.runner[0m:[36mrun_turn[0m | [1mNew instruction during verification, proceeding with tool[0m
[32m18:31:36.218[0m | [1mINFO    [0m | [36msrc.conversation.graph.runner[0m:[36mrun_turn[0m | [1m[DIAG] Planner tool decision: tool_name=move, tool_args={'direction': 'forward', 'distance': 0.02}[0m
[32m18:31:36.218[0m | [1mINFO    [0m | [36msrc.audio.single_utterance_processor[0m:[36msynthesize[0m | [1mSynthesizing single utterance response[0m
[32m18:31:36.218[0m | [1mINFO    [0m | [36msrc.config.logging[0m:[36mlog_audio_event[0m | [1mAudio event: tts_request[0m
[32m18:31:36.428[0m | [1mINFO    [0m | [36msrc.config.logging[0m:[36mlog_audio_event[0m | [1mAudio event: tts_success[0m
[32m18:31:36.429[0m | [1mINFO    [0m | [36msrc.config.logging[0m:[36mlog_audio_event[0m | [1mAudio event: single_utterance_synthesis[0m
[32m18:31:36.429[0m | [1mINFO    [0m | [36msrc.audio.single_utterance_processor[0m:[36msynthesize[0m | [1mSingle utterance synthesis completed[0m
[32m18:31:36.437[0m | [1mINFO    [0m | [36msrc.api.websocket[0m:[36mon_acknowledgment[0m | [1mSent acknowledgment for session 7577352c-c49e-4bdf-848b-eed92a99b5c3: Ok, moving forward.[0m
[32m18:31:36.437[0m | [1mINFO    [0m | [36msrc.conversation.graph.runner[0m:[36mrun_turn[0m | [1mAcknowledgment sent before tool execution[0m
[32m18:31:36.437[0m | [1mINFO    [0m | [36msrc.conversation.graph.executor[0m:[36mexecute[0m | [1mInvoking MCP tool[0m
[32m18:31:36.437[0m | [1mINFO    [0m | [36msrc.conversation.graph.executor[0m:[36mexecute[0m | [1m[DIAG] Calling MCP tool: tool=move, args={'direction': 'forward', 'distance': 0.02, 'angle': 15.0}[0m
[32m18:31:36.441[0m | [1mINFO    [0m | [36msrc.mcp.stdio_client[0m:[36m_stderr_loop[0m | [1m[moveit stderr] [DIAG] MCP call_tool: name=move, args={'direction': 'forward', 'distance': 0.02, 'angle': 15.0}[0m
[move_group-9] [INFO] [1765409496.450117345] [moveit_move_group_default_capabilities.plan_service_capability]: Received new planning service request...
[move_group-9] [INFO] [1765409496.450913761] [moveit.ompl_planning.model_based_planning_context]: Planner configuration 'arm' will use planner 'geometric::RRTConnect'. Additional configuration parameters will be set when the planner is constructed.
[move_group-9] [INFO] [1765409496.471159874] [moveit_move_group_default_capabilities.execute_trajectory_action_capability]: Received goal request
[move_group-9] [INFO] [1765409496.471257182] [moveit_move_group_default_capabilities.execute_trajectory_action_capability]: Execution request received
[move_group-9] [INFO] [1765409496.471284521] [moveit.plugins.moveit_simple_controller_manager]: Returned 2 controllers in list
[move_group-9] [INFO] [1765409496.471303370] [moveit.plugins.moveit_simple_controller_manager]: Returned 2 controllers in list
[move_group-9] [INFO] [1765409496.471352336] [moveit_ros.trajectory_execution_manager]: Validating trajectory with allowed_start_tolerance 0.01
[move_group-9] [INFO] [1765409496.473258216] [moveit_ros.trajectory_execution_manager]: Starting trajectory execution ...
[move_group-9] [INFO] [1765409496.473309391] [moveit.plugins.moveit_simple_controller_manager]: Returned 2 controllers in list
[move_group-9] [INFO] [1765409496.473355110] [moveit.plugins.moveit_simple_controller_manager]: Returned 2 controllers in list
[move_group-9] [INFO] [1765409496.473457780] [moveit.simple_controller_manager.follow_joint_trajectory_controller_handle]: sending trajectory to joint_trajectory_controller
[ros2_control_node-1] [INFO] [1765409496.473778297] [joint_trajectory_controller]: Received new action goal
[ros2_control_node-1] [INFO] [1765409496.473844819] [joint_trajectory_controller]: Accepted new action goal
[move_group-9] [INFO] [1765409496.474012213] [moveit.simple_controller_manager.follow_joint_trajectory_controller_handle]: joint_trajectory_controller started execution
[move_group-9] [INFO] [1765409496.474025602] [moveit.simple_controller_manager.follow_joint_trajectory_controller_handle]: Goal request accepted!
[ros2_control_node-1] [INFO] [1765409501.327017951] [joint_trajectory_controller]: Goal reached, success!
[move_group-9] [INFO] [1765409501.374312892] [moveit.simple_controller_manager.follow_joint_trajectory_controller_handle]: Controller 'joint_trajectory_controller' successfully finished
[move_group-9] [INFO] [1765409501.377047940] [moveit_ros.trajectory_execution_manager]: Completed trajectory execution with status SUCCEEDED ...
[move_group-9] [INFO] [1765409501.377104697] [moveit_move_group_default_capabilities.execute_trajectory_action_capability]: Execution completed: SUCCEEDED
[32m18:31:41.380[0m | [1mINFO    [0m | [36msrc.config.logging[0m:[36mlog_mcp_event[0m | [1mMCP event: tool_invoked[0m
[32m18:31:41.381[0m | [1mINFO    [0m | [36msrc.conversation.graph.executor[0m:[36mexecute[0m | [1m[DIAG] MCP response: tool=move, result={'content': [{'type': 'text', 'text': '{\n  "success": true,\n  "message": "Moved to pose (-0.122, 0.402, 0.200)",\n  "start_pose": {\n    "x": -0.1416,\n    "y": 0.4022,\n    "z": 0.1998\n  },\n  "end_pose": {\n    "x": -0.1214,\n    "y": 0.4016,\n    "z": 0.1996\n  },\n  "duration_ms": 4936.69,\n [0m
[32m18:31:41.381[0m | [1mINFO    [0m | [36msrc.conversation.graph.runner[0m:[36mrun_turn[0m | [1mVerification required after tool execution[0m
[32m18:31:41.381[0m | [1mINFO    [0m | [36msrc.audio.single_utterance_processor[0m:[36msynthesize[0m | [1mSynthesizing single utterance response[0m
[32m18:31:41.381[0m | [1mINFO    [0m | [36msrc.config.logging[0m:[36mlog_audio_event[0m | [1mAudio event: tts_request[0m
[32m18:31:41.951[0m | [1mINFO    [0m | [36msrc.config.logging[0m:[36mlog_audio_event[0m | [1mAudio event: tts_success[0m
[32m18:31:41.951[0m | [1mINFO    [0m | [36msrc.config.logging[0m:[36mlog_audio_event[0m | [1mAudio event: single_utterance_synthesis[0m
[32m18:31:41.951[0m | [1mINFO    [0m | [36msrc.audio.single_utterance_processor[0m:[36msynthesize[0m | [1mSingle utterance synthesis completed[0m
[32m18:31:41.951[0m | [1mINFO    [0m | [36msrc.conversation.graph.responder[0m:[36mrespond[0m | [1mResponder prepared final output[0m
[32m18:31:41.952[0m | [1mINFO    [0m | [36msrc.conversation.state_machine[0m:[36mtransition_to[0m | [1mState transition completed[0m
[32m18:31:41.966[0m | [1mINFO    [0m | [36msrc.conversation.models[0m:[36mlog_snapshot[0m | [1mTurn metrics updated[0m
[32m18:31:41.966[0m | [1mINFO    [0m | [36msrc.config.logging[0m:[36mlog_conversation_event[0m | [1mConversation event: turn_complete[0m
[32m18:31:41.966[0m | [1mINFO    [0m | [36msrc.conversation.state_machine[0m:[36mtransition_to[0m | [1mState transition completed[0m
[32m18:31:41.975[0m | [1mINFO    [0m | [36msrc.api.websocket[0m:[36m_send_conversation_result[0m | [1mConversation turn completed for session 7577352c-c49e-4bdf-848b-eed92a99b5c3[0m
[32m18:31:41.975[0m | [1mINFO    [0m | [36msrc.api.websocket[0m:[36m_process_streaming_turn[0m | [1mStarting streaming turn for session 7577352c-c49e-4bdf-848b-eed92a99b5c3[0m
[32m18:31:41.975[0m | [1mINFO    [0m | [36msrc.config.logging[0m:[36mlog_conversation_event[0m | [1mConversation event: turn_start[0m
[32m18:31:41.976[0m | [1mINFO    [0m | [36msrc.conversation.state_machine[0m:[36mtransition_to[0m | [1mState transition completed[0m
[32m18:31:41.976[0m | [1mINFO    [0m | [36msrc.config.logging[0m:[36mlog_audio_event[0m | [1mAudio event: streaming_transcription_start[0m
[32m18:31:41.976[0m | [1mINFO    [0m | [36msrc.audio.single_utterance_processor[0m:[36mtranscribe_stream[0m | [1mStarting real-time stream transcription with V2 Recognizer...[0m
[32m18:31:41.976[0m | [1mINFO    [0m | [36msrc.config.logging[0m:[36mlog_audio_event[0m | [1mAudio event: stt_streaming_start[0m
[32m18:31:48.764[0m | [1mINFO    [0m | [36msrc.config.logging[0m:[36mlog_audio_event[0m | [1mAudio event: stt_streaming_event[0m
[32m18:31:48.805[0m | [1mINFO    [0m | [36msrc.audio.single_utterance_processor[0m:[36mtranscribe_stream[0m | [1mFinal transcript received from stream[0m
[32m18:31:48.805[0m | [1mINFO    [0m | [36msrc.config.logging[0m:[36mlog_audio_event[0m | [1mAudio event: streaming_transcription_success[0m
[32m18:31:48.806[0m | [1mINFO    [0m | [36msrc.api.websocket[0m:[36mon_transcript[0m | [1mSent early transcript: Rotate the gripper clockwise by 180°....[0m
[32m18:31:48.806[0m | [1mINFO    [0m | [36msrc.conversation.state_machine[0m:[36mtransition_to[0m | [1mState transition completed[0m
[32m18:31:48.806[0m | [1mINFO    [0m | [36msrc.conversation.single_utterance_engine[0m:[36mprocess_conversation_turn[0m | [1mSpeech transcribed via stream[0m
[32m18:31:48.806[0m | [1mINFO    [0m | [36msrc.conversation.graph.runner[0m:[36mrun_turn[0m | [1mVerification pending - passing to planner for LLM classification[0m
[32m18:31:49.733[0m | [1mINFO    [0m | [36msrc.conversation.graph.runner[0m:[36mrun_turn[0m | [1mPhase 11: Processing verification response via LLM[0m
[32m18:31:49.734[0m | [1mINFO    [0m | [36msrc.conversation.graph.runner[0m:[36mrun_turn[0m | [1mNew instruction during verification, proceeding with tool[0m
[32m18:31:49.734[0m | [1mINFO    [0m | [36msrc.conversation.graph.runner[0m:[36mrun_turn[0m | [1m[DIAG] Planner tool decision: tool_name=rotate_gripper, tool_args={'direction': 'cw', 'angle': 180.0}[0m
[32m18:31:49.734[0m | [1mINFO    [0m | [36msrc.audio.single_utterance_processor[0m:[36msynthesize[0m | [1mSynthesizing single utterance response[0m
[32m18:31:49.734[0m | [1mINFO    [0m | [36msrc.config.logging[0m:[36mlog_audio_event[0m | [1mAudio event: tts_request[0m
[32m18:31:49.736[0m | [1mINFO    [0m | [36msrc.api.websocket[0m:[36m_handle_message[0m | [1m🎯 Processing WebSocket message[0m
[32m18:31:49.736[0m | [1mINFO    [0m | [36msrc.api.websocket[0m:[36m_handle_message[0m | [1m🏓 Handling ping for session 7577352c-c49e-4bdf-848b-eed92a99b5c3[0m
[32m18:31:49.736[0m | [1mINFO    [0m | [36msrc.api.websocket[0m:[36m_handle_message[0m | [1m✅ ping handled successfully for session 7577352c-c49e-4bdf-848b-eed92a99b5c3[0m
[32m18:31:49.894[0m | [1mINFO    [0m | [36msrc.config.logging[0m:[36mlog_audio_event[0m | [1mAudio event: tts_success[0m
[32m18:31:49.894[0m | [1mINFO    [0m | [36msrc.config.logging[0m:[36mlog_audio_event[0m | [1mAudio event: single_utterance_synthesis[0m
[32m18:31:49.895[0m | [1mINFO    [0m | [36msrc.audio.single_utterance_processor[0m:[36msynthesize[0m | [1mSingle utterance synthesis completed[0m
[32m18:31:49.899[0m | [1mINFO    [0m | [36msrc.api.websocket[0m:[36mon_acknowledgment[0m | [1mSent acknowledgment for session 7577352c-c49e-4bdf-848b-eed92a99b5c3: Ok, working on that.[0m
[32m18:31:49.899[0m | [1mINFO    [0m | [36msrc.conversation.graph.runner[0m:[36mrun_turn[0m | [1mAcknowledgment sent before tool execution[0m
[32m18:31:49.899[0m | [1mINFO    [0m | [36msrc.conversation.graph.executor[0m:[36mexecute[0m | [1mInvoking MCP tool[0m
[32m18:31:49.899[0m | [1mINFO    [0m | [36msrc.conversation.graph.executor[0m:[36mexecute[0m | [1m[DIAG] Calling MCP tool: tool=rotate_gripper, args={'direction': 'cw', 'angle': 180.0}[0m
[32m18:31:49.901[0m | [1mINFO    [0m | [36msrc.mcp.stdio_client[0m:[36m_stderr_loop[0m | [1m[moveit stderr] [DIAG] MCP call_tool: name=rotate_gripper, args={'direction': 'cw', 'angle': 180.0}[0m
[ros2_control_node-1] [INFO] [1765409509.903003291] [joint_trajectory_controller]: Received new action goal
[ros2_control_node-1] [INFO] [1765409509.903037908] [joint_trajectory_controller]: Accepted new action goal
[ros2_control_node-1] [INFO] [1765409511.905038564] [joint_trajectory_controller]: Goal reached, success!
[ros2_control_node-1] [INFO] [1765409520.922987807] [joint_trajectory_controller]: Received new action goal
[ros2_control_node-1] [INFO] [1765409520.923049180] [joint_trajectory_controller]: Accepted new action goal
[ros2_control_node-1] [INFO] [1765409522.925016252] [joint_trajectory_controller]: Goal reached, success!
[ros2_control_node-1] [INFO] [1765409531.943990531] [joint_trajectory_controller]: Received new action goal
[ros2_control_node-1] [INFO] [1765409531.944045135] [joint_trajectory_controller]: Accepted new action goal
[ros2_control_node-1] [INFO] [1765409533.946047813] [joint_trajectory_controller]: Goal reached, success!
[32m18:32:18.930[0m | [1mINFO    [0m | [36msrc.api.websocket[0m:[36m_handle_message[0m | [1m🎯 Processing WebSocket message[0m
[32m18:32:18.930[0m | [1mINFO    [0m | [36msrc.api.websocket[0m:[36m_handle_message[0m | [1m🏓 Handling ping for session 7577352c-c49e-4bdf-848b-eed92a99b5c3[0m
[32m18:32:18.930[0m | [1mINFO    [0m | [36msrc.api.websocket[0m:[36m_handle_message[0m | [1m✅ ping handled successfully for session 7577352c-c49e-4bdf-848b-eed92a99b5c3[0m
[32m18:32:20.375[0m | [33m[1mWARNING [0m | [36msrc.mcp.stdio_client[0m:[36mhealth_check[0m | [33m[1mHealth check timeout for moveit[0m
[32m18:32:21.964[0m | [1mINFO    [0m | [36msrc.config.logging[0m:[36mlog_mcp_event[0m | [1mMCP event: tool_invoked[0m
[32m18:32:21.964[0m | [1mINFO    [0m | [36msrc.conversation.graph.executor[0m:[36mexecute[0m | [1m[DIAG] MCP response: tool=rotate_gripper, result={'content': [{'type': 'text', 'text': '{\n  "success": false,\n  "message": "Timeout waiting for goal acceptance",\n  "direction": "cw",\n  "angle_degrees": 180.0,\n  "start_joint_6_rad": 2.1539,\n  "end_joint_6_rad": -0.9877,\n  "actual_rotation_deg": -180.0,\n  "duration_ms": 32059.46\n}'}], 'isEr[0m
[32m18:32:21.965[0m | [33m[1mWARNING [0m | [36msrc.conversation.graph.executor[0m:[36mexecute[0m | [33m[1mTool reported error payload[0m
[32m18:32:21.965[0m | [33m[1mWARNING [0m | [36msrc.conversation.graph.runner[0m:[36mrun_turn[0m | [33m[1mTool execution failed - stopping turn[0m
[32m18:32:21.965[0m | [1mINFO    [0m | [36msrc.audio.single_utterance_processor[0m:[36msynthesize[0m | [1mSynthesizing single utterance response[0m
[32m18:32:21.965[0m | [1mINFO    [0m | [36msrc.config.logging[0m:[36mlog_audio_event[0m | [1mAudio event: tts_request[0m
[32m18:32:22.274[0m | [1mINFO    [0m | [36msrc.config.logging[0m:[36mlog_audio_event[0m | [1mAudio event: tts_success[0m
[32m18:32:22.275[0m | [1mINFO    [0m | [36msrc.config.logging[0m:[36mlog_audio_event[0m | [1mAudio event: single_utterance_synthesis[0m
[32m18:32:22.275[0m | [1mINFO    [0m | [36msrc.audio.single_utterance_processor[0m:[36msynthesize[0m | [1mSingle utterance synthesis completed[0m
[32m18:32:22.275[0m | [1mINFO    [0m | [36msrc.conversation.graph.responder[0m:[36mrespond[0m | [1mResponder prepared final output[0m
[32m18:32:22.275[0m | [1mINFO    [0m | [36msrc.conversation.state_machine[0m:[36mtransition_to[0m | [1mState transition completed[0m
[32m18:32:22.287[0m | [1mINFO    [0m | [36msrc.conversation.models[0m:[36mlog_snapshot[0m | [1mTurn metrics updated[0m
[32m18:32:22.288[0m | [1mINFO    [0m | [36msrc.config.logging[0m:[36mlog_conversation_event[0m | [1mConversation event: turn_complete[0m
[32m18:32:22.288[0m | [1mINFO    [0m | [36msrc.conversation.state_machine[0m:[36mtransition_to[0m | [1mState transition completed[0m
[32m18:32:22.299[0m | [1mINFO    [0m | [36msrc.api.websocket[0m:[36m_send_conversation_result[0m | [1mConversation turn completed for session 7577352c-c49e-4bdf-848b-eed92a99b5c3[0m
[32m18:32:22.299[0m | [1mINFO    [0m | [36msrc.api.websocket[0m:[36m_process_streaming_turn[0m | [1mStarting streaming turn for session 7577352c-c49e-4bdf-848b-eed92a99b5c3[0m
[32m18:32:22.299[0m | [1mINFO    [0m | [36msrc.config.logging[0m:[36mlog_conversation_event[0m | [1mConversation event: turn_start[0m
[32m18:32:22.299[0m | [1mINFO    [0m | [36msrc.conversation.state_machine[0m:[36mtransition_to[0m | [1mState transition completed[0m
[32m18:32:22.299[0m | [1mINFO    [0m | [36msrc.config.logging[0m:[36mlog_audio_event[0m | [1mAudio event: streaming_transcription_start[0m
[32m18:32:22.299[0m | [1mINFO    [0m | [36msrc.audio.single_utterance_processor[0m:[36mtranscribe_stream[0m | [1mStarting real-time stream transcription with V2 Recognizer...[0m
[32m18:32:22.299[0m | [1mINFO    [0m | [36msrc.config.logging[0m:[36mlog_audio_event[0m | [1mAudio event: stt_streaming_start[0m
[32m18:32:30.641[0m | [1mINFO    [0m | [36msrc.config.logging[0m:[36mlog_audio_event[0m | [1mAudio event: stt_streaming_event[0m
[32m18:32:30.693[0m | [1mINFO    [0m | [36msrc.audio.single_utterance_processor[0m:[36mtranscribe_stream[0m | [1mFinal transcript received from stream[0m
[32m18:32:30.694[0m | [1mINFO    [0m | [36msrc.config.logging[0m:[36mlog_audio_event[0m | [1mAudio event: streaming_transcription_success[0m
[32m18:32:30.694[0m | [1mINFO    [0m | [36msrc.api.websocket[0m:[36mon_transcript[0m | [1mSent early transcript: Rotate the gripper clockwise by 90°....[0m
[32m18:32:30.694[0m | [1mINFO    [0m | [36msrc.conversation.state_machine[0m:[36mtransition_to[0m | [1mState transition completed[0m
[32m18:32:30.694[0m | [1mINFO    [0m | [36msrc.conversation.single_utterance_engine[0m:[36mprocess_conversation_turn[0m | [1mSpeech transcribed via stream[0m
[32m18:32:31.718[0m | [1mINFO    [0m | [36msrc.conversation.graph.runner[0m:[36mrun_turn[0m | [1m[DIAG] Planner tool decision: tool_name=rotate_gripper, tool_args={'direction': 'cw', 'angle': 90.0}[0m
[32m18:32:31.718[0m | [1mINFO    [0m | [36msrc.audio.single_utterance_processor[0m:[36msynthesize[0m | [1mSynthesizing single utterance response[0m
[32m18:32:31.718[0m | [1mINFO    [0m | [36msrc.config.logging[0m:[36mlog_audio_event[0m | [1mAudio event: tts_request[0m
[32m18:32:31.923[0m | [1mINFO    [0m | [36msrc.config.logging[0m:[36mlog_audio_event[0m | [1mAudio event: tts_success[0m
[32m18:32:31.923[0m | [1mINFO    [0m | [36msrc.config.logging[0m:[36mlog_audio_event[0m | [1mAudio event: single_utterance_synthesis[0m
[32m18:32:31.923[0m | [1mINFO    [0m | [36msrc.audio.single_utterance_processor[0m:[36msynthesize[0m | [1mSingle utterance synthesis completed[0m
[32m18:32:31.927[0m | [1mINFO    [0m | [36msrc.api.websocket[0m:[36mon_acknowledgment[0m | [1mSent acknowledgment for session 7577352c-c49e-4bdf-848b-eed92a99b5c3: Ok, working on that.[0m
[32m18:32:31.927[0m | [1mINFO    [0m | [36msrc.conversation.graph.runner[0m:[36mrun_turn[0m | [1mAcknowledgment sent before tool execution[0m
[32m18:32:31.927[0m | [1mINFO    [0m | [36msrc.conversation.graph.executor[0m:[36mexecute[0m | [1mInvoking MCP tool[0m
[32m18:32:31.927[0m | [1mINFO    [0m | [36msrc.conversation.graph.executor[0m:[36mexecute[0m | [1m[DIAG] Calling MCP tool: tool=rotate_gripper, args={'direction': 'cw', 'angle': 90.0}[0m
[32m18:32:31.929[0m | [1mINFO    [0m | [36msrc.mcp.stdio_client[0m:[36m_stderr_loop[0m | [1m[moveit stderr] [DIAG] MCP call_tool: name=rotate_gripper, args={'direction': 'cw', 'angle': 90.0}[0m
[ros2_control_node-1] [INFO] [1765409551.929888552] [joint_trajectory_controller]: Received new action goal
[ros2_control_node-1] [INFO] [1765409551.929919209] [joint_trajectory_controller]: Accepted new action goal
[ros2_control_node-1] [INFO] [1765409553.931016137] [joint_trajectory_controller]: Goal reached, success!
[ros2_control_node-1] [INFO] [1765409562.949812042] [joint_trajectory_controller]: Received new action goal
[ros2_control_node-1] [INFO] [1765409562.949844864] [joint_trajectory_controller]: Accepted new action goal
[ros2_control_node-1] [INFO] [1765409564.950137616] [joint_trajectory_controller]: Goal reached, success!
[32m18:32:48.929[0m | [1mINFO    [0m | [36msrc.api.websocket[0m:[36m_handle_message[0m | [1m🎯 Processing WebSocket message[0m
[32m18:32:48.930[0m | [1mINFO    [0m | [36msrc.api.websocket[0m:[36m_handle_message[0m | [1m🏓 Handling ping for session 7577352c-c49e-4bdf-848b-eed92a99b5c3[0m
[32m18:32:48.930[0m | [1mINFO    [0m | [36msrc.api.websocket[0m:[36m_handle_message[0m | [1m✅ ping handled successfully for session 7577352c-c49e-4bdf-848b-eed92a99b5c3[0m
[ros2_control_node-1] [INFO] [1765409573.969945249] [joint_trajectory_controller]: Received new action goal
[ros2_control_node-1] [INFO] [1765409573.969983123] [joint_trajectory_controller]: Accepted new action goal
[ros2_control_node-1] [INFO] [1765409575.972012986] [joint_trajectory_controller]: Goal reached, success!
[32m18:33:03.989[0m | [1mINFO    [0m | [36msrc.config.logging[0m:[36mlog_mcp_event[0m | [1mMCP event: tool_invoked[0m
[32m18:33:03.989[0m | [1mINFO    [0m | [36msrc.conversation.graph.executor[0m:[36mexecute[0m | [1m[DIAG] MCP response: tool=rotate_gripper, result={'content': [{'type': 'text', 'text': '{\n  "success": false,\n  "message": "Timeout waiting for goal acceptance",\n  "direction": "cw",\n  "angle_degrees": 90.0,\n  "start_joint_6_rad": 2.1539,\n  "end_joint_6_rad": 0.5831,\n  "actual_rotation_deg": -90.0,\n  "duration_ms": 32058.35\n}'}], 'isError[0m
[32m18:33:03.989[0m | [33m[1mWARNING [0m | [36msrc.conversation.graph.executor[0m:[36mexecute[0m | [33m[1mTool reported error payload[0m
[32m18:33:03.989[0m | [33m[1mWARNING [0m | [36msrc.conversation.graph.runner[0m:[36mrun_turn[0m | [33m[1mTool execution failed - stopping turn[0m
[32m18:33:03.989[0m | [1mINFO    [0m | [36msrc.audio.single_utterance_processor[0m:[36msynthesize[0m | [1mSynthesizing single utterance response[0m
[32m18:33:03.989[0m | [1mINFO    [0m | [36msrc.config.logging[0m:[36mlog_audio_event[0m | [1mAudio event: tts_request[0m
[32m18:33:04.385[0m | [1mINFO    [0m | [36msrc.config.logging[0m:[36mlog_audio_event[0m | [1mAudio event: tts_success[0m
[32m18:33:04.386[0m | [1mINFO    [0m | [36msrc.config.logging[0m:[36mlog_audio_event[0m | [1mAudio event: single_utterance_synthesis[0m
[32m18:33:04.386[0m | [1mINFO    [0m | [36msrc.audio.single_utterance_processor[0m:[36msynthesize[0m | [1mSingle utterance synthesis completed[0m
[32m18:33:04.386[0m | [1mINFO    [0m | [36msrc.conversation.graph.responder[0m:[36mrespond[0m | [1mResponder prepared final output[0m
[32m18:33:04.386[0m | [1mINFO    [0m | [36msrc.conversation.state_machine[0m:[36mtransition_to[0m | [1mState transition completed[0m
[32m18:33:04.397[0m | [1mINFO    [0m | [36msrc.conversation.models[0m:[36mlog_snapshot[0m | [1mTurn metrics updated[0m
[32m18:33:04.397[0m | [1mINFO    [0m | [36msrc.config.logging[0m:[36mlog_conversation_event[0m | [1mConversation event: turn_complete[0m
[32m18:33:04.397[0m | [1mINFO    [0m | [36msrc.conversation.state_machine[0m:[36mtransition_to[0m | [1mState transition completed[0m
[32m18:33:04.407[0m | [1mINFO    [0m | [36msrc.api.websocket[0m:[36m_send_conversation_result[0m | [1mConversation turn completed for session 7577352c-c49e-4bdf-848b-eed92a99b5c3[0m
[32m18:33:04.407[0m | [1mINFO    [0m | [36msrc.api.websocket[0m:[36m_process_streaming_turn[0m | [1mStarting streaming turn for session 7577352c-c49e-4bdf-848b-eed92a99b5c3[0m
[32m18:33:04.407[0m | [1mINFO    [0m | [36msrc.config.logging[0m:[36mlog_conversation_event[0m | [1mConversation event: turn_start[0m
[32m18:33:04.407[0m | [1mINFO    [0m | [36msrc.conversation.state_machine[0m:[36mtransition_to[0m | [1mState transition completed[0m
[32m18:33:04.407[0m | [1mINFO    [0m | [36msrc.config.logging[0m:[36mlog_audio_event[0m | [1mAudio event: streaming_transcription_start[0m
[32m18:33:04.407[0m | [1mINFO    [0m | [36msrc.audio.single_utterance_processor[0m:[36mtranscribe_stream[0m | [1mStarting real-time stream transcription with V2 Recognizer...[0m
[32m18:33:04.407[0m | [1mINFO    [0m | [36msrc.config.logging[0m:[36mlog_audio_event[0m | [1mAudio event: stt_streaming_start[0m
[32m18:33:12.467[0m | [1mINFO    [0m | [36msrc.config.logging[0m:[36mlog_audio_event[0m | [1mAudio event: stt_streaming_event[0m
[32m18:33:12.524[0m | [1mINFO    [0m | [36msrc.audio.single_utterance_processor[0m:[36mtranscribe_stream[0m | [1mFinal transcript received from stream[0m
[32m18:33:12.525[0m | [1mINFO    [0m | [36msrc.config.logging[0m:[36mlog_audio_event[0m | [1mAudio event: streaming_transcription_success[0m
[32m18:33:12.525[0m | [1mINFO    [0m | [36msrc.api.websocket[0m:[36mon_transcript[0m | [1mSent early transcript: Move forward a little bit 1. Cm...[0m
[32m18:33:12.525[0m | [1mINFO    [0m | [36msrc.conversation.state_machine[0m:[36mtransition_to[0m | [1mState transition completed[0m
[32m18:33:12.525[0m | [1mINFO    [0m | [36msrc.conversation.single_utterance_engine[0m:[36mprocess_conversation_turn[0m | [1mSpeech transcribed via stream[0m
[32m18:33:13.676[0m | [1mINFO    [0m | [36msrc.conversation.graph.runner[0m:[36mrun_turn[0m | [1m[DIAG] Planner tool decision: tool_name=move, tool_args={'direction': 'forward', 'distance': 0.01}[0m
[32m18:33:13.676[0m | [1mINFO    [0m | [36msrc.audio.single_utterance_processor[0m:[36msynthesize[0m | [1mSynthesizing single utterance response[0m
[32m18:33:13.676[0m | [1mINFO    [0m | [36msrc.config.logging[0m:[36mlog_audio_event[0m | [1mAudio event: tts_request[0m
[32m18:33:13.875[0m | [1mINFO    [0m | [36msrc.config.logging[0m:[36mlog_audio_event[0m | [1mAudio event: tts_success[0m
[32m18:33:13.875[0m | [1mINFO    [0m | [36msrc.config.logging[0m:[36mlog_audio_event[0m | [1mAudio event: single_utterance_synthesis[0m
[32m18:33:13.875[0m | [1mINFO    [0m | [36msrc.audio.single_utterance_processor[0m:[36msynthesize[0m | [1mSingle utterance synthesis completed[0m
[32m18:33:13.881[0m | [1mINFO    [0m | [36msrc.api.websocket[0m:[36mon_acknowledgment[0m | [1mSent acknowledgment for session 7577352c-c49e-4bdf-848b-eed92a99b5c3: Ok, moving forward.[0m
[32m18:33:13.881[0m | [1mINFO    [0m | [36msrc.conversation.graph.runner[0m:[36mrun_turn[0m | [1mAcknowledgment sent before tool execution[0m
[32m18:33:13.881[0m | [1mINFO    [0m | [36msrc.conversation.graph.executor[0m:[36mexecute[0m | [1mInvoking MCP tool[0m
[32m18:33:13.881[0m | [1mINFO    [0m | [36msrc.conversation.graph.executor[0m:[36mexecute[0m | [1m[DIAG] Calling MCP tool: tool=move, args={'direction': 'forward', 'distance': 0.01, 'angle': 15.0}[0m
[32m18:33:13.886[0m | [1mINFO    [0m | [36msrc.mcp.stdio_client[0m:[36m_stderr_loop[0m | [1m[moveit stderr] [DIAG] MCP call_tool: name=move, args={'direction': 'forward', 'distance': 0.01, 'angle': 15.0}[0m
[move_group-9] [INFO] [1765409593.893518433] [moveit_move_group_default_capabilities.plan_service_capability]: Received new planning service request...
[move_group-9] [INFO] [1765409593.893972879] [moveit.ompl_planning.model_based_planning_context]: Planner configuration 'arm' will use planner 'geometric::RRTConnect'. Additional configuration parameters will be set when the planner is constructed.
[move_group-9] [INFO] [1765409593.917341813] [moveit_move_group_default_capabilities.execute_trajectory_action_capability]: Received goal request
[move_group-9] [INFO] [1765409593.917390000] [moveit_move_group_default_capabilities.execute_trajectory_action_capability]: Execution request received
[move_group-9] [INFO] [1765409593.917402622] [moveit.plugins.moveit_simple_controller_manager]: Returned 2 controllers in list
[move_group-9] [INFO] [1765409593.917411343] [moveit.plugins.moveit_simple_controller_manager]: Returned 2 controllers in list
[move_group-9] [INFO] [1765409593.917438023] [moveit_ros.trajectory_execution_manager]: Validating trajectory with allowed_start_tolerance 0.01
[move_group-9] [INFO] [1765409593.918101611] [moveit_ros.trajectory_execution_manager]: Starting trajectory execution ...
[move_group-9] [INFO] [1765409593.918139854] [moveit.plugins.moveit_simple_controller_manager]: Returned 2 controllers in list
[move_group-9] [INFO] [1765409593.918160593] [moveit.plugins.moveit_simple_controller_manager]: Returned 2 controllers in list
[move_group-9] [INFO] [1765409593.918263102] [moveit.simple_controller_manager.follow_joint_trajectory_controller_handle]: sending trajectory to joint_trajectory_controller
[ros2_control_node-1] [INFO] [1765409593.918437286] [joint_trajectory_controller]: Received new action goal
[ros2_control_node-1] [INFO] [1765409593.918470098] [joint_trajectory_controller]: Accepted new action goal
[move_group-9] [INFO] [1765409593.918536662] [moveit.simple_controller_manager.follow_joint_trajectory_controller_handle]: joint_trajectory_controller started execution
[move_group-9] [INFO] [1765409593.918542554] [moveit.simple_controller_manager.follow_joint_trajectory_controller_handle]: Goal request accepted!
[32m18:33:18.930[0m | [1mINFO    [0m | [36msrc.api.websocket[0m:[36m_handle_message[0m | [1m🎯 Processing WebSocket message[0m
[32m18:33:18.930[0m | [1mINFO    [0m | [36msrc.api.websocket[0m:[36m_handle_message[0m | [1m🏓 Handling ping for session 7577352c-c49e-4bdf-848b-eed92a99b5c3[0m
[32m18:33:18.930[0m | [1mINFO    [0m | [36msrc.api.websocket[0m:[36m_handle_message[0m | [1m✅ ping handled successfully for session 7577352c-c49e-4bdf-848b-eed92a99b5c3[0m
[ros2_control_node-1] [INFO] [1765409599.372031432] [joint_trajectory_controller]: Goal reached, success!
[move_group-9] [INFO] [1765409599.418829779] [moveit.simple_controller_manager.follow_joint_trajectory_controller_handle]: Controller 'joint_trajectory_controller' successfully finished
[move_group-9] [INFO] [1765409599.421231967] [moveit_ros.trajectory_execution_manager]: Completed trajectory execution with status SUCCEEDED ...
[move_group-9] [INFO] [1765409599.421326954] [moveit_move_group_default_capabilities.execute_trajectory_action_capability]: Execution completed: SUCCEEDED
[32m18:33:19.426[0m | [1mINFO    [0m | [36msrc.config.logging[0m:[36mlog_mcp_event[0m | [1mMCP event: tool_invoked[0m
[32m18:33:19.427[0m | [1mINFO    [0m | [36msrc.conversation.graph.executor[0m:[36mexecute[0m | [1m[DIAG] MCP response: tool=move, result={'content': [{'type': 'text', 'text': '{\n  "success": true,\n  "message": "Moved to pose (-0.111, 0.402, 0.200)",\n  "start_pose": {\n    "x": -0.1214,\n    "y": 0.4016,\n    "z": 0.1996\n  },\n  "end_pose": {\n    "x": -0.111,\n    "y": 0.4014,\n    "z": 0.1982\n  },\n  "duration_ms": 5536.61,\n  [0m
[32m18:33:19.427[0m | [1mINFO    [0m | [36msrc.conversation.graph.runner[0m:[36mrun_turn[0m | [1mVerification required after tool execution[0m
[32m18:33:19.427[0m | [1mINFO    [0m | [36msrc.audio.single_utterance_processor[0m:[36msynthesize[0m | [1mSynthesizing single utterance response[0m
[32m18:33:19.427[0m | [1mINFO    [0m | [36msrc.config.logging[0m:[36mlog_audio_event[0m | [1mAudio event: tts_request[0m
[32m18:33:19.641[0m | [1mINFO    [0m | [36msrc.config.logging[0m:[36mlog_audio_event[0m | [1mAudio event: tts_success[0m
[32m18:33:19.641[0m | [1mINFO    [0m | [36msrc.config.logging[0m:[36mlog_audio_event[0m | [1mAudio event: single_utterance_synthesis[0m
[32m18:33:19.642[0m | [1mINFO    [0m | [36msrc.audio.single_utterance_processor[0m:[36msynthesize[0m | [1mSingle utterance synthesis completed[0m
[32m18:33:19.642[0m | [1mINFO    [0m | [36msrc.conversation.graph.responder[0m:[36mrespond[0m | [1mResponder prepared final output[0m
[32m18:33:19.642[0m | [1mINFO    [0m | [36msrc.conversation.state_machine[0m:[36mtransition_to[0m | [1mState transition completed[0m
[32m18:33:19.656[0m | [1mINFO    [0m | [36msrc.conversation.models[0m:[36mlog_snapshot[0m | [1mTurn metrics updated[0m
[32m18:33:19.656[0m | [1mINFO    [0m | [36msrc.config.logging[0m:[36mlog_conversation_event[0m | [1mConversation event: turn_complete[0m
[32m18:33:19.656[0m | [1mINFO    [0m | [36msrc.conversation.state_machine[0m:[36mtransition_to[0m | [1mState transition completed[0m
[32m18:33:19.662[0m | [1mINFO    [0m | [36msrc.api.websocket[0m:[36m_send_conversation_result[0m | [1mConversation turn completed for session 7577352c-c49e-4bdf-848b-eed92a99b5c3[0m
[32m18:33:19.662[0m | [1mINFO    [0m | [36msrc.api.websocket[0m:[36m_process_streaming_turn[0m | [1mStarting streaming turn for session 7577352c-c49e-4bdf-848b-eed92a99b5c3[0m
[32m18:33:19.662[0m | [1mINFO    [0m | [36msrc.config.logging[0m:[36mlog_conversation_event[0m | [1mConversation event: turn_start[0m
[32m18:33:19.662[0m | [1mINFO    [0m | [36msrc.conversation.state_machine[0m:[36mtransition_to[0m | [1mState transition completed[0m
[32m18:33:19.662[0m | [1mINFO    [0m | [36msrc.config.logging[0m:[36mlog_audio_event[0m | [1mAudio event: streaming_transcription_start[0m
[32m18:33:19.662[0m | [1mINFO    [0m | [36msrc.audio.single_utterance_processor[0m:[36mtranscribe_stream[0m | [1mStarting real-time stream transcription with V2 Recognizer...[0m
[32m18:33:19.662[0m | [1mINFO    [0m | [36msrc.config.logging[0m:[36mlog_audio_event[0m | [1mAudio event: stt_streaming_start[0m
[32m18:33:20.378[0m | [1mINFO    [0m | [36msrc.config.logging[0m:[36mlog_mcp_event[0m | [1mMCP event: health_check[0m
[32m18:33:22.549[0m | [1mINFO    [0m | [36msrc.api.websocket[0m:[36m_handle_message[0m | [1m🎯 Processing WebSocket message[0m
[32m18:33:22.549[0m | [1mINFO    [0m | [36msrc.api.websocket[0m:[36m_handle_message[0m | [1m🛑 Handling stop_conversation for session 7577352c-c49e-4bdf-848b-eed92a99b5c3[0m
[32m18:33:22.549[0m | [1mINFO    [0m | [36msrc.api.websocket[0m:[36m_handle_stop_conversation[0m | [1mStopping conversation for session 7577352c-c49e-4bdf-848b-eed92a99b5c3[0m
[32m18:33:22.549[0m | [1mINFO    [0m | [36msrc.api.websocket[0m:[36m_handle_stop_conversation[0m | [1mConversation stopped cleanly for session 7577352c-c49e-4bdf-848b-eed92a99b5c3[0m
[32m18:33:22.550[0m | [1mINFO    [0m | [36msrc.api.websocket[0m:[36m_handle_message[0m | [1m✅ stop_conversation handled successfully for session 7577352c-c49e-4bdf-848b-eed92a99b5c3[0m
[32m18:33:22.550[0m | [1mINFO    [0m | [36msrc.audio.stt[0m:[36mcancellation_monitor[0m | [1mSTT streaming cancelled by user request (background monitor)[0m
[32m18:33:22.551[0m | [1mINFO    [0m | [36msrc.conversation.state_machine[0m:[36mtransition_to[0m | [1mState transition completed[0m
