
[0;36m================================================================================[0m
[0;36m  HRI Social Learner Manipulator - Full System Startup[0m
[0;36m  Phase 4: Human-in-the-Loop Testing[0m
[0;36m================================================================================[0m

[1;33m================================================================================[0m
[1;33m  HARDWARE MODE ENABLED - Connecting to real Kinova robot[0m
[1;33m  Robot IP: 192.168.1.10[0m
[1;33m  NOTE: ARM MOTION TESTING ONLY - Camera not included[0m
[1;33m================================================================================[0m


[0;34m>>> Setting up ROS 2 environment...[0m

[0;32m[OK][0m Sourced ROS 2 Humble
not found: "/root/ros2_ws/install/local_setup.bash"
[0;32m[OK][0m Sourced project workspace: /home/snickers/Documents/git-repos/hri-social-learner-manipulator/install
[0;32m[OK][0m Sourced ros2_ws (Kinova packages)

[0;34m>>> Cleaning up stale processes from previous runs...[0m

[0;36m[INFO][0m Cleaning up 14 stale FastRTPS shared memory files...
The daemon is not running
[0;36m[INFO][0m Waiting for processes to terminate...
[0;32m[OK][0m Cleaned up 1 stale process group(s)

[0;34m>>> Checking prerequisites...[0m

[0;32m[OK][0m ROS 2 found: 
[0;32m[OK][0m Python 3 found: Python 3.10.12
[0;32m[OK][0m Perception MCP server found
[0;32m[OK][0m MoveIt MCP server found
[0;32m[OK][0m Conversational engine found
[0;32m[OK][0m GOOGLE_API_KEY exported from .env file
[0;32m[OK][0m All prerequisites satisfied

[0;34m>>> Starting HARDWARE MODE (Real Kinova Robot)...[0m

[0;36m[INFO][0m Robot IP: 192.168.1.10
[1;33m[WARN][0m NOTE: Camera not included - ARM MOTION TESTING ONLY
[0;36m[INFO][0m Checking network connectivity to robot...
[0;32m[OK][0m Robot is reachable at 192.168.1.10
[0;36m[INFO][0m Launching manipulation_scene.launch.py (hardware_mode=true)...
[0;36m[INFO][0m Waiting for ros2_kortex driver to initialize (20 seconds)...
[INFO] [launch]: All log files can be found below /home/snickers/.ros/log/2025-12-10-17-06-31-974856-snickers-jammy-27256
[INFO] [launch]: Default logging verbosity is set to INFO
warning: Using load_yaml() directly is deprecated. Use xacro.load_yaml() instead.
[INFO] [launch.user]: HARDWARE MODE: Connecting to Kinova Gen3 Lite at 192.168.1.10
[DEBUG] Saved resolved YAML to: /home/snickers/ros2_ws/install/kortex_description/share/kortex_description/arms/gen3_lite/6dof/config/ros2_controllers.yaml
[INFO] [ros2_control_node-1]: process started with pid [27260]
[INFO] [robot_state_publisher-2]: process started with pid [27262]
[INFO] [spawner-3]: process started with pid [27264]
[INFO] [spawner-4]: process started with pid [27266]
[INFO] [spawner-5]: process started with pid [27268]
[INFO] [spawner-6]: process started with pid [27270]
[INFO] [spawner-7]: process started with pid [27272]
[INFO] [robot_state_publisher-8]: process started with pid [27274]
[INFO] [move_group-9]: process started with pid [27276]
[robot_state_publisher-2] [INFO] [1765404392.406261134] [robot_state_publisher]: got segment arm_link
[robot_state_publisher-2] [INFO] [1765404392.406350503] [robot_state_publisher]: got segment base_link
[robot_state_publisher-2] [INFO] [1765404392.406355590] [robot_state_publisher]: got segment dummy_link
[robot_state_publisher-2] [INFO] [1765404392.406358743] [robot_state_publisher]: got segment end_effector_link
[robot_state_publisher-2] [INFO] [1765404392.406361692] [robot_state_publisher]: got segment forearm_link
[robot_state_publisher-2] [INFO] [1765404392.406364492] [robot_state_publisher]: got segment gripper_base_link
[robot_state_publisher-2] [INFO] [1765404392.406367180] [robot_state_publisher]: got segment left_finger_dist_link
[robot_state_publisher-2] [INFO] [1765404392.406370070] [robot_state_publisher]: got segment left_finger_prox_link
[robot_state_publisher-2] [INFO] [1765404392.406372638] [robot_state_publisher]: got segment lower_wrist_link
[robot_state_publisher-2] [INFO] [1765404392.406375369] [robot_state_publisher]: got segment right_finger_dist_link
[robot_state_publisher-2] [INFO] [1765404392.406377937] [robot_state_publisher]: got segment right_finger_prox_link
[robot_state_publisher-2] [INFO] [1765404392.406380598] [robot_state_publisher]: got segment shoulder_link
[robot_state_publisher-2] [INFO] [1765404392.406383355] [robot_state_publisher]: got segment tool_frame
[robot_state_publisher-2] [INFO] [1765404392.406386022] [robot_state_publisher]: got segment upper_wrist_link
[robot_state_publisher-2] [INFO] [1765404392.406388629] [robot_state_publisher]: got segment world
[ros2_control_node-1] [INFO] [1765404392.747432553] [controller_manager]: Subscribing to '~/robot_description' topic for robot description file.
[ros2_control_node-1] [INFO] [1765404392.751070668] [controller_manager]: update rate is 1000 Hz
[ros2_control_node-1] [INFO] [1765404392.751167449] [controller_manager]: Spawning controller_manager RT thread with scheduler priority: 50
[ros2_control_node-1] [WARN] [1765404392.751530965] [controller_manager]: Could not enable FIFO RT scheduling policy: with error number <1>(Operation not permitted). See [https://control.ros.org/master/doc/ros2_control/controller_manager/doc/userdoc.html] for details on how to enable realtime scheduling.
[ros2_control_node-1] [INFO] [1765404392.761071133] [controller_manager]: Received robot description file.
[ros2_control_node-1] [INFO] [1765404392.761961942] [resource_manager]: Loading hardware 'KortexMultiInterfaceHardware' 
[ros2_control_node-1] [INFO] [1765404392.775514888] [KortexMultiInterfaceHardware]: Setting severity threshold to DEBUG
[ros2_control_node-1] [INFO] [1765404392.775632145] [resource_manager]: Initialize hardware 'KortexMultiInterfaceHardware' 
[ros2_control_node-1] [INFO] [1765404392.775654280] [KortexMultiInterfaceHardware]: Configuring Hardware Interface
[ros2_control_node-1] [INFO] [1765404392.775699444] [KortexMultiInterfaceHardware]: Robot ip is '192.168.1.10'
[ros2_control_node-1] [INFO] [1765404392.775708075] [KortexMultiInterfaceHardware]: Username is 'admin'
[ros2_control_node-1] [INFO] [1765404392.775720873] [KortexMultiInterfaceHardware]: Port used '10000'
[ros2_control_node-1] [INFO] [1765404392.775729263] [KortexMultiInterfaceHardware]: Realtime port used '10001'
[ros2_control_node-1] [INFO] [1765404392.775737190] [KortexMultiInterfaceHardware]: Session inactivity timeout is '60000'
[ros2_control_node-1] [INFO] [1765404392.775745608] [KortexMultiInterfaceHardware]: Connection inactivity timeout is '2000'
[ros2_control_node-1] [INFO] [1765404392.775753409] [KortexMultiInterfaceHardware]: Gripper joint name is 'right_finger_bottom_joint'
[ros2_control_node-1] [INFO] [1765404392.775760773] [KortexMultiInterfaceHardware]: Listing all keys in hardware_parameters:
[ros2_control_node-1] [INFO] [1765404392.775769461] [KortexMultiInterfaceHardware]: Prefix is 
[ros2_control_node-1] [INFO] [1765404392.775778974] [KortexMultiInterfaceHardware]: updated gripper joint name is right_finger_bottom_joint
[ros2_control_node-1] [INFO] [1765404392.775802152] [KortexMultiInterfaceHardware]: Connecting to robot at 192.168.1.10
[ros2_control_node-1] [INFO] [1765404392.776626714] [KortexMultiInterfaceHardware]: Creating session for communication
[robot_state_publisher-8] [INFO] [1765404392.785924820] [robot_state_publisher]: got segment arm_link
[robot_state_publisher-8] [INFO] [1765404392.786043436] [robot_state_publisher]: got segment base_link
[robot_state_publisher-8] [INFO] [1765404392.786052761] [robot_state_publisher]: got segment dummy_link
[robot_state_publisher-8] [INFO] [1765404392.786058087] [robot_state_publisher]: got segment end_effector_link
[robot_state_publisher-8] [INFO] [1765404392.786062943] [robot_state_publisher]: got segment forearm_link
[robot_state_publisher-8] [INFO] [1765404392.786067656] [robot_state_publisher]: got segment gripper_base_link
[robot_state_publisher-8] [INFO] [1765404392.786072106] [robot_state_publisher]: got segment left_finger_dist_link
[robot_state_publisher-8] [INFO] [1765404392.786077201] [robot_state_publisher]: got segment left_finger_prox_link
[robot_state_publisher-8] [INFO] [1765404392.786081695] [robot_state_publisher]: got segment lower_wrist_link
[robot_state_publisher-8] [INFO] [1765404392.786086293] [robot_state_publisher]: got segment right_finger_dist_link
[robot_state_publisher-8] [INFO] [1765404392.786090721] [robot_state_publisher]: got segment right_finger_prox_link
[robot_state_publisher-8] [INFO] [1765404392.786095240] [robot_state_publisher]: got segment shoulder_link
[robot_state_publisher-8] [INFO] [1765404392.786099820] [robot_state_publisher]: got segment tool_frame
[robot_state_publisher-8] [INFO] [1765404392.786104316] [robot_state_publisher]: got segment upper_wrist_link
[robot_state_publisher-8] [INFO] [1765404392.786108866] [robot_state_publisher]: got segment world
[robot_state_publisher-8] [INFO] [1765404392.786116324] [robot_state_publisher]: got segment wrist_camera_link
[robot_state_publisher-8] [INFO] [1765404392.786122711] [robot_state_publisher]: got segment wrist_camera_optical_frame
[spawner-7] [INFO] [1765404392.786971693] [spawner_gen3_lite_2f_gripper_controller]: waiting for service /controller_manager/list_controllers to become available...
[spawner-5] [INFO] [1765404392.790216364] [spawner_twist_controller]: waiting for service /controller_manager/list_controllers to become available...
[move_group-9] [INFO] [1765404392.791279442] [moveit_rdf_loader.rdf_loader]: Loaded robot model in 0.0663015 seconds
[move_group-9] [INFO] [1765404392.791330407] [moveit_robot_model.robot_model]: Loading robot model 'gen3_lite_gen3_lite_2f'...
[move_group-9] [INFO] [1765404392.791337866] [moveit_robot_model.robot_model]: No root/virtual joint specified in SRDF. Assuming fixed joint
[spawner-3] [INFO] [1765404392.795254878] [spawner_joint_state_broadcaster]: waiting for service /controller_manager/list_controllers to become available...
[spawner-6] [INFO] [1765404392.795921718] [spawner_fault_controller]: waiting for service /controller_manager/list_controllers to become available...
[spawner-4] [INFO] [1765404392.797714770] [spawner_joint_trajectory_controller]: waiting for service /controller_manager/list_controllers to become available...
[move_group-9] [WARN] [1765404392.957499539] [moveit_robot_model.robot_model]: Could not identify parent group for end-effector 'end_effector'
[ros2_control_node-1] [INFO] [1765404393.121896317] [KortexMultiInterfaceHardware]: Session created
[move_group-9] [INFO] [1765404393.431637696] [moveit_ros.planning_scene_monitor.planning_scene_monitor]: Publishing maintained planning scene on 'monitored_planning_scene'
[move_group-9] [INFO] [1765404393.431793083] [moveit.ros_planning_interface.moveit_cpp]: Listening to 'joint_states' for joint states
[move_group-9] [INFO] [1765404393.432194975] [moveit_ros.current_state_monitor]: Listening to joint states on topic 'joint_states'
[move_group-9] [INFO] [1765404393.432379169] [moveit_ros.planning_scene_monitor.planning_scene_monitor]: Listening to '/attached_collision_object' for attached collision objects
[move_group-9] [INFO] [1765404393.432389551] [moveit_ros.planning_scene_monitor.planning_scene_monitor]: Starting planning scene monitor
[move_group-9] [INFO] [1765404393.432514298] [moveit_ros.planning_scene_monitor.planning_scene_monitor]: Listening to '/planning_scene'
[move_group-9] [INFO] [1765404393.432522014] [moveit_ros.planning_scene_monitor.planning_scene_monitor]: Starting world geometry update monitor for collision objects, attached objects, octomap updates.
[move_group-9] [INFO] [1765404393.432670195] [moveit_ros.planning_scene_monitor.planning_scene_monitor]: Listening to 'collision_object'
[move_group-9] [INFO] [1765404393.432851893] [moveit_ros.planning_scene_monitor.planning_scene_monitor]: Listening to 'planning_scene_world' for planning scene world geometry
[move_group-9] [WARN] [1765404393.433142175] [moveit.ros.occupancy_map_monitor.middleware_handle]: Resolution not specified for Octomap. Assuming resolution = 0.1 instead
[move_group-9] [ERROR] [1765404393.433150210] [moveit.ros.occupancy_map_monitor.middleware_handle]: No 3D sensor plugin(s) defined for octomap updates
[ros2_control_node-1] [INFO] [1765404393.709004809] [KortexMultiInterfaceHardware]: Actuator count reported by robot is '6'
[ros2_control_node-1] [INFO] [1765404393.709036724] [KortexMultiInterfaceHardware]: Using internal bus communication for gripper!
[ros2_control_node-1] [INFO] [1765404393.709038988] [KortexMultiInterfaceHardware]: Hardware Interface successfully configured
[ros2_control_node-1] [INFO] [1765404393.709054668] [resource_manager]: Successful initialization of hardware 'KortexMultiInterfaceHardware'
[ros2_control_node-1] [DEBUG] [1765404393.709062691] [KortexMultiInterfaceHardware]: export_state_interfaces for joint: joint_1
[ros2_control_node-1] [DEBUG] [1765404393.709067143] [KortexMultiInterfaceHardware]: export_state_interfaces for joint: joint_2
[ros2_control_node-1] [DEBUG] [1765404393.709068989] [KortexMultiInterfaceHardware]: export_state_interfaces for joint: joint_3
[ros2_control_node-1] [DEBUG] [1765404393.709070706] [KortexMultiInterfaceHardware]: export_state_interfaces for joint: joint_4
[ros2_control_node-1] [DEBUG] [1765404393.709072346] [KortexMultiInterfaceHardware]: export_state_interfaces for joint: joint_5
[ros2_control_node-1] [DEBUG] [1765404393.709074097] [KortexMultiInterfaceHardware]: export_state_interfaces for joint: joint_6
[ros2_control_node-1] [DEBUG] [1765404393.709075726] [KortexMultiInterfaceHardware]: export_state_interfaces for joint: right_finger_bottom_joint
[ros2_control_node-1] [INFO] [1765404393.709106102] [KortexMultiInterfaceHardware]: Gripper max vel and effort configured
[ros2_control_node-1] [INFO] [1765404393.709170144] [resource_manager]: 'configure' hardware 'KortexMultiInterfaceHardware' 
[ros2_control_node-1] [INFO] [1765404393.709175031] [resource_manager]: Successful 'configure' of hardware 'KortexMultiInterfaceHardware'
[ros2_control_node-1] [INFO] [1765404393.709184002] [resource_manager]: 'activate' hardware 'KortexMultiInterfaceHardware' 
[ros2_control_node-1] [INFO] [1765404393.709186433] [KortexMultiInterfaceHardware]: Activating KortexMultiInterfaceHardware...
[ros2_control_node-1] [INFO] [1765404393.709706400] [KortexMultiInterfaceHardware]: Gripper initial position is '0.230190'.
[ros2_control_node-1] [INFO] [1765404393.709756814] [KortexMultiInterfaceHardware]: Initialize interconnect command to current gripper position
[ros2_control_node-1] [INFO] [1765404393.710580364] [KortexMultiInterfaceHardware]: KortexMultiInterfaceHardware successfully activated!
[ros2_control_node-1] [INFO] [1765404393.710612413] [resource_manager]: Successful 'activate' of hardware 'KortexMultiInterfaceHardware'
[ros2_control_node-1] [DEBUG] [1765404393.711573087] [KortexMultiInterfaceHardware]: No controller active in LOW_LEVEL_SERVOING mode !
[ros2_control_node-1] [DEBUG] [1765404393.711879811] [KortexMultiInterfaceHardware]: No controller active in LOW_LEVEL_SERVOING mode !
[ros2_control_node-1] [DEBUG] [1765404393.712459359] [KortexMultiInterfaceHardware]: No controller active in LOW_LEVEL_SERVOING mode !
[ros2_control_node-1] [DEBUG] [1765404393.712747666] [KortexMultiInterfaceHardware]: No controller active in LOW_LEVEL_SERVOING mode !
[ros2_control_node-1] [DEBUG] [1765404393.713067341] [KortexMultiInterfaceHardware]: No controller active in LOW_LEVEL_SERVOING mode !
[ros2_control_node-1] [DEBUG] [1765404393.713466275] [KortexMultiInterfaceHardware]: No controller active in LOW_LEVEL_SERVOING mode !
[ros2_control_node-1] [DEBUG] [1765404393.713788286] [KortexMultiInterfaceHardware]: No controller active in LOW_LEVEL_SERVOING mode !
[ros2_control_node-1] [DEBUG] [1765404393.714078547] [KortexMultiInterfaceHardware]: No controller active in LOW_LEVEL_SERVOING mode !
[ros2_control_node-1] [DEBUG] [1765404393.714451772] [KortexMultiInterfaceHardware]: No controller active in LOW_LEVEL_SERVOING mode !
[ros2_control_node-1] [DEBUG] [1765404393.714721783] [KortexMultiInterfaceHardware]: No controller active in LOW_LEVEL_SERVOING mode !
[ros2_control_node-1] [DEBUG] [1765404393.714990453] [KortexMultiInterfaceHardware]: No controller active in LOW_LEVEL_SERVOING mode !
[ros2_control_node-1] [DEBUG] [1765404393.715448723] [KortexMultiInterfaceHardware]: No controller active in LOW_LEVEL_SERVOING mode !
[ros2_control_node-1] [DEBUG] [1765404393.715720529] [KortexMultiInterfaceHardware]: No controller active in LOW_LEVEL_SERVOING mode !
[ros2_control_node-1] [DEBUG] [1765404393.715988481] [KortexMultiInterfaceHardware]: No controller active in LOW_LEVEL_SERVOING mode !
[ros2_control_node-1] [INFO] [1765404393.716086201] [controller_manager]: Received robot description file.
[ros2_control_node-1] [WARN] [1765404393.716113524] [controller_manager]: ResourceManager has already loaded an urdf file. Ignoring attempt to reload a robot description file.
[ros2_control_node-1] [DEBUG] [1765404393.716443507] [KortexMultiInterfaceHardware]: No controller active in LOW_LEVEL_SERVOING mode !
[ros2_control_node-1] [DEBUG] [1765404393.716690231] [KortexMultiInterfaceHardware]: No controller active in LOW_LEVEL_SERVOING mode !
[ros2_control_node-1] [DEBUG] [1765404393.716932919] [KortexMultiInterfaceHardware]: No controller active in LOW_LEVEL_SERVOING mode !
[ros2_control_node-1] [DEBUG] [1765404393.717402607] [KortexMultiInterfaceHardware]: No controller active in LOW_LEVEL_SERVOING mode !
[ros2_control_node-1] [DEBUG] [1765404393.717630660] [KortexMultiInterfaceHardware]: No controller active in LOW_LEVEL_SERVOING mode !
[ros2_control_node-1] [DEBUG] [1765404393.717881240] [KortexMultiInterfaceHardware]: No controller active in LOW_LEVEL_SERVOING mode !
[ros2_control_node-1] [DEBUG] [1765404393.718133914] [KortexMultiInterfaceHardware]: No controller active in LOW_LEVEL_SERVOING mode !
[ros2_control_node-1] [DEBUG] [1765404393.718437707] [KortexMultiInterfaceHardware]: No controller active in LOW_LEVEL_SERVOING mode !
[ros2_control_node-1] [DEBUG] [1765404393.718688191] [KortexMultiInterfaceHardware]: No controller active in LOW_LEVEL_SERVOING mode !
[ros2_control_node-1] [DEBUG] [1765404393.718917261] [KortexMultiInterfaceHardware]: No controller active in LOW_LEVEL_SERVOING mode !
[ros2_control_node-1] [DEBUG] [1765404393.719457635] [KortexMultiInterfaceHardware]: No controller active in LOW_LEVEL_SERVOING mode !
[ros2_control_node-1] [DEBUG] [1765404393.719711119] [KortexMultiInterfaceHardware]: No controller active in LOW_LEVEL_SERVOING mode !
[ros2_control_node-1] [DEBUG] [1765404393.719960230] [KortexMultiInterfaceHardware]: No controller active in LOW_LEVEL_SERVOING mode !
[ros2_control_node-1] [DEBUG] [1765404393.720188740] [KortexMultiInterfaceHardware]: No controller active in LOW_LEVEL_SERVOING mode !
[ros2_control_node-1] [DEBUG] [1765404393.720457537] [KortexMultiInterfaceHardware]: No controller active in LOW_LEVEL_SERVOING mode !
[ros2_control_node-1] [DEBUG] [1765404393.720687646] [KortexMultiInterfaceHardware]: No controller active in LOW_LEVEL_SERVOING mode !
[ros2_control_node-1] [DEBUG] [1765404393.720916490] [KortexMultiInterfaceHardware]: No controller active in LOW_LEVEL_SERVOING mode !
[ros2_control_node-1] [DEBUG] [1765404393.721483497] [KortexMultiInterfaceHardware]: No controller active in LOW_LEVEL_SERVOING mode !
[ros2_control_node-1] [DEBUG] [1765404393.721730511] [KortexMultiInterfaceHardware]: No controller active in LOW_LEVEL_SERVOING mode !
[ros2_control_node-1] [DEBUG] [1765404393.721983934] [KortexMultiInterfaceHardware]: No controller active in LOW_LEVEL_SERVOING mode !
[ros2_control_node-1] [DEBUG] [1765404393.722456060] [KortexMultiInterfaceHardware]: No controller active in LOW_LEVEL_SERVOING mode !
[ros2_control_node-1] [DEBUG] [1765404393.722688165] [KortexMultiInterfaceHardware]: No controller active in LOW_LEVEL_SERVOING mode !
[ros2_control_node-1] [DEBUG] [1765404393.722917234] [KortexMultiInterfaceHardware]: No controller active in LOW_LEVEL_SERVOING mode !
[ros2_control_node-1] [DEBUG] [1765404393.723464082] [KortexMultiInterfaceHardware]: No controller active in LOW_LEVEL_SERVOING mode !
[ros2_control_node-1] [DEBUG] [1765404393.723730489] [KortexMultiInterfaceHardware]: No controller active in LOW_LEVEL_SERVOING mode !
[ros2_control_node-1] [DEBUG] [1765404393.723980307] [KortexMultiInterfaceHardware]: No controller active in LOW_LEVEL_SERVOING mode !
[ros2_control_node-1] [DEBUG] [1765404393.724455137] [KortexMultiInterfaceHardware]: No controller active in LOW_LEVEL_SERVOING mode !
[ros2_control_node-1] [DEBUG] [1765404393.724711018] [KortexMultiInterfaceHardware]: No controller active in LOW_LEVEL_SERVOING mode !
[ros2_control_node-1] [DEBUG] [1765404393.724959844] [KortexMultiInterfaceHardware]: No controller active in LOW_LEVEL_SERVOING mode !
[ros2_control_node-1] [DEBUG] [1765404393.725517739] [KortexMultiInterfaceHardware]: No controller active in LOW_LEVEL_SERVOING mode !
[ros2_control_node-1] [DEBUG] [1765404393.725749316] [KortexMultiInterfaceHardware]: No controller active in LOW_LEVEL_SERVOING mode !
[ros2_control_node-1] [DEBUG] [1765404393.725979325] [KortexMultiInterfaceHardware]: No controller active in LOW_LEVEL_SERVOING mode !
[ros2_control_node-1] [DEBUG] [1765404393.726481569] [KortexMultiInterfaceHardware]: No controller active in LOW_LEVEL_SERVOING mode !
[ros2_control_node-1] [DEBUG] [1765404393.726750881] [KortexMultiInterfaceHardware]: No controller active in LOW_LEVEL_SERVOING mode !
[ros2_control_node-1] [DEBUG] [1765404393.727000818] [KortexMultiInterfaceHardware]: No controller active in LOW_LEVEL_SERVOING mode !
[ros2_control_node-1] [DEBUG] [1765404393.727500994] [KortexMultiInterfaceHardware]: No controller active in LOW_LEVEL_SERVOING mode !
[ros2_control_node-1] [DEBUG] [1765404393.727748907] [KortexMultiInterfaceHardware]: No controller active in LOW_LEVEL_SERVOING mode !
[ros2_control_node-1] [DEBUG] [1765404393.727979984] [KortexMultiInterfaceHardware]: No controller active in LOW_LEVEL_SERVOING mode !
[ros2_control_node-1] [DEBUG] [1765404393.728477616] [KortexMultiInterfaceHardware]: No controller active in LOW_LEVEL_SERVOING mode !
[ros2_control_node-1] [DEBUG] [1765404393.728732011] [KortexMultiInterfaceHardware]: No controller active in LOW_LEVEL_SERVOING mode !
[ros2_control_node-1] [DEBUG] [1765404393.728981432] [KortexMultiInterfaceHardware]: No controller active in LOW_LEVEL_SERVOING mode !
[ros2_control_node-1] [DEBUG] [1765404393.729496999] [KortexMultiInterfaceHardware]: No controller active in LOW_LEVEL_SERVOING mode !
[ros2_control_node-1] [DEBUG] [1765404393.729753061] [KortexMultiInterfaceHardware]: No controller active in LOW_LEVEL_SERVOING mode !
[ros2_control_node-1] [DEBUG] [1765404393.729980823] [KortexMultiInterfaceHardware]: No controller active in LOW_LEVEL_SERVOING mode !
[ros2_control_node-1] [DEBUG] [1765404393.730476638] [KortexMultiInterfaceHardware]: No controller active in LOW_LEVEL_SERVOING mode !
[ros2_control_node-1] [DEBUG] [1765404393.730734243] [KortexMultiInterfaceHardware]: No controller active in LOW_LEVEL_SERVOING mode !
[ros2_control_node-1] [DEBUG] [1765404393.730984997] [KortexMultiInterfaceHardware]: No controller active in LOW_LEVEL_SERVOING mode !
[ros2_control_node-1] [DEBUG] [1765404393.731504533] [KortexMultiInterfaceHardware]: No controller active in LOW_LEVEL_SERVOING mode !
[ros2_control_node-1] [DEBUG] [1765404393.731750475] [KortexMultiInterfaceHardware]: No controller active in LOW_LEVEL_SERVOING mode !
[ros2_control_node-1] [DEBUG] [1765404393.731979810] [KortexMultiInterfaceHardware]: No controller active in LOW_LEVEL_SERVOING mode !
[ros2_control_node-1] [DEBUG] [1765404393.732424955] [KortexMultiInterfaceHardware]: No controller active in LOW_LEVEL_SERVOING mode !
[ros2_control_node-1] [DEBUG] [1765404393.732667615] [KortexMultiInterfaceHardware]: No controller active in LOW_LEVEL_SERVOING mode !
[ros2_control_node-1] [DEBUG] [1765404393.732896296] [KortexMultiInterfaceHardware]: No controller active in LOW_LEVEL_SERVOING mode !
[ros2_control_node-1] [DEBUG] [1765404393.733499738] [KortexMultiInterfaceHardware]: No controller active in LOW_LEVEL_SERVOING mode !
[ros2_control_node-1] [DEBUG] [1765404393.733748990] [KortexMultiInterfaceHardware]: No controller active in LOW_LEVEL_SERVOING mode !
[ros2_control_node-1] [DEBUG] [1765404393.734000641] [KortexMultiInterfaceHardware]: No controller active in LOW_LEVEL_SERVOING mode !
[ros2_control_node-1] [DEBUG] [1765404393.734518392] [KortexMultiInterfaceHardware]: No controller active in LOW_LEVEL_SERVOING mode !
[ros2_control_node-1] [DEBUG] [1765404393.734771262] [KortexMultiInterfaceHardware]: No controller active in LOW_LEVEL_SERVOING mode !
[ros2_control_node-1] [DEBUG] [1765404393.735004192] [KortexMultiInterfaceHardware]: No controller active in LOW_LEVEL_SERVOING mode !
[ros2_control_node-1] [DEBUG] [1765404393.735504958] [KortexMultiInterfaceHardware]: No controller active in LOW_LEVEL_SERVOING mode !
[ros2_control_node-1] [DEBUG] [1765404393.735770423] [KortexMultiInterfaceHardware]: No controller active in LOW_LEVEL_SERVOING mode !
[ros2_control_node-1] [DEBUG] [1765404393.736022025] [KortexMultiInterfaceHardware]: No controller active in LOW_LEVEL_SERVOING mode !
[ros2_control_node-1] [DEBUG] [1765404393.736523261] [KortexMultiInterfaceHardware]: No controller active in LOW_LEVEL_SERVOING mode !
[ros2_control_node-1] [DEBUG] [1765404393.736771207] [KortexMultiInterfaceHardware]: No controller active in LOW_LEVEL_SERVOING mode !
[ros2_control_node-1] [DEBUG] [1765404393.737000878] [KortexMultiInterfaceHardware]: No controller active in LOW_LEVEL_SERVOING mode !
[ros2_control_node-1] [DEBUG] [1765404393.737517736] [KortexMultiInterfaceHardware]: No controller active in LOW_LEVEL_SERVOING mode !
[ros2_control_node-1] [DEBUG] [1765404393.737751093] [KortexMultiInterfaceHardware]: No controller active in LOW_LEVEL_SERVOING mode !
[ros2_control_node-1] [DEBUG] [1765404393.738000477] [KortexMultiInterfaceHardware]: No controller active in LOW_LEVEL_SERVOING mode !
[ros2_control_node-1] [DEBUG] [1765404393.738521168] [KortexMultiInterfaceHardware]: No controller active in LOW_LEVEL_SERVOING mode !
[ros2_control_node-1] [DEBUG] [1765404393.738770624] [KortexMultiInterfaceHardware]: No controller active in LOW_LEVEL_SERVOING mode !
[ros2_control_node-1] [DEBUG] [1765404393.738999913] [KortexMultiInterfaceHardware]: No controller active in LOW_LEVEL_SERVOING mode !
[ros2_control_node-1] [DEBUG] [1765404393.739510488] [KortexMultiInterfaceHardware]: No controller active in LOW_LEVEL_SERVOING mode !
[ros2_control_node-1] [DEBUG] [1765404393.739750087] [KortexMultiInterfaceHardware]: No controller active in LOW_LEVEL_SERVOING mode !
[ros2_control_node-1] [DEBUG] [1765404393.740000342] [KortexMultiInterfaceHardware]: No controller active in LOW_LEVEL_SERVOING mode !
[ros2_control_node-1] [DEBUG] [1765404393.740519079] [KortexMultiInterfaceHardware]: No controller active in LOW_LEVEL_SERVOING mode !
[ros2_control_node-1] [DEBUG] [1765404393.740770178] [KortexMultiInterfaceHardware]: No controller active in LOW_LEVEL_SERVOING mode !
[ros2_control_node-1] [DEBUG] [1765404393.741000124] [KortexMultiInterfaceHardware]: No controller active in LOW_LEVEL_SERVOING mode !
[ros2_control_node-1] [DEBUG] [1765404393.741517744] [KortexMultiInterfaceHardware]: No controller active in LOW_LEVEL_SERVOING mode !
[ros2_control_node-1] [DEBUG] [1765404393.741791904] [KortexMultiInterfaceHardware]: No controller active in LOW_LEVEL_SERVOING mode !
[ros2_control_node-1] [DEBUG] [1765404393.742043004] [KortexMultiInterfaceHardware]: No controller active in LOW_LEVEL_SERVOING mode !
[ros2_control_node-1] [DEBUG] [1765404393.742518496] [KortexMultiInterfaceHardware]: No controller active in LOW_LEVEL_SERVOING mode !
[ros2_control_node-1] [DEBUG] [1765404393.742772223] [KortexMultiInterfaceHardware]: No controller active in LOW_LEVEL_SERVOING mode !
[ros2_control_node-1] [DEBUG] [1765404393.742999884] [KortexMultiInterfaceHardware]: No controller active in LOW_LEVEL_SERVOING mode !
[ros2_control_node-1] [DEBUG] [1765404393.743439713] [KortexMultiInterfaceHardware]: No controller active in LOW_LEVEL_SERVOING mode !
[ros2_control_node-1] [DEBUG] [1765404393.743712357] [KortexMultiInterfaceHardware]: No controller active in LOW_LEVEL_SERVOING mode !
[ros2_control_node-1] [DEBUG] [1765404393.743957812] [KortexMultiInterfaceHardware]: No controller active in LOW_LEVEL_SERVOING mode !
[ros2_control_node-1] [DEBUG] [1765404393.744519335] [KortexMultiInterfaceHardware]: No controller active in LOW_LEVEL_SERVOING mode !
[ros2_control_node-1] [DEBUG] [1765404393.744769076] [KortexMultiInterfaceHardware]: No controller active in LOW_LEVEL_SERVOING mode !
[ros2_control_node-1] [DEBUG] [1765404393.745000094] [KortexMultiInterfaceHardware]: No controller active in LOW_LEVEL_SERVOING mode !
[ros2_control_node-1] [DEBUG] [1765404393.745447524] [KortexMultiInterfaceHardware]: No controller active in LOW_LEVEL_SERVOING mode !
[ros2_control_node-1] [DEBUG] [1765404393.745687419] [KortexMultiInterfaceHardware]: No controller active in LOW_LEVEL_SERVOING mode !
[ros2_control_node-1] [DEBUG] [1765404393.745915339] [KortexMultiInterfaceHardware]: No controller active in LOW_LEVEL_SERVOING mode !
[ros2_control_node-1] [DEBUG] [1765404393.746460866] [KortexMultiInterfaceHardware]: No controller active in LOW_LEVEL_SERVOING mode !
[ros2_control_node-1] [DEBUG] [1765404393.746711864] [KortexMultiInterfaceHardware]: No controller active in LOW_LEVEL_SERVOING mode !
[ros2_control_node-1] [DEBUG] [1765404393.746963909] [KortexMultiInterfaceHardware]: No controller active in LOW_LEVEL_SERVOING mode !
[ros2_control_node-1] [DEBUG] [1765404393.747208213] [KortexMultiInterfaceHardware]: No controller active in LOW_LEVEL_SERVOING mode !
[ros2_control_node-1] [DEBUG] [1765404393.747436298] [KortexMultiInterfaceHardware]: No controller active in LOW_LEVEL_SERVOING mode !
[ros2_control_node-1] [DEBUG] [1765404393.747674165] [KortexMultiInterfaceHardware]: No controller active in LOW_LEVEL_SERVOING mode !
[ros2_control_node-1] [DEBUG] [1765404393.747899382] [KortexMultiInterfaceHardware]: No controller active in LOW_LEVEL_SERVOING mode !
[ros2_control_node-1] [DEBUG] [1765404393.748484408] [KortexMultiInterfaceHardware]: No controller active in LOW_LEVEL_SERVOING mode !
[ros2_control_node-1] [DEBUG] [1765404393.748750512] [KortexMultiInterfaceHardware]: No controller active in LOW_LEVEL_SERVOING mode !
[ros2_control_node-1] [DEBUG] [1765404393.748966510] [KortexMultiInterfaceHardware]: No controller active in LOW_LEVEL_SERVOING mode !
[ros2_control_node-1] [DEBUG] [1765404393.749454073] [KortexMultiInterfaceHardware]: No controller active in LOW_LEVEL_SERVOING mode !
[ros2_control_node-1] [DEBUG] [1765404393.749708849] [KortexMultiInterfaceHardware]: No controller active in LOW_LEVEL_SERVOING mode !
[ros2_control_node-1] [DEBUG] [1765404393.749957531] [KortexMultiInterfaceHardware]: No controller active in LOW_LEVEL_SERVOING mode !
[ros2_control_node-1] [DEBUG] [1765404393.750516695] [KortexMultiInterfaceHardware]: No controller active in LOW_LEVEL_SERVOING mode !
[ros2_control_node-1] [DEBUG] [1765404393.750770237] [KortexMultiInterfaceHardware]: No controller active in LOW_LEVEL_SERVOING mode !
[ros2_control_node-1] [DEBUG] [1765404393.750999600] [KortexMultiInterfaceHardware]: No controller active in LOW_LEVEL_SERVOING mode !
[ros2_control_node-1] [DEBUG] [1765404393.751474759] [KortexMultiInterfaceHardware]: No controller active in LOW_LEVEL_SERVOING mode !
[ros2_control_node-1] [DEBUG] [1765404393.751708547] [KortexMultiInterfaceHardware]: No controller active in LOW_LEVEL_SERVOING mode !
[ros2_control_node-1] [DEBUG] [1765404393.751961383] [KortexMultiInterfaceHardware]: No controller active in LOW_LEVEL_SERVOING mode !
[ros2_control_node-1] [DEBUG] [1765404393.752500249] [KortexMultiInterfaceHardware]: No controller active in LOW_LEVEL_SERVOING mode !
[ros2_control_node-1] [DEBUG] [1765404393.752749224] [KortexMultiInterfaceHardware]: No controller active in LOW_LEVEL_SERVOING mode !
[ros2_control_node-1] [DEBUG] [1765404393.752979239] [KortexMultiInterfaceHardware]: No controller active in LOW_LEVEL_SERVOING mode !
[ros2_control_node-1] [DEBUG] [1765404393.753476171] [KortexMultiInterfaceHardware]: No controller active in LOW_LEVEL_SERVOING mode !
[ros2_control_node-1] [DEBUG] [1765404393.753729171] [KortexMultiInterfaceHardware]: No controller active in LOW_LEVEL_SERVOING mode !
[ros2_control_node-1] [DEBUG] [1765404393.753958185] [KortexMultiInterfaceHardware]: No controller active in LOW_LEVEL_SERVOING mode !
[ros2_control_node-1] [DEBUG] [1765404393.754516131] [KortexMultiInterfaceHardware]: No controller active in LOW_LEVEL_SERVOING mode !
[ros2_control_node-1] [DEBUG] [1765404393.754750490] [KortexMultiInterfaceHardware]: No controller active in LOW_LEVEL_SERVOING mode !
[ros2_control_node-1] [DEBUG] [1765404393.754979627] [KortexMultiInterfaceHardware]: No controller active in LOW_LEVEL_SERVOING mode !
[ros2_control_node-1] [DEBUG] [1765404393.755476223] [KortexMultiInterfaceHardware]: No controller active in LOW_LEVEL_SERVOING mode !
[ros2_control_node-1] [DEBUG] [1765404393.755730350] [KortexMultiInterfaceHardware]: No controller active in LOW_LEVEL_SERVOING mode !
[ros2_control_node-1] [DEBUG] [1765404393.755978864] [KortexMultiInterfaceHardware]: No controller active in LOW_LEVEL_SERVOING mode !
[ros2_control_node-1] [DEBUG] [1765404393.756505903] [KortexMultiInterfaceHardware]: No controller active in LOW_LEVEL_SERVOING mode !
[ros2_control_node-1] [DEBUG] [1765404393.756749517] [KortexMultiInterfaceHardware]: No controller active in LOW_LEVEL_SERVOING mode !
[ros2_control_node-1] [DEBUG] [1765404393.756978585] [KortexMultiInterfaceHardware]: No controller active in LOW_LEVEL_SERVOING mode !
[ros2_control_node-1] [DEBUG] [1765404393.757495644] [KortexMultiInterfaceHardware]: No controller active in LOW_LEVEL_SERVOING mode !
[ros2_control_node-1] [DEBUG] [1765404393.757769466] [KortexMultiInterfaceHardware]: No controller active in LOW_LEVEL_SERVOING mode !
[ros2_control_node-1] [DEBUG] [1765404393.757999344] [KortexMultiInterfaceHardware]: No controller active in LOW_LEVEL_SERVOING mode !
[ros2_control_node-1] [DEBUG] [1765404393.758517402] [KortexMultiInterfaceHardware]: No controller active in LOW_LEVEL_SERVOING mode !
[ros2_control_node-1] [DEBUG] [1765404393.758774430] [KortexMultiInterfaceHardware]: No controller active in LOW_LEVEL_SERVOING mode !
[ros2_control_node-1] [DEBUG] [1765404393.759023157] [KortexMultiInterfaceHardware]: No controller active in LOW_LEVEL_SERVOING mode !
[ros2_control_node-1] [DEBUG] [1765404393.759439603] [KortexMultiInterfaceHardware]: No controller active in LOW_LEVEL_SERVOING mode !
[ros2_control_node-1] [DEBUG] [1765404393.759706324] [KortexMultiInterfaceHardware]: No controller active in LOW_LEVEL_SERVOING mode !
[ros2_control_node-1] [DEBUG] [1765404393.759960205] [KortexMultiInterfaceHardware]: No controller active in LOW_LEVEL_SERVOING mode !
[ros2_control_node-1] [DEBUG] [1765404393.760502350] [KortexMultiInterfaceHardware]: No controller active in LOW_LEVEL_SERVOING mode !
[ros2_control_node-1] [DEBUG] [1765404393.760750254] [KortexMultiInterfaceHardware]: No controller active in LOW_LEVEL_SERVOING mode !
[ros2_control_node-1] [DEBUG] [1765404393.760999768] [KortexMultiInterfaceHardware]: No controller active in LOW_LEVEL_SERVOING mode !
[ros2_control_node-1] [DEBUG] [1765404393.761488319] [KortexMultiInterfaceHardware]: No controller active in LOW_LEVEL_SERVOING mode !
[ros2_control_node-1] [DEBUG] [1765404393.761728711] [KortexMultiInterfaceHardware]: No controller active in LOW_LEVEL_SERVOING mode !
[ros2_control_node-1] [DEBUG] [1765404393.761980162] [KortexMultiInterfaceHardware]: No controller active in LOW_LEVEL_SERVOING mode !
[ros2_control_node-1] [DEBUG] [1765404393.762467523] [KortexMultiInterfaceHardware]: No controller active in LOW_LEVEL_SERVOING mode !
[ros2_control_node-1] [DEBUG] [1765404393.762708927] [KortexMultiInterfaceHardware]: No controller active in LOW_LEVEL_SERVOING mode !
[ros2_control_node-1] [DEBUG] [1765404393.762942622] [KortexMultiInterfaceHardware]: No controller active in LOW_LEVEL_SERVOING mode !
[ros2_control_node-1] [DEBUG] [1765404393.763473968] [KortexMultiInterfaceHardware]: No controller active in LOW_LEVEL_SERVOING mode !
[ros2_control_node-1] [DEBUG] [1765404393.763729594] [KortexMultiInterfaceHardware]: No controller active in LOW_LEVEL_SERVOING mode !
[ros2_control_node-1] [DEBUG] [1765404393.763979341] [KortexMultiInterfaceHardware]: No controller active in LOW_LEVEL_SERVOING mode !
[ros2_control_node-1] [DEBUG] [1765404393.764505387] [KortexMultiInterfaceHardware]: No controller active in LOW_LEVEL_SERVOING mode !
[ros2_control_node-1] [DEBUG] [1765404393.764748578] [KortexMultiInterfaceHardware]: No controller active in LOW_LEVEL_SERVOING mode !
[ros2_control_node-1] [DEBUG] [1765404393.764979659] [KortexMultiInterfaceHardware]: No controller active in LOW_LEVEL_SERVOING mode !
[ros2_control_node-1] [DEBUG] [1765404393.765518369] [KortexMultiInterfaceHardware]: No controller active in LOW_LEVEL_SERVOING mode !
[ros2_control_node-1] [DEBUG] [1765404393.765773437] [KortexMultiInterfaceHardware]: No controller active in LOW_LEVEL_SERVOING mode !
[ros2_control_node-1] [DEBUG] [1765404393.766000815] [KortexMultiInterfaceHardware]: No controller active in LOW_LEVEL_SERVOING mode !
[ros2_control_node-1] [DEBUG] [1765404393.766454850] [KortexMultiInterfaceHardware]: No controller active in LOW_LEVEL_SERVOING mode !
[ros2_control_node-1] [DEBUG] [1765404393.766760734] [KortexMultiInterfaceHardware]: No controller active in LOW_LEVEL_SERVOING mode !
[ros2_control_node-1] [DEBUG] [1765404393.767096798] [KortexMultiInterfaceHardware]: No controller active in LOW_LEVEL_SERVOING mode !
[ros2_control_node-1] [DEBUG] [1765404393.767489591] [KortexMultiInterfaceHardware]: No controller active in LOW_LEVEL_SERVOING mode !
[ros2_control_node-1] [DEBUG] [1765404393.767758263] [KortexMultiInterfaceHardware]: No controller active in LOW_LEVEL_SERVOING mode !
[ros2_control_node-1] [DEBUG] [1765404393.768061926] [KortexMultiInterfaceHardware]: No controller active in LOW_LEVEL_SERVOING mode !
[ros2_control_node-1] [DEBUG] [1765404393.768447370] [KortexMultiInterfaceHardware]: No controller active in LOW_LEVEL_SERVOING mode !
[ros2_control_node-1] [DEBUG] [1765404393.768693462] [KortexMultiInterfaceHardware]: No controller active in LOW_LEVEL_SERVOING mode !
[ros2_control_node-1] [DEBUG] [1765404393.768946849] [KortexMultiInterfaceHardware]: No controller active in LOW_LEVEL_SERVOING mode !
[ros2_control_node-1] [DEBUG] [1765404393.769454826] [KortexMultiInterfaceHardware]: No controller active in LOW_LEVEL_SERVOING mode !
[ros2_control_node-1] [DEBUG] [1765404393.769709235] [KortexMultiInterfaceHardware]: No controller active in LOW_LEVEL_SERVOING mode !
[ros2_control_node-1] [DEBUG] [1765404393.769960486] [KortexMultiInterfaceHardware]: No controller active in LOW_LEVEL_SERVOING mode !
[ros2_control_node-1] [DEBUG] [1765404393.770187354] [KortexMultiInterfaceHardware]: No controller active in LOW_LEVEL_SERVOING mode !
[ros2_control_node-1] [DEBUG] [1765404393.770437367] [KortexMultiInterfaceHardware]: No controller active in LOW_LEVEL_SERVOING mode !
[ros2_control_node-1] [DEBUG] [1765404393.770670887] [KortexMultiInterfaceHardware]: No controller active in LOW_LEVEL_SERVOING mode !
[ros2_control_node-1] [DEBUG] [1765404393.770897904] [KortexMultiInterfaceHardware]: No controller active in LOW_LEVEL_SERVOING mode !
[ros2_control_node-1] [DEBUG] [1765404393.771468062] [KortexMultiInterfaceHardware]: No controller active in LOW_LEVEL_SERVOING mode !
[ros2_control_node-1] [DEBUG] [1765404393.771729216] [KortexMultiInterfaceHardware]: No controller active in LOW_LEVEL_SERVOING mode !
[ros2_control_node-1] [DEBUG] [1765404393.771959229] [KortexMultiInterfaceHardware]: No controller active in LOW_LEVEL_SERVOING mode !
[ros2_control_node-1] [DEBUG] [1765404393.772185516] [KortexMultiInterfaceHardware]: No controller active in LOW_LEVEL_SERVOING mode !
[ros2_control_node-1] [DEBUG] [1765404393.772440042] [KortexMultiInterfaceHardware]: No controller active in LOW_LEVEL_SERVOING mode !
[ros2_control_node-1] [DEBUG] [1765404393.772669809] [KortexMultiInterfaceHardware]: No controller active in LOW_LEVEL_SERVOING mode !
[ros2_control_node-1] [DEBUG] [1765404393.772900273] [KortexMultiInterfaceHardware]: No controller active in LOW_LEVEL_SERVOING mode !
[ros2_control_node-1] [DEBUG] [1765404393.773438744] [KortexMultiInterfaceHardware]: No controller active in LOW_LEVEL_SERVOING mode !
[ros2_control_node-1] [DEBUG] [1765404393.773686933] [KortexMultiInterfaceHardware]: No controller active in LOW_LEVEL_SERVOING mode !
[ros2_control_node-1] [DEBUG] [1765404393.773920005] [KortexMultiInterfaceHardware]: No controller active in LOW_LEVEL_SERVOING mode !
[ros2_control_node-1] [DEBUG] [1765404393.774147808] [KortexMultiInterfaceHardware]: No controller active in LOW_LEVEL_SERVOING mode !
[ros2_control_node-1] [DEBUG] [1765404393.774437275] [KortexMultiInterfaceHardware]: No controller active in LOW_LEVEL_SERVOING mode !
[ros2_control_node-1] [DEBUG] [1765404393.774666183] [KortexMultiInterfaceHardware]: No controller active in LOW_LEVEL_SERVOING mode !
[ros2_control_node-1] [DEBUG] [1765404393.774894967] [KortexMultiInterfaceHardware]: No controller active in LOW_LEVEL_SERVOING mode !
[ros2_control_node-1] [DEBUG] [1765404393.775457270] [KortexMultiInterfaceHardware]: No controller active in LOW_LEVEL_SERVOING mode !
[ros2_control_node-1] [DEBUG] [1765404393.775710513] [KortexMultiInterfaceHardware]: No controller active in LOW_LEVEL_SERVOING mode !
[ros2_control_node-1] [DEBUG] [1765404393.775957066] [KortexMultiInterfaceHardware]: No controller active in LOW_LEVEL_SERVOING mode !
[ros2_control_node-1] [DEBUG] [1765404393.776405085] [KortexMultiInterfaceHardware]: No controller active in LOW_LEVEL_SERVOING mode !
[ros2_control_node-1] [DEBUG] [1765404393.776646059] [KortexMultiInterfaceHardware]: No controller active in LOW_LEVEL_SERVOING mode !
[ros2_control_node-1] [DEBUG] [1765404393.776877629] [KortexMultiInterfaceHardware]: No controller active in LOW_LEVEL_SERVOING mode !
[ros2_control_node-1] [DEBUG] [1765404393.777456738] [KortexMultiInterfaceHardware]: No controller active in LOW_LEVEL_SERVOING mode !
[ros2_control_node-1] [DEBUG] [1765404393.777729990] [KortexMultiInterfaceHardware]: No controller active in LOW_LEVEL_SERVOING mode !
[ros2_control_node-1] [DEBUG] [1765404393.777959220] [KortexMultiInterfaceHardware]: No controller active in LOW_LEVEL_SERVOING mode !
[ros2_control_node-1] [DEBUG] [1765404393.778375550] [KortexMultiInterfaceHardware]: No controller active in LOW_LEVEL_SERVOING mode !
[ros2_control_node-1] [DEBUG] [1765404393.778623911] [KortexMultiInterfaceHardware]: No controller active in LOW_LEVEL_SERVOING mode !
[ros2_control_node-1] [DEBUG] [1765404393.778853275] [KortexMultiInterfaceHardware]: No controller active in LOW_LEVEL_SERVOING mode !
[ros2_control_node-1] [DEBUG] [1765404393.779418974] [KortexMultiInterfaceHardware]: No controller active in LOW_LEVEL_SERVOING mode !
[ros2_control_node-1] [DEBUG] [1765404393.779674591] [KortexMultiInterfaceHardware]: No controller active in LOW_LEVEL_SERVOING mode !
[ros2_control_node-1] [DEBUG] [1765404393.779923035] [KortexMultiInterfaceHardware]: No controller active in LOW_LEVEL_SERVOING mode !
[ros2_control_node-1] [DEBUG] [1765404393.780153803] [KortexMultiInterfaceHardware]: No controller active in LOW_LEVEL_SERVOING mode !
[ros2_control_node-1] [DEBUG] [1765404393.780440406] [KortexMultiInterfaceHardware]: No controller active in LOW_LEVEL_SERVOING mode !
[ros2_control_node-1] [DEBUG] [1765404393.780688547] [KortexMultiInterfaceHardware]: No controller active in LOW_LEVEL_SERVOING mode !
[ros2_control_node-1] [DEBUG] [1765404393.780964028] [KortexMultiInterfaceHardware]: No controller active in LOW_LEVEL_SERVOING mode !
[ros2_control_node-1] [DEBUG] [1765404393.781528170] [KortexMultiInterfaceHardware]: No controller active in LOW_LEVEL_SERVOING mode !
[ros2_control_node-1] [DEBUG] [1765404393.781774166] [KortexMultiInterfaceHardware]: No controller active in LOW_LEVEL_SERVOING mode !
[ros2_control_node-1] [DEBUG] [1765404393.782029541] [KortexMultiInterfaceHardware]: No controller active in LOW_LEVEL_SERVOING mode !
[ros2_control_node-1] [DEBUG] [1765404393.782473418] [KortexMultiInterfaceHardware]: No controller active in LOW_LEVEL_SERVOING mode !
[ros2_control_node-1] [DEBUG] [1765404393.782731015] [KortexMultiInterfaceHardware]: No controller active in LOW_LEVEL_SERVOING mode !
[ros2_control_node-1] [DEBUG] [1765404393.782981429] [KortexMultiInterfaceHardware]: No controller active in LOW_LEVEL_SERVOING mode !
[ros2_control_node-1] [DEBUG] [1765404393.783522831] [KortexMultiInterfaceHardware]: No controller active in LOW_LEVEL_SERVOING mode !
[ros2_control_node-1] [DEBUG] [1765404393.783770810] [KortexMultiInterfaceHardware]: No controller active in LOW_LEVEL_SERVOING mode !
[ros2_control_node-1] [DEBUG] [1765404393.784001552] [KortexMultiInterfaceHardware]: No controller active in LOW_LEVEL_SERVOING mode !
[ros2_control_node-1] [DEBUG] [1765404393.784522844] [KortexMultiInterfaceHardware]: No controller active in LOW_LEVEL_SERVOING mode !
[ros2_control_node-1] [DEBUG] [1765404393.784793216] [KortexMultiInterfaceHardware]: No controller active in LOW_LEVEL_SERVOING mode !
[ros2_control_node-1] [DEBUG] [1765404393.785022473] [KortexMultiInterfaceHardware]: No controller active in LOW_LEVEL_SERVOING mode !
[ros2_control_node-1] [DEBUG] [1765404393.785445743] [KortexMultiInterfaceHardware]: No controller active in LOW_LEVEL_SERVOING mode !
[ros2_control_node-1] [DEBUG] [1765404393.785708777] [KortexMultiInterfaceHardware]: No controller active in LOW_LEVEL_SERVOING mode !
[ros2_control_node-1] [DEBUG] [1765404393.785965275] [KortexMultiInterfaceHardware]: No controller active in LOW_LEVEL_SERVOING mode !
[ros2_control_node-1] [DEBUG] [1765404393.786507679] [KortexMultiInterfaceHardware]: No controller active in LOW_LEVEL_SERVOING mode !
[ros2_control_node-1] [DEBUG] [1765404393.786773970] [KortexMultiInterfaceHardware]: No controller active in LOW_LEVEL_SERVOING mode !
[ros2_control_node-1] [DEBUG] [1765404393.787002889] [KortexMultiInterfaceHardware]: No controller active in LOW_LEVEL_SERVOING mode !
[ros2_control_node-1] [DEBUG] [1765404393.787529758] [KortexMultiInterfaceHardware]: No controller active in LOW_LEVEL_SERVOING mode !
[ros2_control_node-1] [DEBUG] [1765404393.787773338] [KortexMultiInterfaceHardware]: No controller active in LOW_LEVEL_SERVOING mode !
[ros2_control_node-1] [DEBUG] [1765404393.788023550] [KortexMultiInterfaceHardware]: No controller active in LOW_LEVEL_SERVOING mode !
[ros2_control_node-1] [DEBUG] [1765404393.788469638] [KortexMultiInterfaceHardware]: No controller active in LOW_LEVEL_SERVOING mode !
[ros2_control_node-1] [DEBUG] [1765404393.788737820] [KortexMultiInterfaceHardware]: No controller active in LOW_LEVEL_SERVOING mode !
[ros2_control_node-1] [DEBUG] [1765404393.789008213] [KortexMultiInterfaceHardware]: No controller active in LOW_LEVEL_SERVOING mode !
[ros2_control_node-1] [DEBUG] [1765404393.789531854] [KortexMultiInterfaceHardware]: No controller active in LOW_LEVEL_SERVOING mode !
[ros2_control_node-1] [INFO] [1765404393.789792116] [controller_manager]: Loading controller 'gen3_lite_2f_gripper_controller'
[ros2_control_node-1] [DEBUG] [1765404393.789830303] [KortexMultiInterfaceHardware]: No controller active in LOW_LEVEL_SERVOING mode !
[ros2_control_node-1] [DEBUG] [1765404393.790089481] [KortexMultiInterfaceHardware]: No controller active in LOW_LEVEL_SERVOING mode !
[ros2_control_node-1] [DEBUG] [1765404393.790508023] [KortexMultiInterfaceHardware]: No controller active in LOW_LEVEL_SERVOING mode !
[ros2_control_node-1] [DEBUG] [1765404393.790750197] [KortexMultiInterfaceHardware]: No controller active in LOW_LEVEL_SERVOING mode !
[ros2_control_node-1] [DEBUG] [1765404393.790979737] [KortexMultiInterfaceHardware]: No controller active in LOW_LEVEL_SERVOING mode !
[ros2_control_node-1] [DEBUG] [1765404393.791207944] [KortexMultiInterfaceHardware]: No controller active in LOW_LEVEL_SERVOING mode !
[ros2_control_node-1] [DEBUG] [1765404393.791437392] [KortexMultiInterfaceHardware]: No controller active in LOW_LEVEL_SERVOING mode !
[ros2_control_node-1] [DEBUG] [1765404393.791994888] [KortexMultiInterfaceHardware]: No controller active in LOW_LEVEL_SERVOING mode !
[ros2_control_node-1] [DEBUG] [1765404393.792464296] [KortexMultiInterfaceHardware]: No controller active in LOW_LEVEL_SERVOING mode !
[ros2_control_node-1] [DEBUG] [1765404393.792728677] [KortexMultiInterfaceHardware]: No controller active in LOW_LEVEL_SERVOING mode !
[ros2_control_node-1] [DEBUG] [1765404393.792990477] [KortexMultiInterfaceHardware]: No controller active in LOW_LEVEL_SERVOING mode !
[ros2_control_node-1] [DEBUG] [1765404393.793438310] [KortexMultiInterfaceHardware]: No controller active in LOW_LEVEL_SERVOING mode !
[ros2_control_node-1] [DEBUG] [1765404393.793706978] [KortexMultiInterfaceHardware]: No controller active in LOW_LEVEL_SERVOING mode !
[ros2_control_node-1] [DEBUG] [1765404393.793998453] [KortexMultiInterfaceHardware]: No controller active in LOW_LEVEL_SERVOING mode !
[ros2_control_node-1] [DEBUG] [1765404393.794478877] [KortexMultiInterfaceHardware]: No controller active in LOW_LEVEL_SERVOING mode !
[ros2_control_node-1] [DEBUG] [1765404393.794751764] [KortexMultiInterfaceHardware]: No controller active in LOW_LEVEL_SERVOING mode !
[ros2_control_node-1] [DEBUG] [1765404393.795024882] [KortexMultiInterfaceHardware]: No controller active in LOW_LEVEL_SERVOING mode !
[ros2_control_node-1] [DEBUG] [1765404393.795457309] [KortexMultiInterfaceHardware]: No controller active in LOW_LEVEL_SERVOING mode !
[ros2_control_node-1] [DEBUG] [1765404393.795727469] [KortexMultiInterfaceHardware]: No controller active in LOW_LEVEL_SERVOING mode !
[spawner-7] [INFO] [1765404393.795762337] [spawner_gen3_lite_2f_gripper_controller]: [94mLoaded [1mgen3_lite_2f_gripper_controller[0m
[ros2_control_node-1] [DEBUG] [1765404393.796076215] [KortexMultiInterfaceHardware]: No controller active in LOW_LEVEL_SERVOING mode !
[ros2_control_node-1] [INFO] [1765404393.796164990] [controller_manager]: Loading controller 'twist_controller'
[ros2_control_node-1] [DEBUG] [1765404393.796486924] [KortexMultiInterfaceHardware]: No controller active in LOW_LEVEL_SERVOING mode !
[ros2_control_node-1] [DEBUG] [1765404393.796764400] [KortexMultiInterfaceHardware]: No controller active in LOW_LEVEL_SERVOING mode !
[ros2_control_node-1] [DEBUG] [1765404393.797013357] [KortexMultiInterfaceHardware]: No controller active in LOW_LEVEL_SERVOING mode !
[ros2_control_node-1] [DEBUG] [1765404393.797492004] [KortexMultiInterfaceHardware]: No controller active in LOW_LEVEL_SERVOING mode !
[ros2_control_node-1] [DEBUG] [1765404393.797800042] [KortexMultiInterfaceHardware]: No controller active in LOW_LEVEL_SERVOING mode !
[ros2_control_node-1] [DEBUG] [1765404393.798085419] [KortexMultiInterfaceHardware]: No controller active in LOW_LEVEL_SERVOING mode !
[ros2_control_node-1] [DEBUG] [1765404393.798503261] [KortexMultiInterfaceHardware]: No controller active in LOW_LEVEL_SERVOING mode !
[ros2_control_node-1] [DEBUG] [1765404393.798798574] [KortexMultiInterfaceHardware]: No controller active in LOW_LEVEL_SERVOING mode !
[ros2_control_node-1] [DEBUG] [1765404393.799068787] [KortexMultiInterfaceHardware]: No controller active in LOW_LEVEL_SERVOING mode !
[ros2_control_node-1] [DEBUG] [1765404393.799468836] [KortexMultiInterfaceHardware]: No controller active in LOW_LEVEL_SERVOING mode !
[ros2_control_node-1] [DEBUG] [1765404393.799810347] [KortexMultiInterfaceHardware]: No controller active in LOW_LEVEL_SERVOING mode !
[ros2_control_node-1] [DEBUG] [1765404393.800085647] [KortexMultiInterfaceHardware]: No controller active in LOW_LEVEL_SERVOING mode !
[ros2_control_node-1] [DEBUG] [1765404393.800469378] [KortexMultiInterfaceHardware]: No controller active in LOW_LEVEL_SERVOING mode !
[ros2_control_node-1] [INFO] [1765404393.800520775] [controller_manager]: Configuring controller 'gen3_lite_2f_gripper_controller'
[ros2_control_node-1] [INFO] [1765404393.800598061] [gen3_lite_2f_gripper_controller]: Action status changes will be monitored at 20.000000 Hz.
[ros2_control_node-1] [DEBUG] [1765404393.800794683] [KortexMultiInterfaceHardware]: No controller active in LOW_LEVEL_SERVOING mode !
[spawner-5] [INFO] [1765404393.800862323] [spawner_twist_controller]: [94mLoaded [1mtwist_controller[0m
[ros2_control_node-1] [DEBUG] [1765404393.801105373] [KortexMultiInterfaceHardware]: No controller active in LOW_LEVEL_SERVOING mode !
[ros2_control_node-1] [DEBUG] [1765404393.801479995] [KortexMultiInterfaceHardware]: No controller active in LOW_LEVEL_SERVOING mode !
[ros2_control_node-1] [DEBUG] [1765404393.801815649] [KortexMultiInterfaceHardware]: No controller active in LOW_LEVEL_SERVOING mode !
[ros2_control_node-1] [INFO] [1765404393.801998556] [controller_manager]: Configuring controller 'twist_controller'
[ros2_control_node-1] [DEBUG] [1765404393.802091566] [KortexMultiInterfaceHardware]: No controller active in LOW_LEVEL_SERVOING mode !
[ros2_control_node-1] [DEBUG] [1765404393.802456514] [KortexMultiInterfaceHardware]: No controller active in LOW_LEVEL_SERVOING mode !
[ros2_control_node-1] [INFO] [1765404393.802714996] [twist_controller]: configure successful
[ros2_control_node-1] [DEBUG] [1765404393.802770553] [KortexMultiInterfaceHardware]: No controller active in LOW_LEVEL_SERVOING mode !
[ros2_control_node-1] [DEBUG] [1765404393.803027301] [KortexMultiInterfaceHardware]: No controller active in LOW_LEVEL_SERVOING mode !
[ros2_control_node-1] [INFO] [1765404393.803064572] [controller_manager]: Loading controller 'joint_state_broadcaster'
[ros2_control_node-1] [DEBUG] [1765404393.803478870] [KortexMultiInterfaceHardware]: No controller active in LOW_LEVEL_SERVOING mode !
[ros2_control_node-1] [DEBUG] [1765404393.803748699] [KortexMultiInterfaceHardware]: No controller active in LOW_LEVEL_SERVOING mode !
[ros2_control_node-1] [DEBUG] [1765404393.804029839] [KortexMultiInterfaceHardware]: No controller active in LOW_LEVEL_SERVOING mode !
[ros2_control_node-1] [DEBUG] [1765404393.804489424] [KortexMultiInterfaceHardware]: No controller active in LOW_LEVEL_SERVOING mode !
[ros2_control_node-1] [DEBUG] [1765404393.804769149] [KortexMultiInterfaceHardware]: No controller active in LOW_LEVEL_SERVOING mode !
[ros2_control_node-1] [DEBUG] [1765404393.805090054] [KortexMultiInterfaceHardware]: No controller active in LOW_LEVEL_SERVOING mode !
[ros2_control_node-1] [DEBUG] [1765404393.805504075] [KortexMultiInterfaceHardware]: No controller active in LOW_LEVEL_SERVOING mode !
[ros2_control_node-1] [DEBUG] [1765404393.805813236] [KortexMultiInterfaceHardware]: No controller active in LOW_LEVEL_SERVOING mode !
[ros2_control_node-1] [DEBUG] [1765404393.806103506] [KortexMultiInterfaceHardware]: No controller active in LOW_LEVEL_SERVOING mode !
[ros2_control_node-1] [DEBUG] [1765404393.806499863] [KortexMultiInterfaceHardware]: No controller active in LOW_LEVEL_SERVOING mode !
[ros2_control_node-1] [DEBUG] [1765404393.806788397] [KortexMultiInterfaceHardware]: No controller active in LOW_LEVEL_SERVOING mode !
[ros2_control_node-1] [DEBUG] [1765404393.807070743] [KortexMultiInterfaceHardware]: No controller active in LOW_LEVEL_SERVOING mode !
[ros2_control_node-1] [DEBUG] [1765404393.807453445] [KortexMultiInterfaceHardware]: No controller active in LOW_LEVEL_SERVOING mode !
[ros2_control_node-1] [DEBUG] [1765404393.807739900] [KortexMultiInterfaceHardware]: No controller active in LOW_LEVEL_SERVOING mode !
[ros2_control_node-1] [DEBUG] [1765404393.808019647] [KortexMultiInterfaceHardware]: No controller active in LOW_LEVEL_SERVOING mode !
[ros2_control_node-1] [INFO] [1765404393.808213477] [controller_manager]: Loading controller 'fault_controller'
[ros2_control_node-1] [DEBUG] [1765404393.808487362] [KortexMultiInterfaceHardware]: No controller active in LOW_LEVEL_SERVOING mode !
[ros2_control_node-1] [DEBUG] [1765404393.808766827] [KortexMultiInterfaceHardware]: No controller active in LOW_LEVEL_SERVOING mode !
[spawner-3] [INFO] [1765404393.808773341] [spawner_joint_state_broadcaster]: [94mLoaded [1mjoint_state_broadcaster[0m
[ros2_control_node-1] [DEBUG] [1765404393.809035027] [KortexMultiInterfaceHardware]: No controller active in LOW_LEVEL_SERVOING mode !
[ros2_control_node-1] [DEBUG] [1765404393.809559215] [KortexMultiInterfaceHardware]: No controller active in LOW_LEVEL_SERVOING mode !
[ros2_control_node-1] [DEBUG] [1765404393.809845139] [KortexMultiInterfaceHardware]: No controller active in LOW_LEVEL_SERVOING mode !
[ros2_control_node-1] [DEBUG] [1765404393.810428150] [KortexMultiInterfaceHardware]: No controller active in LOW_LEVEL_SERVOING mode !
[ros2_control_node-1] [DEBUG] [1765404393.810697045] [KortexMultiInterfaceHardware]: No controller active in LOW_LEVEL_SERVOING mode !
[ros2_control_node-1] [DEBUG] [1765404393.810967429] [KortexMultiInterfaceHardware]: No controller active in LOW_LEVEL_SERVOING mode !
[ros2_control_node-1] [DEBUG] [1765404393.811428836] [KortexMultiInterfaceHardware]: No controller active in LOW_LEVEL_SERVOING mode !
[ros2_control_node-1] [DEBUG] [1765404393.811692875] [KortexMultiInterfaceHardware]: No controller active in LOW_LEVEL_SERVOING mode !
[ros2_control_node-1] [DEBUG] [1765404393.811967026] [KortexMultiInterfaceHardware]: No controller active in LOW_LEVEL_SERVOING mode !
[ros2_control_node-1] [DEBUG] [1765404393.812482323] [KortexMultiInterfaceHardware]: No controller active in LOW_LEVEL_SERVOING mode !
[ros2_control_node-1] [DEBUG] [1765404393.812804450] [KortexMultiInterfaceHardware]: No controller active in LOW_LEVEL_SERVOING mode !
[ros2_control_node-1] [DEBUG] [1765404393.813078127] [KortexMultiInterfaceHardware]: No controller active in LOW_LEVEL_SERVOING mode !
[ros2_control_node-1] [INFO] [1765404393.813399193] [controller_manager]: Loading controller 'joint_trajectory_controller'
[ros2_control_node-1] [DEBUG] [1765404393.813477727] [KortexMultiInterfaceHardware]: No controller active in LOW_LEVEL_SERVOING mode !
[ros2_control_node-1] [DEBUG] [1765404393.813735721] [KortexMultiInterfaceHardware]: No controller active in LOW_LEVEL_SERVOING mode !
[ros2_control_node-1] [DEBUG] [1765404393.813990322] [KortexMultiInterfaceHardware]: No controller active in LOW_LEVEL_SERVOING mode !
[spawner-6] [INFO] [1765404393.814305484] [spawner_fault_controller]: [94mLoaded [1mfault_controller[0m
[ros2_control_node-1] [DEBUG] [1765404393.814495631] [KortexMultiInterfaceHardware]: No controller active in LOW_LEVEL_SERVOING mode !
[ros2_control_node-1] [DEBUG] [1765404393.814755562] [KortexMultiInterfaceHardware]: No controller active in LOW_LEVEL_SERVOING mode !
[ros2_control_node-1] [DEBUG] [1765404393.815008902] [KortexMultiInterfaceHardware]: No controller active in LOW_LEVEL_SERVOING mode !
[ros2_control_node-1] [DEBUG] [1765404393.815474944] [KortexMultiInterfaceHardware]: No controller active in LOW_LEVEL_SERVOING mode !
[ros2_control_node-1] [DEBUG] [1765404393.815740051] [KortexMultiInterfaceHardware]: No controller active in LOW_LEVEL_SERVOING mode !
[ros2_control_node-1] [DEBUG] [1765404393.816194446] [KortexMultiInterfaceHardware]: No controller active in LOW_LEVEL_SERVOING mode !
[ros2_control_node-1] [DEBUG] [1765404393.816473101] [KortexMultiInterfaceHardware]: No controller active in LOW_LEVEL_SERVOING mode !
[ros2_control_node-1] [DEBUG] [1765404393.816746998] [KortexMultiInterfaceHardware]: No controller active in LOW_LEVEL_SERVOING mode !
[ros2_control_node-1] [DEBUG] [1765404393.817012704] [KortexMultiInterfaceHardware]: No controller active in LOW_LEVEL_SERVOING mode !
[ros2_control_node-1] [DEBUG] [1765404393.817450348] [KortexMultiInterfaceHardware]: No controller active in LOW_LEVEL_SERVOING mode !
[ros2_control_node-1] [DEBUG] [1765404393.817714928] [KortexMultiInterfaceHardware]: No controller active in LOW_LEVEL_SERVOING mode !
[ros2_control_node-1] [DEBUG] [1765404393.817985948] [KortexMultiInterfaceHardware]: No controller active in LOW_LEVEL_SERVOING mode !
[ros2_control_node-1] [DEBUG] [1765404393.818491311] [KortexMultiInterfaceHardware]: No controller active in LOW_LEVEL_SERVOING mode !
[ros2_control_node-1] [DEBUG] [1765404393.818820991] [KortexMultiInterfaceHardware]: No controller active in LOW_LEVEL_SERVOING mode !
[ros2_control_node-1] [DEBUG] [1765404393.819157066] [KortexMultiInterfaceHardware]: No controller active in LOW_LEVEL_SERVOING mode !
[ros2_control_node-1] [DEBUG] [1765404393.819485633] [KortexMultiInterfaceHardware]: No controller active in LOW_LEVEL_SERVOING mode !
[ros2_control_node-1] [DEBUG] [1765404393.819793344] [KortexMultiInterfaceHardware]: No controller active in LOW_LEVEL_SERVOING mode !
[ros2_control_node-1] [DEBUG] [1765404393.820111023] [KortexMultiInterfaceHardware]: No controller active in LOW_LEVEL_SERVOING mode !
[ros2_control_node-1] [WARN] [1765404393.820412899] [joint_trajectory_controller]: [Deprecated]: "allow_nonzero_velocity_at_trajectory_end" is set to true. The default behavior will change to false.
[ros2_control_node-1] [DEBUG] [1765404393.820496833] [KortexMultiInterfaceHardware]: No controller active in LOW_LEVEL_SERVOING mode !
[ros2_control_node-1] [DEBUG] [1765404393.820783009] [KortexMultiInterfaceHardware]: No controller active in LOW_LEVEL_SERVOING mode !
[ros2_control_node-1] [INFO] [1765404393.820787954] [controller_manager]: Configuring controller 'joint_state_broadcaster'
[ros2_control_node-1] [INFO] [1765404393.820840048] [joint_state_broadcaster]: 'joints' or 'interfaces' parameter is empty. All available state interfaces will be published
[ros2_control_node-1] [DEBUG] [1765404393.821052266] [KortexMultiInterfaceHardware]: No controller active in LOW_LEVEL_SERVOING mode !
[spawner-4] [INFO] [1765404393.821285774] [spawner_joint_trajectory_controller]: [94mLoaded [1mjoint_trajectory_controller[0m
[ros2_control_node-1] [DEBUG] [1765404393.821450602] [KortexMultiInterfaceHardware]: No controller active in LOW_LEVEL_SERVOING mode !
[ros2_control_node-1] [DEBUG] [1765404393.821775779] [KortexMultiInterfaceHardware]: No controller active in LOW_LEVEL_SERVOING mode !
[ros2_control_node-1] [DEBUG] [1765404393.822038629] [KortexMultiInterfaceHardware]: No controller active in LOW_LEVEL_SERVOING mode !
[ros2_control_node-1] [DEBUG] [1765404393.822464260] [KortexMultiInterfaceHardware]: No controller active in LOW_LEVEL_SERVOING mode !
[ros2_control_node-1] [DEBUG] [1765404393.822709055] [KortexMultiInterfaceHardware]: No controller active in LOW_LEVEL_SERVOING mode !
[ros2_control_node-1] [DEBUG] [1765404393.822958659] [KortexMultiInterfaceHardware]: No controller active in LOW_LEVEL_SERVOING mode !
[ros2_control_node-1] [DEBUG] [1765404393.823527831] [KortexMultiInterfaceHardware]: No controller active in LOW_LEVEL_SERVOING mode !
[ros2_control_node-1] [DEBUG] [1765404393.823800101] [KortexMultiInterfaceHardware]: No controller active in LOW_LEVEL_SERVOING mode !
[ros2_control_node-1] [DEBUG] [1765404393.824053957] [KortexMultiInterfaceHardware]: No controller active in LOW_LEVEL_SERVOING mode !
[ros2_control_node-1] [DEBUG] [1765404393.824454525] [KortexMultiInterfaceHardware]: No controller active in LOW_LEVEL_SERVOING mode !
[ros2_control_node-1] [DEBUG] [1765404393.824735700] [KortexMultiInterfaceHardware]: No controller active in LOW_LEVEL_SERVOING mode !
[ros2_control_node-1] [DEBUG] [1765404393.825006618] [KortexMultiInterfaceHardware]: No controller active in LOW_LEVEL_SERVOING mode !
[ros2_control_node-1] [INFO] [1765404393.825119917] [controller_manager]: Configuring controller 'fault_controller'
[ros2_control_node-1] [DEBUG] [1765404393.825441786] [KortexMultiInterfaceHardware]: No controller active in LOW_LEVEL_SERVOING mode !
[ros2_control_node-1] [INFO] [1765404393.825588012] [controller_manager]: Configuring controller 'joint_trajectory_controller'
[ros2_control_node-1] [INFO] [1765404393.825718029] [joint_trajectory_controller]: No specific joint names are used for command interfaces. Using 'joints' parameter.
[ros2_control_node-1] [DEBUG] [1765404393.825723157] [KortexMultiInterfaceHardware]: No controller active in LOW_LEVEL_SERVOING mode !
[ros2_control_node-1] [INFO] [1765404393.825741538] [joint_trajectory_controller]: Command interfaces are [position] and state interfaces are [position velocity].
[ros2_control_node-1] [INFO] [1765404393.825761885] [joint_trajectory_controller]: Using 'splines' interpolation method.
[ros2_control_node-1] [DEBUG] [1765404393.826050266] [KortexMultiInterfaceHardware]: No controller active in LOW_LEVEL_SERVOING mode !
[ros2_control_node-1] [DEBUG] [1765404393.826499575] [KortexMultiInterfaceHardware]: No controller active in LOW_LEVEL_SERVOING mode !
[ros2_control_node-1] [INFO] [1765404393.826539968] [joint_trajectory_controller]: Controller state will be published at 100.00 Hz.
[ros2_control_node-1] [DEBUG] [1765404393.826786390] [KortexMultiInterfaceHardware]: No controller active in LOW_LEVEL_SERVOING mode !
[ros2_control_node-1] [DEBUG] [1765404393.827115339] [KortexMultiInterfaceHardware]: No controller active in LOW_LEVEL_SERVOING mode !
[ros2_control_node-1] [DEBUG] [1765404393.827469226] [KortexMultiInterfaceHardware]: No controller active in LOW_LEVEL_SERVOING mode !
[ros2_control_node-1] [INFO] [1765404393.827633736] [joint_trajectory_controller]: Action status changes will be monitored at 20.00 Hz.
[ros2_control_node-1] [DEBUG] [1765404393.827746647] [KortexMultiInterfaceHardware]: No controller active in LOW_LEVEL_SERVOING mode !
[ros2_control_node-1] [DEBUG] [1765404393.827992375] [KortexMultiInterfaceHardware]: No controller active in LOW_LEVEL_SERVOING mode !
[ros2_control_node-1] [DEBUG] [1765404393.828491097] [KortexMultiInterfaceHardware]: No controller active in LOW_LEVEL_SERVOING mode !
[ros2_control_node-1] [DEBUG] [1765404393.828760925] [KortexMultiInterfaceHardware]: No controller active in LOW_LEVEL_SERVOING mode !
[ros2_control_node-1] [DEBUG] [1765404393.829046195] [KortexMultiInterfaceHardware]: No controller active in LOW_LEVEL_SERVOING mode !
[ros2_control_node-1] [DEBUG] [1765404393.829446630] [KortexMultiInterfaceHardware]: No controller active in LOW_LEVEL_SERVOING mode !
[ros2_control_node-1] [DEBUG] [1765404393.829692187] [KortexMultiInterfaceHardware]: No controller active in LOW_LEVEL_SERVOING mode !
[ros2_control_node-1] [DEBUG] [1765404393.829916831] [KortexMultiInterfaceHardware]: No controller active in LOW_LEVEL_SERVOING mode !
[ros2_control_node-1] [DEBUG] [1765404393.830153664] [KortexMultiInterfaceHardware]: No controller active in LOW_LEVEL_SERVOING mode !
[ros2_control_node-1] [DEBUG] [1765404393.830443184] [KortexMultiInterfaceHardware]: No controller active in LOW_LEVEL_SERVOING mode !
[ros2_control_node-1] [DEBUG] [1765404393.830705064] [KortexMultiInterfaceHardware]: No controller active in LOW_LEVEL_SERVOING mode !
[ros2_control_node-1] [DEBUG] [1765404393.830965129] [KortexMultiInterfaceHardware]: No controller active in LOW_LEVEL_SERVOING mode !
[ros2_control_node-1] [DEBUG] [1765404393.831449309] [KortexMultiInterfaceHardware]: No controller active in LOW_LEVEL_SERVOING mode !
[move_group-9] [INFO] [1765404393.836854935] [moveit.ros_planning_interface.moveit_cpp]: Loading planning pipeline 'ompl'
[move_group-9] [INFO] [1765404393.845143281] [moveit.ros_planning.planning_pipeline]: Using planning interface 'OMPL'
[move_group-9] [INFO] [1765404393.847092920] [moveit_ros.add_time_optimal_parameterization]: Param 'ompl.path_tolerance' was not set. Using default value: 0.100000
[move_group-9] [INFO] [1765404393.847101192] [moveit_ros.add_time_optimal_parameterization]: Param 'ompl.resample_dt' was not set. Using default value: 0.100000
[move_group-9] [INFO] [1765404393.847103990] [moveit_ros.add_time_optimal_parameterization]: Param 'ompl.min_angle_change' was not set. Using default value: 0.001000
[move_group-9] [INFO] [1765404393.847116537] [moveit_ros.fix_workspace_bounds]: Param 'ompl.default_workspace_bounds' was not set. Using default value: 10.000000
[move_group-9] [INFO] [1765404393.847124873] [moveit_ros.fix_start_state_bounds]: Param 'ompl.start_state_max_bounds_error' was set to 0.100000
[move_group-9] [INFO] [1765404393.847127735] [moveit_ros.fix_start_state_bounds]: Param 'ompl.start_state_max_dt' was not set. Using default value: 0.500000
[move_group-9] [INFO] [1765404393.847134121] [moveit_ros.fix_start_state_collision]: Param 'ompl.start_state_max_dt' was not set. Using default value: 0.500000
[move_group-9] [INFO] [1765404393.847136531] [moveit_ros.fix_start_state_collision]: Param 'ompl.jiggle_fraction' was not set. Using default value: 0.020000
[move_group-9] [INFO] [1765404393.847139199] [moveit_ros.fix_start_state_collision]: Param 'ompl.max_sampling_attempts' was not set. Using default value: 100
[move_group-9] [INFO] [1765404393.847145368] [moveit.ros_planning.planning_pipeline]: Using planning request adapter 'Add Time Optimal Parameterization'
[move_group-9] [INFO] [1765404393.847147544] [moveit.ros_planning.planning_pipeline]: Using planning request adapter 'Resolve constraint frames to robot links'
[move_group-9] [INFO] [1765404393.847149233] [moveit.ros_planning.planning_pipeline]: Using planning request adapter 'Fix Workspace Bounds'
[move_group-9] [INFO] [1765404393.847151076] [moveit.ros_planning.planning_pipeline]: Using planning request adapter 'Fix Start State Bounds'
[move_group-9] [INFO] [1765404393.847152725] [moveit.ros_planning.planning_pipeline]: Using planning request adapter 'Fix Start State In Collision'
[move_group-9] [INFO] [1765404393.847179670] [moveit.ros_planning.planning_pipeline]: Using planning request adapter 'Fix Start State Path Constraints'
[move_group-9] [INFO] [1765404393.848616331] [moveit.ros_planning_interface.moveit_cpp]: Loading planning pipeline 'pilz_industrial_motion_planner'
[move_group-9] [INFO] [1765404393.850559984] [moveit.pilz_industrial_motion_planner.joint_limits_aggregator]: Reading limits from namespace robot_description_planning
[move_group-9] [INFO] [1765404393.852661829] [moveit.pilz_industrial_motion_planner]: Available plugins: pilz_industrial_motion_planner/PlanningContextLoaderCIRC pilz_industrial_motion_planner/PlanningContextLoaderLIN pilz_industrial_motion_planner/PlanningContextLoaderPTP 
[move_group-9] [INFO] [1765404393.852675659] [moveit.pilz_industrial_motion_planner]: About to load: pilz_industrial_motion_planner/PlanningContextLoaderCIRC
[move_group-9] [INFO] [1765404393.853722378] [moveit.pilz_industrial_motion_planner]: Registered Algorithm [CIRC]
[move_group-9] [INFO] [1765404393.853734626] [moveit.pilz_industrial_motion_planner]: About to load: pilz_industrial_motion_planner/PlanningContextLoaderLIN
[move_group-9] [INFO] [1765404393.854370767] [moveit.pilz_industrial_motion_planner]: Registered Algorithm [LIN]
[move_group-9] [INFO] [1765404393.854377768] [moveit.pilz_industrial_motion_planner]: About to load: pilz_industrial_motion_planner/PlanningContextLoaderPTP
[move_group-9] [INFO] [1765404393.854979345] [moveit.pilz_industrial_motion_planner]: Registered Algorithm [PTP]
[move_group-9] [INFO] [1765404393.854988014] [moveit.ros_planning.planning_pipeline]: Using planning interface 'Pilz Industrial Motion Planner'
[move_group-9] [INFO] [1765404393.855357478] [moveit.ros_planning_interface.moveit_cpp]: Loading planning pipeline 'chomp'
[move_group-9] [INFO] [1765404393.857761670] [moveit.ros_planning.planning_pipeline]: Using planning interface 'CHOMP'
[move_group-9] [INFO] [1765404393.859045687] [moveit_ros.add_time_optimal_parameterization]: Param 'chomp.path_tolerance' was not set. Using default value: 0.100000
[move_group-9] [INFO] [1765404393.859052452] [moveit_ros.add_time_optimal_parameterization]: Param 'chomp.resample_dt' was not set. Using default value: 0.100000
[move_group-9] [INFO] [1765404393.859055242] [moveit_ros.add_time_optimal_parameterization]: Param 'chomp.min_angle_change' was not set. Using default value: 0.001000
[move_group-9] [INFO] [1765404393.859068262] [moveit_ros.fix_workspace_bounds]: Param 'chomp.default_workspace_bounds' was not set. Using default value: 10.000000
[move_group-9] [INFO] [1765404393.859076672] [moveit_ros.fix_start_state_bounds]: Param 'chomp.start_state_max_bounds_error' was set to 0.100000
[move_group-9] [INFO] [1765404393.859079396] [moveit_ros.fix_start_state_bounds]: Param 'chomp.start_state_max_dt' was not set. Using default value: 0.500000
[move_group-9] [INFO] [1765404393.859086136] [moveit_ros.fix_start_state_collision]: Param 'chomp.start_state_max_dt' was not set. Using default value: 0.500000
[move_group-9] [INFO] [1765404393.859088624] [moveit_ros.fix_start_state_collision]: Param 'chomp.jiggle_fraction' was set to 0.050000
[move_group-9] [INFO] [1765404393.859091089] [moveit_ros.fix_start_state_collision]: Param 'chomp.max_sampling_attempts' was not set. Using default value: 100
[move_group-9] [INFO] [1765404393.859097710] [moveit.ros_planning.planning_pipeline]: Using planning request adapter 'Add Time Optimal Parameterization'
[move_group-9] [INFO] [1765404393.859099948] [moveit.ros_planning.planning_pipeline]: Using planning request adapter 'Resolve constraint frames to robot links'
[move_group-9] [INFO] [1765404393.859101655] [moveit.ros_planning.planning_pipeline]: Using planning request adapter 'Fix Workspace Bounds'
[move_group-9] [INFO] [1765404393.859103428] [moveit.ros_planning.planning_pipeline]: Using planning request adapter 'Fix Start State Bounds'
[move_group-9] [INFO] [1765404393.859105068] [moveit.ros_planning.planning_pipeline]: Using planning request adapter 'Fix Start State In Collision'
[move_group-9] [INFO] [1765404393.859106702] [moveit.ros_planning.planning_pipeline]: Using planning request adapter 'Fix Start State Path Constraints'
[move_group-9] [INFO] [1765404393.873189656] [moveit.plugins.moveit_simple_controller_manager]: Added FollowJointTrajectory controller for joint_trajectory_controller
[move_group-9] [INFO] [1765404393.873215496] [moveit.plugins.moveit_simple_controller_manager]: Max effort set to 0.0
[move_group-9] [INFO] [1765404393.874507004] [moveit.plugins.moveit_simple_controller_manager]: Added GripperCommand controller for gen3_lite_2f_gripper_controller
[move_group-9] [INFO] [1765404393.874598474] [moveit.plugins.moveit_simple_controller_manager]: Returned 2 controllers in list
[move_group-9] [INFO] [1765404393.874610247] [moveit.plugins.moveit_simple_controller_manager]: Returned 2 controllers in list
[move_group-9] [INFO] [1765404393.874833571] [moveit_ros.trajectory_execution_manager]: Trajectory execution is managing controllers
[move_group-9] [INFO] [1765404393.874843422] [move_group.move_group]: MoveGroup debug mode is ON
[move_group-9] [INFO] [1765404393.883154389] [move_group.move_group]: 
[move_group-9] 
[move_group-9] ********************************************************
[move_group-9] * MoveGroup using: 
[move_group-9] *     - ApplyPlanningSceneService
[move_group-9] *     - ClearOctomapService
[move_group-9] *     - CartesianPathService
[move_group-9] *     - ExecuteTrajectoryAction
[move_group-9] *     - GetPlanningSceneService
[move_group-9] *     - KinematicsService
[move_group-9] *     - MoveAction
[move_group-9] *     - MotionPlanService
[move_group-9] *     - QueryPlannersService
[move_group-9] *     - StateValidationService
[move_group-9] ********************************************************
[move_group-9] 
[move_group-9] [INFO] [1765404393.883177863] [moveit_move_group_capabilities_base.move_group_context]: MoveGroup context using planning plugin ompl_interface/OMPLPlanner
[move_group-9] [INFO] [1765404393.883183955] [moveit_move_group_capabilities_base.move_group_context]: MoveGroup context initialization complete
[move_group-9] [96mLoading 'move_group/ApplyPlanningSceneService'...
[move_group-9] [0m[96mLoading 'move_group/ClearOctomapService'...
[move_group-9] [0m[96mLoading 'move_group/MoveGroupCartesianPathService'...
[move_group-9] [0m[96mLoading 'move_group/MoveGroupExecuteTrajectoryAction'...
[move_group-9] [0m[96mLoading 'move_group/MoveGroupGetPlanningSceneService'...
[move_group-9] [0m[96mLoading 'move_group/MoveGroupKinematicsService'...
[move_group-9] [0m[96mLoading 'move_group/MoveGroupMoveAction'...
[move_group-9] [0m[96mLoading 'move_group/MoveGroupPlanService'...
[move_group-9] [0m[96mLoading 'move_group/MoveGroupQueryPlannersService'...
[move_group-9] [0m[96mLoading 'move_group/MoveGroupStateValidationService'...
[move_group-9] [0m[92m
[move_group-9] You can start planning now!
[move_group-9] 
[INFO] [spawner-5]: process has finished cleanly [pid 27268]
[ros2_control_node-1] [DEBUG] [1765404394.038853809] [KortexMultiInterfaceHardware]: No controller active in LOW_LEVEL_SERVOING mode !
[ros2_control_node-1] [DEBUG] [1765404394.039503055] [KortexMultiInterfaceHardware]: No controller active in LOW_LEVEL_SERVOING mode !
[ros2_control_node-1] [DEBUG] [1765404394.040004293] [KortexMultiInterfaceHardware]: No controller active in LOW_LEVEL_SERVOING mode !
[ros2_control_node-1] [DEBUG] [1765404394.040569630] [KortexMultiInterfaceHardware]: No controller active in LOW_LEVEL_SERVOING mode !
[spawner-7] [INFO] [1765404394.040577661] [spawner_gen3_lite_2f_gripper_controller]: [92mConfigured and activated [1mgen3_lite_2f_gripper_controller[0m
[ros2_control_node-1] [DEBUG] [1765404394.041050324] [KortexMultiInterfaceHardware]: No controller active in LOW_LEVEL_SERVOING mode !
[spawner-3] [INFO] [1765404394.041324599] [spawner_joint_state_broadcaster]: [92mConfigured and activated [1mjoint_state_broadcaster[0m
[INFO] [spawner-7]: process has finished cleanly [pid 27272]
[INFO] [spawner-3]: process has finished cleanly [pid 27264]
[ros2_control_node-1] [DEBUG] [1765404394.245956009] [KortexMultiInterfaceHardware]: No controller active in LOW_LEVEL_SERVOING mode !
[ros2_control_node-1] [DEBUG] [1765404394.246574109] [KortexMultiInterfaceHardware]: No controller active in LOW_LEVEL_SERVOING mode !
[spawner-6] [INFO] [1765404394.247977941] [spawner_fault_controller]: [92mConfigured and activated [1mfault_controller[0m
[INFO] [spawner-6]: process has finished cleanly [pid 27270]
[spawner-4] [INFO] [1765404394.463193890] [spawner_joint_trajectory_controller]: [92mConfigured and activated [1mjoint_trajectory_controller[0m
[INFO] [spawner-4]: process has finished cleanly [pid 27266]
[0;36m[INFO][0m Verifying robot connection...
[0;32m[OK][0m Robot connected - /joint_states topic available
[0;36m[INFO][0m Waiting for controllers to initialize...
[0;36m[INFO][0m Clearing robot faults...
[1;33m[WARN][0m Could not clear faults (service may not be available yet)

[0;34m>>> Moving robot to experiment starting position[0m

[INFO] [1765404424.839772854] [startup_position_setter]: Moving to experiment_start: array('d', [-1.819, -0.146, -1.746, 0.573, -1.261, -1.639])
[0;32m[OK][0m Robot at experiment starting position
[0;32m[OK][0m Hardware mode ready

[0;34m>>> Starting conversational engine...[0m

[0;36m[INFO][0m Starting FastAPI server...
[0;36m[INFO][0m Waiting for server to initialize (may take up to 30 seconds)...
2025-12-10 17:07:11.825 | INFO     | src.conversation.engine_factory:initialize_factory:212 - Initializing ConversationEngineFactory
/home/snickers/.local/lib/python3.10/site-packages/google/api_core/_python_version_support.py:266: FutureWarning: You are using a Python version (3.10.12) which Google will stop supporting in new releases of google.api_core once it reaches its end of life (2026-10-04). Please upgrade to the latest Python version, or at least Python 3.11, to continue receiving updates for google.api_core past that date.
  warnings.warn(message, FutureWarning)
2025-12-10 17:07:11.972 | DEBUG    | src.conversation.engine_factory:register_engine:40 - Registered engine type: manual_turn -> ManualTurnEngine
2025-12-10 17:07:11.972 | INFO     | src.conversation.engine_factory:initialize_factory:218 - Registered ManualTurnEngine
2025-12-10 17:07:11.973 | DEBUG    | src.conversation.engine_factory:register_engine:40 - Registered engine type: single_utterance -> SingleUtteranceEngine
2025-12-10 17:07:11.973 | INFO     | src.conversation.engine_factory:initialize_factory:223 - Registered SingleUtteranceEngine
2025-12-10 17:07:11.973 | INFO     | src.conversation.engine_factory:initialize_factory:225 - Factory initialization complete
2025-12-10 17:07:11.989 | INFO     | __main__:create_application:171 - 📁 Mounted static files from /home/snickers/Documents/git-repos/hri-social-learner-manipulator/conversational_engine/static
2025-12-10 17:07:11.989 | INFO     | __main__:create_application:182 - 📄 Pre-loaded voice_client.html (43960 bytes)
🔥 BALAM PLATFORM STARTING - LOGS SHOULD APPEAR BELOW
[32m17:07:11.995[0m | [1mINFO    [0m | [36m__main__[0m:[36mmain[0m | [1m✅ LOGGING IS WORKING - You should see this message![0m
🔍 DEBUG: If you see this print but not the logger message above, there's a logging issue
[32m17:07:12.000[0m | [1mINFO    [0m | [36m__main__[0m:[36mcreate_application[0m | [1m📁 Mounted static files from /home/snickers/Documents/git-repos/hri-social-learner-manipulator/conversational_engine/static[0m
[32m17:07:12.000[0m | [1mINFO    [0m | [36m__main__[0m:[36mcreate_application[0m | [1m📄 Pre-loaded voice_client.html (43960 bytes)[0m
[32m17:07:12.001[0m | [1mINFO    [0m | [36m__main__[0m:[36mmain[0m | [1m🚀 Starting VoiceOrch Platform[0m
[32m17:07:12.001[0m | [1mINFO    [0m | [36m__main__[0m:[36mmain[0m | [1mDebug mode: False[0m
[32m17:07:12.002[0m | [1mINFO    [0m | [36m__main__[0m:[36mmain[0m | [1mWebSocket port: 8000[0m
[32m17:07:12.002[0m | [1mINFO    [0m | [36m__main__[0m:[36mmain[0m | [1mLLM provider: google[0m
[32m17:07:12.002[0m | [1mINFO    [0m | [36m__main__[0m:[36mmain[0m | [1mLLM model: gemini-2.5-flash-lite[0m
[32m17:07:12.002[0m | [1mINFO    [0m | [36m__main__[0m:[36mmain[0m | [1m🌐 Starting uvicorn server...[0m
🌐 Server starting on http://0.0.0.0:8000
🔗 WebSocket endpoint: ws://localhost:8000/ws/{session_id}
🎤 Voice Client: http://localhost:8000/client
[32m17:07:12.016[0m | [1mINFO    [0m | [36msrc.main[0m:[36mcreate_application[0m | [1m📁 Mounted static files from /home/snickers/Documents/git-repos/hri-social-learner-manipulator/conversational_engine/static[0m
[32m17:07:12.016[0m | [1mINFO    [0m | [36msrc.main[0m:[36mcreate_application[0m | [1m📄 Pre-loaded voice_client.html (43960 bytes)[0m
INFO:     Started server process [27590]
INFO:     Waiting for application startup.
[32m17:07:12.018[0m | [1mINFO    [0m | [36msrc.main[0m:[36mlifespan[0m | [1m🔄 FastAPI lifespan startup...[0m
[32m17:07:12.020[0m | [1mINFO    [0m | [36msrc.main[0m:[36minitialize[0m | [1m🚀 Initializing VoiceOrch Platform...[0m
[32m17:07:12.020[0m | [1mINFO    [0m | [36msrc.main[0m:[36minitialize[0m | [1m📱 Initializing SingleUtteranceEngine...[0m
[32m17:07:12.020[0m | [1mINFO    [0m | [36msrc.conversation.state_machine[0m:[36m__init__[0m | [1mState machine initialized[0m
[32m17:07:12.020[0m | [1mINFO    [0m | [36msrc.conversation.base_engine[0m:[36m__init__[0m | [1mSingleUtteranceEngine created[0m
[32m17:07:12.020[0m | [1mINFO    [0m | [36msrc.conversation.single_utterance_engine[0m:[36m__init__[0m | [1mSingleUtteranceEngine created[0m
[32m17:07:12.020[0m | [1mINFO    [0m | [36msrc.conversation.single_utterance_engine[0m:[36minitialize[0m | [1mInitializing SingleUtteranceEngine...[0m
[32m17:07:12.020[0m | [1mINFO    [0m | [36msrc.conversation.base_engine[0m:[36m_initialize_common_components[0m | [1mInitializing SingleUtteranceEngine...[0m
[32m17:07:12.020[0m | [1mINFO    [0m | [36msrc.mcp.discovery[0m:[36m__init__[0m | [1mMCPDiscoveryManager initialized[0m
[32m17:07:12.020[0m | [1mINFO    [0m | [36msrc.mcp.discovery[0m:[36minitialize[0m | [1mMCP discovery and health monitoring started[0m
[32m17:07:12.020[0m | [1mINFO    [0m | [36msrc.mcp.discovery[0m:[36mdiscover_mcps[0m | [1mStarting MCP server discovery...[0m
[32m17:07:12.021[0m | [1mINFO    [0m | [36msrc.mcp.config_loader[0m:[36mload_mcp_config[0m | [1mLoaded MCP server config: moveit (stdio)[0m
[32m17:07:12.021[0m | [1mINFO    [0m | [36msrc.mcp.config_loader[0m:[36mload_mcp_config[0m | [1mSuccessfully loaded 1 MCP server configurations from /home/snickers/Documents/git-repos/hri-social-learner-manipulator/conversational_engine/mcp-config.json[0m
[32m17:07:12.021[0m | [1mINFO    [0m | [36msrc.mcp.discovery[0m:[36mdiscover_mcps[0m | [1mConfig file discovery found 1 servers[0m
[32m17:07:12.021[0m | [1mINFO    [0m | [36msrc.mcp.stdio_client[0m:[36mconnect[0m | [1mSpawning MCP server: python3 /home/snickers/Documents/git-repos/hri-social-learner-manipulator/mcp_servers/moveit_mcp_server.py[0m
[32m17:07:12.021[0m | [1mINFO    [0m | [36msrc.mcp.discovery[0m:[36mdiscover_mcps[0m | [1mStarting MCP server discovery...[0m
[32m17:07:12.021[0m | [1mINFO    [0m | [36msrc.mcp.config_loader[0m:[36mload_mcp_config[0m | [1mLoaded MCP server config: moveit (stdio)[0m
[32m17:07:12.022[0m | [1mINFO    [0m | [36msrc.mcp.config_loader[0m:[36mload_mcp_config[0m | [1mSuccessfully loaded 1 MCP server configurations from /home/snickers/Documents/git-repos/hri-social-learner-manipulator/conversational_engine/mcp-config.json[0m
[32m17:07:12.022[0m | [1mINFO    [0m | [36msrc.mcp.discovery[0m:[36mdiscover_mcps[0m | [1mConfig file discovery found 1 servers[0m
[32m17:07:12.022[0m | [1mINFO    [0m | [36msrc.mcp.stdio_client[0m:[36mconnect[0m | [1mSpawning MCP server: python3 /home/snickers/Documents/git-repos/hri-social-learner-manipulator/mcp_servers/moveit_mcp_server.py[0m
[32m17:07:14.122[0m | [1mINFO    [0m | [36msrc.config.logging[0m:[36mlog_mcp_event[0m | [1mMCP event: stdio_connected[0m
[32m17:07:14.122[0m | [1mINFO    [0m | [36msrc.mcp.stdio_client[0m:[36mconnect[0m | [1mConnected to stdio MCP server: moveit[0m
[32m17:07:14.122[0m | [1mINFO    [0m | [36msrc.mcp.client_factory[0m:[36m_create_stdio_client[0m | [1mCreated stdio MCP client for: moveit[0m
[32m17:07:14.126[0m | [1mINFO    [0m | [36msrc.config.logging[0m:[36mlog_mcp_event[0m | [1mMCP event: stdio_connected[0m
[32m17:07:14.126[0m | [1mINFO    [0m | [36msrc.mcp.stdio_client[0m:[36mconnect[0m | [1mConnected to stdio MCP server: moveit[0m
[32m17:07:14.126[0m | [1mINFO    [0m | [36msrc.mcp.client_factory[0m:[36m_create_stdio_client[0m | [1mCreated stdio MCP client for: moveit[0m
[32m17:07:14.128[0m | [1mINFO    [0m | [36msrc.config.logging[0m:[36mlog_mcp_event[0m | [1mMCP event: capabilities_retrieved[0m
[32m17:07:14.129[0m | [1mINFO    [0m | [36msrc.config.logging[0m:[36mlog_mcp_event[0m | [1mMCP event: server_registered[0m
[32m17:07:14.129[0m | [1mINFO    [0m | [36msrc.mcp.discovery[0m:[36m_register_mcp_server_from_config[0m | [1mRegistered MCP server: moveit (stdio) with 11 tools[0m
[32m17:07:14.129[0m | [1mINFO    [0m | [36msrc.mcp.discovery[0m:[36mdiscover_mcps[0m | [1mMCP discovery completed. Active servers: 1[0m
[32m17:07:14.129[0m | [1mINFO    [0m | [36msrc.conversation.base_engine[0m:[36m_initialize_common_components[0m | [1mMCP discovery completed successfully[0m
DATABASE_DEBUG: SQLite database path is /home/snickers/Documents/git-repos/hri-social-learner-manipulator/conversational_engine/sessions.db
[32m17:07:14.130[0m | [1mINFO    [0m | [36msrc.session.storage[0m:[36minitialize[0m | [1mSQLite session storage initialized[0m
[32m17:07:14.130[0m | [1mINFO    [0m | [36msrc.session.manager[0m:[36minitialize[0m | [1mSessionManager initialized successfully[0m
[32m17:07:14.130[0m | [1mINFO    [0m | [36msrc.conversation.base_engine[0m:[36m_initialize_common_components[0m | [1m🎉 SingleUtteranceEngine shared components initialized[0m
[32m17:07:14.131[0m | [1mINFO    [0m | [36msrc.conversation.base_engine[0m:[36m_initialize_common_components[0m | [1m🔍 Verifying SingleUtteranceEngine components:[0m
[32m17:07:14.131[0m | [1mINFO    [0m | [36msrc.conversation.base_engine[0m:[36m_initialize_common_components[0m | [1m   - mcp_manager: ✅ SET[0m
[32m17:07:14.131[0m | [1mINFO    [0m | [36msrc.conversation.base_engine[0m:[36m_initialize_common_components[0m | [1m   - session_manager: ✅ SET[0m
[32m17:07:14.131[0m | [1mINFO    [0m | [36msrc.audio.single_utterance_processor[0m:[36m__init__[0m | [1mSingleUtteranceAudioProcessor created[0m
[32m17:07:14.131[0m | [1mINFO    [0m | [36msrc.audio.single_utterance_processor[0m:[36minitialize[0m | [1mInitializing SingleUtteranceAudioProcessor...[0m
[32m17:07:14.177[0m | [1mINFO    [0m | [36msrc.config.logging[0m:[36mlog_mcp_event[0m | [1mMCP event: capabilities_retrieved[0m
[32m17:07:14.177[0m | [1mINFO    [0m | [36msrc.config.logging[0m:[36mlog_mcp_event[0m | [1mMCP event: server_registered[0m
[32m17:07:14.177[0m | [1mINFO    [0m | [36msrc.mcp.discovery[0m:[36m_register_mcp_server_from_config[0m | [1mRegistered MCP server: moveit (stdio) with 11 tools[0m
[32m17:07:14.177[0m | [1mINFO    [0m | [36msrc.mcp.discovery[0m:[36mdiscover_mcps[0m | [1mMCP discovery completed. Active servers: 1[0m
[32m17:07:14.475[0m | [1mINFO    [0m | [36msrc.audio.stt[0m:[36m_create_recognizer_if_not_exists[0m | [1mUsing existing STT V2 Recognizer: balam-recognizer-en-us[0m
[32m17:07:14.782[0m | [1mINFO    [0m | [36msrc.audio.stt[0m:[36minitialize[0m | [1mGoogle STT V2 client initialized successfully with service account credentials[0m
[32m17:07:15.059[0m | [1mINFO    [0m | [36msrc.audio.tts[0m:[36minitialize[0m | [1mGoogle TTS client initialized successfully with service account credentials[0m
[32m17:07:15.059[0m | [1mINFO    [0m | [36msrc.audio.single_utterance_processor[0m:[36minitialize[0m | [1m🎉 SingleUtteranceAudioProcessor initialized successfully[0m
[32m17:07:15.059[0m | [1mINFO    [0m | [36msrc.conversation.single_utterance_engine[0m:[36minitialize[0m | [1m🎉 SingleUtteranceEngine initialized successfully[0m
[32m17:07:15.060[0m | [1mINFO    [0m | [36msrc.conversation.single_utterance_engine[0m:[36minitialize[0m | [1m🔍 Verifying SingleUtteranceEngine components:[0m
[32m17:07:15.060[0m | [1mINFO    [0m | [36msrc.conversation.single_utterance_engine[0m:[36minitialize[0m | [1m   - mcp_manager: ✅ SET[0m
[32m17:07:15.060[0m | [1mINFO    [0m | [36msrc.conversation.single_utterance_engine[0m:[36minitialize[0m | [1m   - audio_processor: ✅ SET[0m
[32m17:07:15.060[0m | [1mINFO    [0m | [36msrc.conversation.single_utterance_engine[0m:[36minitialize[0m | [1m   - graph_runner: ✅ SET[0m
[32m17:07:15.060[0m | [1mINFO    [0m | [36msrc.conversation.single_utterance_engine[0m:[36minitialize[0m | [1m   - session_manager: ✅ SET[0m
[32m17:07:15.060[0m | [1mINFO    [0m | [36msrc.conversation.single_utterance_engine[0m:[36minitialize[0m | [1m🔍 AudioProcessor details:[0m
[32m17:07:15.060[0m | [1mINFO    [0m | [36msrc.conversation.single_utterance_engine[0m:[36minitialize[0m | [1m   - _initialized: True[0m
[32m17:07:15.060[0m | [1mINFO    [0m | [36msrc.conversation.single_utterance_engine[0m:[36minitialize[0m | [1m   - tts_client: ✅ SET[0m
[32m17:07:15.060[0m | [1mINFO    [0m | [36msrc.conversation.single_utterance_engine[0m:[36minitialize[0m | [1m   - stt_client: ✅ SET[0m
[32m17:07:15.061[0m | [1mINFO    [0m | [36msrc.main[0m:[36minitialize[0m | [1m✅ SingleUtteranceEngine initialized successfully[0m
[32m17:07:15.061[0m | [1mINFO    [0m | [36msrc.main[0m:[36minitialize[0m | [1m🔌 Initializing ConversationWebSocketHandler...[0m
[32m17:07:15.061[0m | [1mINFO    [0m | [36msrc.api.websocket[0m:[36m__init__[0m | [1mConversationWebSocketHandler initialized[0m
[32m17:07:15.061[0m | [1mINFO    [0m | [36msrc.main[0m:[36minitialize[0m | [1m✅ ConversationWebSocketHandler initialized successfully[0m
[32m17:07:15.061[0m | [1mINFO    [0m | [36msrc.main[0m:[36minitialize[0m | [1m🎉 VoiceOrch Platform initialized successfully[0m
[32m17:07:15.061[0m | [1mINFO    [0m | [36msrc.main[0m:[36mlifespan[0m | [1m💾 Storing components in app.state...[0m
[32m17:07:15.061[0m | [1mINFO    [0m | [36msrc.main[0m:[36mlifespan[0m | [1m🔍 Verifying app.state contents...[0m
[32m17:07:15.061[0m | [1mINFO    [0m | [36msrc.main[0m:[36mlifespan[0m | [1m   - conversation_engine: ✅ SET[0m
[32m17:07:15.061[0m | [1mINFO    [0m | [36msrc.main[0m:[36mlifespan[0m | [1m   - websocket_handler: ✅ SET[0m
[32m17:07:15.061[0m | [1mINFO    [0m | [36msrc.main[0m:[36mlifespan[0m | [1m✅ FastAPI lifespan startup completed successfully[0m
INFO:     Application startup complete.
INFO:     Uvicorn running on http://0.0.0.0:8000 (Press CTRL+C to quit)
INFO:     127.0.0.1:45484 - "GET /health HTTP/1.1" 200 OK
[0;32m[OK][0m Conversational engine started and healthy (PID: 27590)

[0;34m>>> System Status[0m


[0;32mAll components started successfully![0m

Running processes:
  [0;32m[RUNNING][0m PID 27256
  [0;32m[RUNNING][0m PID 27590

[0;36m━━━━━━━━━━━━━━━━━━━━━━━━━━━━━━━━━━━━━━━━━━━━━━━━━━━━━━━━━━━━━━━━━━━━━━━━━━━━━━[0m

  [0;32mVoice Client:[0m  http://localhost:8000/client
  [0;32mAPI Endpoint:[0m  http://localhost:8000/api/v1/converse
  [0;32mWebSocket:[0m     ws://localhost:8000/ws/{session_id}
  [0;32mHealth Check:[0m  http://localhost:8000/health


INFO:     127.0.0.1:45494 - "GET /client HTTP/1.1" 200 OK
  [0;32m[VERIFIED][0m /client endpoint responding

[0;36m━━━━━━━━━━━━━━━━━━━━━━━━━━━━━━━━━━━━━━━━━━━━━━━━━━━━━━━━━━━━━━━━━━━━━━━━━━━━━━[0m

[1;33mPress Ctrl+C to stop all components[0m

INFO:     127.0.0.1:45510 - "GET /client HTTP/1.1" 200 OK
INFO:     127.0.0.1:45510 - "GET /.well-known/appspecific/com.chrome.devtools.json HTTP/1.1" 404 Not Found
[32m17:07:19.390[0m | [1mINFO    [0m | [36msrc.api.websocket[0m:[36mwebsocket_endpoint[0m | [1m🔌 WebSocket connection request received - Session: 658ef294-7ef7-4a37-831b-9295665a3ad4, Client: 127.0.0.1, URL: ws://localhost:8000/ws/658ef294-7ef7-4a37-831b-9295665a3ad4[0m
[32m17:07:19.390[0m | [1mINFO    [0m | [36msrc.api.websocket[0m:[36mwebsocket_endpoint[0m | [1m🔍 Checking app.state contents...[0m
[32m17:07:19.390[0m | [1mINFO    [0m | [36msrc.api.websocket[0m:[36mwebsocket_endpoint[0m | [1m   - app.state attributes: [][0m
[32m17:07:19.390[0m | [1mINFO    [0m | [36msrc.api.websocket[0m:[36mwebsocket_endpoint[0m | [1m🔍 Handler lookup results:[0m
[32m17:07:19.390[0m | [1mINFO    [0m | [36msrc.api.websocket[0m:[36mwebsocket_endpoint[0m | [1m   - websocket_handler: ✅ FOUND[0m
[32m17:07:19.390[0m | [1mINFO    [0m | [36msrc.api.websocket[0m:[36mwebsocket_endpoint[0m | [1m   - conversation_engine: ✅ FOUND[0m
[32m17:07:19.390[0m | [1mINFO    [0m | [36msrc.api.websocket[0m:[36mwebsocket_endpoint[0m | [1m✅ WebSocket handler found, proceeding with connection for session 658ef294-7ef7-4a37-831b-9295665a3ad4[0m
[32m17:07:19.390[0m | [1mINFO    [0m | [36msrc.api.websocket[0m:[36mhandle_connection[0m | [1m🤝 Attempting to accept WebSocket connection for session 658ef294-7ef7-4a37-831b-9295665a3ad4[0m
INFO:     127.0.0.1:45524 - "WebSocket /ws/658ef294-7ef7-4a37-831b-9295665a3ad4" [accepted]
[32m17:07:19.391[0m | [1mINFO    [0m | [36msrc.api.websocket[0m:[36mhandle_connection[0m | [1m✅ WebSocket connection accepted for session 658ef294-7ef7-4a37-831b-9295665a3ad4[0m
[32m17:07:19.391[0m | [1mINFO    [0m | [36msrc.api.websocket[0m:[36mhandle_connection[0m | [1m📝 Connection stored in active_connections for session 658ef294-7ef7-4a37-831b-9295665a3ad4[0m
[32m17:07:19.392[0m | [1mINFO    [0m | [36msrc.api.websocket[0m:[36mhandle_connection[0m | [1m🌐 WebSocket connection established successfully - Session: 658ef294-7ef7-4a37-831b-9295665a3ad4, Client: 127.0.0.1, Total connections: 1[0m
[32m17:07:19.392[0m | [1mINFO    [0m | [36msrc.api.websocket[0m:[36mhandle_connection[0m | [1m📤 Sending initial state update for session 658ef294-7ef7-4a37-831b-9295665a3ad4[0m
INFO:     connection open
[32m17:07:19.394[0m | [1mINFO    [0m | [36msrc.api.websocket[0m:[36mhandle_connection[0m | [1m✅ Initial state update sent successfully for session 658ef294-7ef7-4a37-831b-9295665a3ad4[0m
[32m17:07:19.394[0m | [1mINFO    [0m | [36msrc.api.websocket[0m:[36mhandle_connection[0m | [1m👂 Starting message listener loop for session 658ef294-7ef7-4a37-831b-9295665a3ad4[0m
[32m17:07:22.655[0m | [1mINFO    [0m | [36msrc.api.websocket[0m:[36m_handle_message[0m | [1m🎯 Processing WebSocket message[0m
[32m17:07:22.655[0m | [1mINFO    [0m | [36msrc.api.websocket[0m:[36m_handle_message[0m | [1m🎬 Handling start_conversation for session 658ef294-7ef7-4a37-831b-9295665a3ad4[0m
[32m17:07:22.655[0m | [1mINFO    [0m | [36msrc.api.websocket[0m:[36m_handle_start_conversation[0m | [1mStarting conversation for session 658ef294-7ef7-4a37-831b-9295665a3ad4[0m
[32m17:07:22.656[0m | [1mINFO    [0m | [36msrc.api.websocket[0m:[36m_handle_message[0m | [1m✅ start_conversation handled successfully for session 658ef294-7ef7-4a37-831b-9295665a3ad4[0m
[32m17:07:22.656[0m | [1mINFO    [0m | [36msrc.api.websocket[0m:[36m_process_streaming_turn[0m | [1mStarting streaming turn for session 658ef294-7ef7-4a37-831b-9295665a3ad4[0m
[32m17:07:22.656[0m | [1mINFO    [0m | [36msrc.config.logging[0m:[36mlog_conversation_event[0m | [1mConversation event: turn_start[0m
[32m17:07:22.658[0m | [1mINFO    [0m | [36msrc.session.manager[0m:[36mget_or_create_session[0m | [1mNew session created[0m
[32m17:07:22.659[0m | [1mINFO    [0m | [36msrc.conversation.state_machine[0m:[36mtransition_to[0m | [1mState transition completed[0m
[32m17:07:22.659[0m | [1mINFO    [0m | [36msrc.config.logging[0m:[36mlog_audio_event[0m | [1mAudio event: streaming_transcription_start[0m
[32m17:07:22.659[0m | [1mINFO    [0m | [36msrc.audio.single_utterance_processor[0m:[36mtranscribe_stream[0m | [1mStarting real-time stream transcription with V2 Recognizer...[0m
[32m17:07:22.659[0m | [1mINFO    [0m | [36msrc.config.logging[0m:[36mlog_audio_event[0m | [1mAudio event: stt_streaming_start[0m
[32m17:07:27.326[0m | [1mINFO    [0m | [36msrc.config.logging[0m:[36mlog_audio_event[0m | [1mAudio event: stt_streaming_event[0m
[32m17:07:27.356[0m | [1mINFO    [0m | [36msrc.audio.single_utterance_processor[0m:[36mtranscribe_stream[0m | [1mFinal transcript received from stream[0m
[32m17:07:27.356[0m | [1mINFO    [0m | [36msrc.config.logging[0m:[36mlog_audio_event[0m | [1mAudio event: streaming_transcription_success[0m
[32m17:07:27.357[0m | [1mINFO    [0m | [36msrc.api.websocket[0m:[36mon_transcript[0m | [1mSent early transcript: Move the gripper forward....[0m
[32m17:07:27.357[0m | [1mINFO    [0m | [36msrc.conversation.state_machine[0m:[36mtransition_to[0m | [1mState transition completed[0m
[32m17:07:27.357[0m | [1mINFO    [0m | [36msrc.conversation.single_utterance_engine[0m:[36mprocess_conversation_turn[0m | [1mSpeech transcribed via stream[0m
[32m17:07:28.510[0m | [1mINFO    [0m | [36msrc.conversation.graph.runner[0m:[36mrun_turn[0m | [1m[DIAG] Planner tool decision: tool_name=move, tool_args={'direction': 'forward', 'distance': 0.2}[0m
[32m17:07:28.510[0m | [1mINFO    [0m | [36msrc.audio.single_utterance_processor[0m:[36msynthesize[0m | [1mSynthesizing single utterance response[0m
[32m17:07:28.510[0m | [1mINFO    [0m | [36msrc.config.logging[0m:[36mlog_audio_event[0m | [1mAudio event: tts_request[0m
[32m17:07:28.707[0m | [1mINFO    [0m | [36msrc.config.logging[0m:[36mlog_audio_event[0m | [1mAudio event: tts_success[0m
[32m17:07:28.707[0m | [1mINFO    [0m | [36msrc.config.logging[0m:[36mlog_audio_event[0m | [1mAudio event: single_utterance_synthesis[0m
[32m17:07:28.707[0m | [1mINFO    [0m | [36msrc.audio.single_utterance_processor[0m:[36msynthesize[0m | [1mSingle utterance synthesis completed[0m
[32m17:07:28.714[0m | [1mINFO    [0m | [36msrc.api.websocket[0m:[36mon_acknowledgment[0m | [1mSent acknowledgment for session 658ef294-7ef7-4a37-831b-9295665a3ad4: Ok, moving forward.[0m
[32m17:07:28.714[0m | [1mINFO    [0m | [36msrc.conversation.graph.runner[0m:[36mrun_turn[0m | [1mAcknowledgment sent before tool execution[0m
[32m17:07:28.715[0m | [1mINFO    [0m | [36msrc.conversation.graph.executor[0m:[36mexecute[0m | [1mInvoking MCP tool[0m
[32m17:07:28.715[0m | [1mINFO    [0m | [36msrc.conversation.graph.executor[0m:[36mexecute[0m | [1m[DIAG] Calling MCP tool: tool=move, args={'direction': 'forward', 'distance': 0.2, 'angle': 15.0}[0m
[32m17:07:28.721[0m | [1mINFO    [0m | [36msrc.mcp.stdio_client[0m:[36m_stderr_loop[0m | [1m[moveit stderr] [DIAG] MCP call_tool: name=move, args={'direction': 'forward', 'distance': 0.2, 'angle': 15.0}[0m
[move_group-9] [INFO] [1765404448.736593781] [moveit_move_group_default_capabilities.plan_service_capability]: Received new planning service request...
[move_group-9] [INFO] [1765404448.739094124] [moveit.ompl_planning.model_based_planning_context]: Planner configuration 'arm' will use planner 'geometric::RRTConnect'. Additional configuration parameters will be set when the planner is constructed.
INFO:     127.0.0.1:45518 - "GET /favicon.ico HTTP/1.1" 404 Not Found
[move_group-9] [WARN] [1765404448.771124457] [moveit_trajectory_processing.time_optimal_trajectory_generation]: Joint acceleration limits are not defined. Using the default 1 rad/s^2. You can define acceleration limits in the URDF or joint_limits.yaml.
[move_group-9] [INFO] [1765404448.783607984] [moveit_move_group_default_capabilities.execute_trajectory_action_capability]: Received goal request
[move_group-9] [INFO] [1765404448.783747522] [moveit_move_group_default_capabilities.execute_trajectory_action_capability]: Execution request received
[move_group-9] [INFO] [1765404448.783773780] [moveit.plugins.moveit_simple_controller_manager]: Returned 2 controllers in list
[move_group-9] [INFO] [1765404448.783787107] [moveit.plugins.moveit_simple_controller_manager]: Returned 2 controllers in list
[move_group-9] [INFO] [1765404448.783856048] [moveit_ros.trajectory_execution_manager]: Validating trajectory with allowed_start_tolerance 0.01
[move_group-9] [INFO] [1765404448.784117600] [moveit_ros.trajectory_execution_manager]: Starting trajectory execution ...
[move_group-9] [INFO] [1765404448.784166396] [moveit.plugins.moveit_simple_controller_manager]: Returned 2 controllers in list
[move_group-9] [INFO] [1765404448.784193024] [moveit.plugins.moveit_simple_controller_manager]: Returned 2 controllers in list
[move_group-9] [INFO] [1765404448.784357449] [moveit.simple_controller_manager.follow_joint_trajectory_controller_handle]: sending trajectory to joint_trajectory_controller
[ros2_control_node-1] [INFO] [1765404448.784669457] [joint_trajectory_controller]: Received new action goal
[ros2_control_node-1] [INFO] [1765404448.784735260] [joint_trajectory_controller]: Accepted new action goal
[move_group-9] [INFO] [1765404448.784838700] [moveit.simple_controller_manager.follow_joint_trajectory_controller_handle]: joint_trajectory_controller started execution
[move_group-9] [INFO] [1765404448.784853288] [moveit.simple_controller_manager.follow_joint_trajectory_controller_handle]: Goal request accepted!
[ros2_control_node-1] [INFO] [1765404453.619948381] [joint_trajectory_controller]: Goal reached, success!
[move_group-9] [INFO] [1765404453.635189716] [moveit.simple_controller_manager.follow_joint_trajectory_controller_handle]: Controller 'joint_trajectory_controller' successfully finished
[move_group-9] [INFO] [1765404453.638047926] [moveit_ros.trajectory_execution_manager]: Completed trajectory execution with status SUCCEEDED ...
[move_group-9] [INFO] [1765404453.638149387] [moveit_move_group_default_capabilities.execute_trajectory_action_capability]: Execution completed: SUCCEEDED
[32m17:07:33.643[0m | [1mINFO    [0m | [36msrc.config.logging[0m:[36mlog_mcp_event[0m | [1mMCP event: tool_invoked[0m
[32m17:07:33.643[0m | [1mINFO    [0m | [36msrc.conversation.graph.executor[0m:[36mexecute[0m | [1m[DIAG] MCP response: tool=move, result={'content': [{'type': 'text', 'text': '{\n  "success": true,\n  "message": "Moved to pose (0.360, 0.203, 0.505)",\n  "start_pose": {\n    "x": 0.1597,\n    "y": 0.2029,\n    "z": 0.505\n  },\n  "end_pose": {\n    "x": 0.3593,\n    "y": 0.2042,\n    "z": 0.5044\n  },\n  "duration_ms": 4917.68,\n  "di[0m
[32m17:07:33.643[0m | [1mINFO    [0m | [36msrc.conversation.graph.runner[0m:[36mrun_turn[0m | [1mVerification required after tool execution[0m
[32m17:07:33.643[0m | [1mINFO    [0m | [36msrc.audio.single_utterance_processor[0m:[36msynthesize[0m | [1mSynthesizing single utterance response[0m
[32m17:07:33.643[0m | [1mINFO    [0m | [36msrc.config.logging[0m:[36mlog_audio_event[0m | [1mAudio event: tts_request[0m
[32m17:07:33.933[0m | [1mINFO    [0m | [36msrc.config.logging[0m:[36mlog_audio_event[0m | [1mAudio event: tts_success[0m
[32m17:07:33.933[0m | [1mINFO    [0m | [36msrc.config.logging[0m:[36mlog_audio_event[0m | [1mAudio event: single_utterance_synthesis[0m
[32m17:07:33.934[0m | [1mINFO    [0m | [36msrc.audio.single_utterance_processor[0m:[36msynthesize[0m | [1mSingle utterance synthesis completed[0m
[32m17:07:33.934[0m | [1mINFO    [0m | [36msrc.conversation.graph.responder[0m:[36mrespond[0m | [1mResponder prepared final output[0m
[32m17:07:33.934[0m | [1mINFO    [0m | [36msrc.conversation.state_machine[0m:[36mtransition_to[0m | [1mState transition completed[0m
[32m17:07:33.952[0m | [1mINFO    [0m | [36msrc.conversation.models[0m:[36mlog_snapshot[0m | [1mTurn metrics updated[0m
[32m17:07:33.952[0m | [1mINFO    [0m | [36msrc.config.logging[0m:[36mlog_conversation_event[0m | [1mConversation event: turn_complete[0m
[32m17:07:33.952[0m | [1mINFO    [0m | [36msrc.conversation.state_machine[0m:[36mtransition_to[0m | [1mState transition completed[0m
[32m17:07:33.957[0m | [1mINFO    [0m | [36msrc.api.websocket[0m:[36m_send_conversation_result[0m | [1mConversation turn completed for session 658ef294-7ef7-4a37-831b-9295665a3ad4[0m
[32m17:07:33.957[0m | [1mINFO    [0m | [36msrc.api.websocket[0m:[36m_process_streaming_turn[0m | [1mStarting streaming turn for session 658ef294-7ef7-4a37-831b-9295665a3ad4[0m
[32m17:07:33.957[0m | [1mINFO    [0m | [36msrc.config.logging[0m:[36mlog_conversation_event[0m | [1mConversation event: turn_start[0m
[32m17:07:33.957[0m | [1mINFO    [0m | [36msrc.conversation.state_machine[0m:[36mtransition_to[0m | [1mState transition completed[0m
[32m17:07:33.958[0m | [1mINFO    [0m | [36msrc.config.logging[0m:[36mlog_audio_event[0m | [1mAudio event: streaming_transcription_start[0m
[32m17:07:33.958[0m | [1mINFO    [0m | [36msrc.audio.single_utterance_processor[0m:[36mtranscribe_stream[0m | [1mStarting real-time stream transcription with V2 Recognizer...[0m
[32m17:07:33.958[0m | [1mINFO    [0m | [36msrc.config.logging[0m:[36mlog_audio_event[0m | [1mAudio event: stt_streaming_start[0m
[32m17:07:40.979[0m | [1mINFO    [0m | [36msrc.config.logging[0m:[36mlog_audio_event[0m | [1mAudio event: stt_streaming_event[0m
[32m17:07:41.022[0m | [1mINFO    [0m | [36msrc.audio.single_utterance_processor[0m:[36mtranscribe_stream[0m | [1mFinal transcript received from stream[0m
[32m17:07:41.022[0m | [1mINFO    [0m | [36msrc.config.logging[0m:[36mlog_audio_event[0m | [1mAudio event: streaming_transcription_success[0m
[32m17:07:41.022[0m | [1mINFO    [0m | [36msrc.api.websocket[0m:[36mon_transcript[0m | [1mSent early transcript: Move forward. 10 cm....[0m
[32m17:07:41.022[0m | [1mINFO    [0m | [36msrc.conversation.state_machine[0m:[36mtransition_to[0m | [1mState transition completed[0m
[32m17:07:41.022[0m | [1mINFO    [0m | [36msrc.conversation.single_utterance_engine[0m:[36mprocess_conversation_turn[0m | [1mSpeech transcribed via stream[0m
[32m17:07:41.023[0m | [1mINFO    [0m | [36msrc.conversation.graph.runner[0m:[36mrun_turn[0m | [1mVerification pending - passing to planner for LLM classification[0m
[32m17:07:42.277[0m | [1mINFO    [0m | [36msrc.conversation.graph.runner[0m:[36mrun_turn[0m | [1mPhase 11: Processing verification response via LLM[0m
[32m17:07:42.277[0m | [1mINFO    [0m | [36msrc.conversation.graph.runner[0m:[36mrun_turn[0m | [1mNew instruction during verification, proceeding with tool[0m
[32m17:07:42.278[0m | [1mINFO    [0m | [36msrc.conversation.graph.runner[0m:[36mrun_turn[0m | [1m[DIAG] Planner tool decision: tool_name=move, tool_args={'direction': 'forward', 'distance': 0.1}[0m
[32m17:07:42.278[0m | [1mINFO    [0m | [36msrc.audio.single_utterance_processor[0m:[36msynthesize[0m | [1mSynthesizing single utterance response[0m
[32m17:07:42.278[0m | [1mINFO    [0m | [36msrc.config.logging[0m:[36mlog_audio_event[0m | [1mAudio event: tts_request[0m
[32m17:07:42.508[0m | [1mINFO    [0m | [36msrc.config.logging[0m:[36mlog_audio_event[0m | [1mAudio event: tts_success[0m
[32m17:07:42.508[0m | [1mINFO    [0m | [36msrc.config.logging[0m:[36mlog_audio_event[0m | [1mAudio event: single_utterance_synthesis[0m
[32m17:07:42.508[0m | [1mINFO    [0m | [36msrc.audio.single_utterance_processor[0m:[36msynthesize[0m | [1mSingle utterance synthesis completed[0m
[32m17:07:42.515[0m | [1mINFO    [0m | [36msrc.api.websocket[0m:[36mon_acknowledgment[0m | [1mSent acknowledgment for session 658ef294-7ef7-4a37-831b-9295665a3ad4: Ok, moving forward.[0m
[32m17:07:42.515[0m | [1mINFO    [0m | [36msrc.conversation.graph.runner[0m:[36mrun_turn[0m | [1mAcknowledgment sent before tool execution[0m
[32m17:07:42.515[0m | [1mINFO    [0m | [36msrc.conversation.graph.executor[0m:[36mexecute[0m | [1mInvoking MCP tool[0m
[32m17:07:42.515[0m | [1mINFO    [0m | [36msrc.conversation.graph.executor[0m:[36mexecute[0m | [1m[DIAG] Calling MCP tool: tool=move, args={'direction': 'forward', 'distance': 0.1, 'angle': 15.0}[0m
[32m17:07:42.519[0m | [1mINFO    [0m | [36msrc.mcp.stdio_client[0m:[36m_stderr_loop[0m | [1m[moveit stderr] [DIAG] MCP call_tool: name=move, args={'direction': 'forward', 'distance': 0.1, 'angle': 15.0}[0m
[move_group-9] [INFO] [1765404462.524479816] [moveit_move_group_default_capabilities.plan_service_capability]: Received new planning service request...
[move_group-9] [INFO] [1765404462.524870020] [moveit.ompl_planning.model_based_planning_context]: Planner configuration 'arm' will use planner 'geometric::RRTConnect'. Additional configuration parameters will be set when the planner is constructed.
[move_group-9] [INFO] [1765404462.549128771] [moveit_move_group_default_capabilities.execute_trajectory_action_capability]: Received goal request
[move_group-9] [INFO] [1765404462.549190347] [moveit_move_group_default_capabilities.execute_trajectory_action_capability]: Execution request received
[move_group-9] [INFO] [1765404462.549204201] [moveit.plugins.moveit_simple_controller_manager]: Returned 2 controllers in list
[move_group-9] [INFO] [1765404462.549216683] [moveit.plugins.moveit_simple_controller_manager]: Returned 2 controllers in list
[move_group-9] [INFO] [1765404462.549250834] [moveit_ros.trajectory_execution_manager]: Validating trajectory with allowed_start_tolerance 0.01
[move_group-9] [INFO] [1765404462.550098808] [moveit_ros.trajectory_execution_manager]: Starting trajectory execution ...
[move_group-9] [INFO] [1765404462.550133857] [moveit.plugins.moveit_simple_controller_manager]: Returned 2 controllers in list
[move_group-9] [INFO] [1765404462.550153891] [moveit.plugins.moveit_simple_controller_manager]: Returned 2 controllers in list
[move_group-9] [INFO] [1765404462.550245634] [moveit.simple_controller_manager.follow_joint_trajectory_controller_handle]: sending trajectory to joint_trajectory_controller
[ros2_control_node-1] [INFO] [1765404462.550381785] [joint_trajectory_controller]: Received new action goal
[ros2_control_node-1] [INFO] [1765404462.550408442] [joint_trajectory_controller]: Accepted new action goal
[move_group-9] [INFO] [1765404462.550535927] [moveit.simple_controller_manager.follow_joint_trajectory_controller_handle]: joint_trajectory_controller started execution
[move_group-9] [INFO] [1765404462.550545689] [moveit.simple_controller_manager.follow_joint_trajectory_controller_handle]: Goal request accepted!
[ros2_control_node-1] [INFO] [1765404464.458983505] [joint_trajectory_controller]: Goal reached, success!
[move_group-9] [INFO] [1765404464.500764436] [moveit.simple_controller_manager.follow_joint_trajectory_controller_handle]: Controller 'joint_trajectory_controller' successfully finished
[move_group-9] [INFO] [1765404464.503035143] [moveit_ros.trajectory_execution_manager]: Completed trajectory execution with status SUCCEEDED ...
[move_group-9] [INFO] [1765404464.503107906] [moveit_move_group_default_capabilities.execute_trajectory_action_capability]: Execution completed: SUCCEEDED
[32m17:07:44.506[0m | [1mINFO    [0m | [36msrc.config.logging[0m:[36mlog_mcp_event[0m | [1mMCP event: tool_invoked[0m
[32m17:07:44.506[0m | [1mINFO    [0m | [36msrc.conversation.graph.executor[0m:[36mexecute[0m | [1m[DIAG] MCP response: tool=move, result={'content': [{'type': 'text', 'text': '{\n  "success": true,\n  "message": "Moved to pose (0.459, 0.204, 0.504)",\n  "start_pose": {\n    "x": 0.3593,\n    "y": 0.2042,\n    "z": 0.5044\n  },\n  "end_pose": {\n    "x": 0.4608,\n    "y": 0.2034,\n    "z": 0.5022\n  },\n  "duration_ms": 1984.4,\n  "di[0m
[32m17:07:44.506[0m | [1mINFO    [0m | [36msrc.conversation.graph.runner[0m:[36mrun_turn[0m | [1mVerification required after tool execution[0m
[32m17:07:44.506[0m | [1mINFO    [0m | [36msrc.audio.single_utterance_processor[0m:[36msynthesize[0m | [1mSynthesizing single utterance response[0m
[32m17:07:44.506[0m | [1mINFO    [0m | [36msrc.config.logging[0m:[36mlog_audio_event[0m | [1mAudio event: tts_request[0m
[32m17:07:44.839[0m | [1mINFO    [0m | [36msrc.config.logging[0m:[36mlog_audio_event[0m | [1mAudio event: tts_success[0m
[32m17:07:44.839[0m | [1mINFO    [0m | [36msrc.config.logging[0m:[36mlog_audio_event[0m | [1mAudio event: single_utterance_synthesis[0m
[32m17:07:44.839[0m | [1mINFO    [0m | [36msrc.audio.single_utterance_processor[0m:[36msynthesize[0m | [1mSingle utterance synthesis completed[0m
[32m17:07:44.839[0m | [1mINFO    [0m | [36msrc.conversation.graph.responder[0m:[36mrespond[0m | [1mResponder prepared final output[0m
[32m17:07:44.840[0m | [1mINFO    [0m | [36msrc.conversation.state_machine[0m:[36mtransition_to[0m | [1mState transition completed[0m
[32m17:07:44.853[0m | [1mINFO    [0m | [36msrc.conversation.models[0m:[36mlog_snapshot[0m | [1mTurn metrics updated[0m
[32m17:07:44.853[0m | [1mINFO    [0m | [36msrc.config.logging[0m:[36mlog_conversation_event[0m | [1mConversation event: turn_complete[0m
[32m17:07:44.854[0m | [1mINFO    [0m | [36msrc.conversation.state_machine[0m:[36mtransition_to[0m | [1mState transition completed[0m
[32m17:07:44.861[0m | [1mINFO    [0m | [36msrc.api.websocket[0m:[36m_send_conversation_result[0m | [1mConversation turn completed for session 658ef294-7ef7-4a37-831b-9295665a3ad4[0m
[32m17:07:44.861[0m | [1mINFO    [0m | [36msrc.api.websocket[0m:[36m_process_streaming_turn[0m | [1mStarting streaming turn for session 658ef294-7ef7-4a37-831b-9295665a3ad4[0m
[32m17:07:44.862[0m | [1mINFO    [0m | [36msrc.config.logging[0m:[36mlog_conversation_event[0m | [1mConversation event: turn_start[0m
[32m17:07:44.862[0m | [1mINFO    [0m | [36msrc.conversation.state_machine[0m:[36mtransition_to[0m | [1mState transition completed[0m
[32m17:07:44.862[0m | [1mINFO    [0m | [36msrc.config.logging[0m:[36mlog_audio_event[0m | [1mAudio event: streaming_transcription_start[0m
[32m17:07:44.862[0m | [1mINFO    [0m | [36msrc.audio.single_utterance_processor[0m:[36mtranscribe_stream[0m | [1mStarting real-time stream transcription with V2 Recognizer...[0m
[32m17:07:44.862[0m | [1mINFO    [0m | [36msrc.config.logging[0m:[36mlog_audio_event[0m | [1mAudio event: stt_streaming_start[0m
[32m17:07:49.396[0m | [1mINFO    [0m | [36msrc.api.websocket[0m:[36m_handle_message[0m | [1m🎯 Processing WebSocket message[0m
[32m17:07:49.397[0m | [1mINFO    [0m | [36msrc.api.websocket[0m:[36m_handle_message[0m | [1m🏓 Handling ping for session 658ef294-7ef7-4a37-831b-9295665a3ad4[0m
[32m17:07:49.397[0m | [1mINFO    [0m | [36msrc.api.websocket[0m:[36m_handle_message[0m | [1m✅ ping handled successfully for session 658ef294-7ef7-4a37-831b-9295665a3ad4[0m
[32m17:07:50.920[0m | [1mINFO    [0m | [36msrc.config.logging[0m:[36mlog_audio_event[0m | [1mAudio event: stt_streaming_event[0m
[32m17:07:50.970[0m | [1mINFO    [0m | [36msrc.audio.single_utterance_processor[0m:[36mtranscribe_stream[0m | [1mFinal transcript received from stream[0m
[32m17:07:50.970[0m | [1mINFO    [0m | [36msrc.config.logging[0m:[36mlog_audio_event[0m | [1mAudio event: streaming_transcription_success[0m
[32m17:07:50.971[0m | [1mINFO    [0m | [36msrc.api.websocket[0m:[36mon_transcript[0m | [1mSent early transcript: Rotate the gripper 90°....[0m
[32m17:07:50.971[0m | [1mINFO    [0m | [36msrc.conversation.state_machine[0m:[36mtransition_to[0m | [1mState transition completed[0m
[32m17:07:50.971[0m | [1mINFO    [0m | [36msrc.conversation.single_utterance_engine[0m:[36mprocess_conversation_turn[0m | [1mSpeech transcribed via stream[0m
[32m17:07:50.971[0m | [1mINFO    [0m | [36msrc.conversation.graph.runner[0m:[36mrun_turn[0m | [1mVerification pending - passing to planner for LLM classification[0m
[32m17:07:51.997[0m | [1mINFO    [0m | [36msrc.conversation.graph.runner[0m:[36mrun_turn[0m | [1mPhase 11: Processing verification response via LLM[0m
[32m17:07:51.997[0m | [1mINFO    [0m | [36msrc.conversation.graph.runner[0m:[36mrun_turn[0m | [1mNew instruction during verification, proceeding with tool[0m
[32m17:07:51.997[0m | [1mINFO    [0m | [36msrc.conversation.graph.runner[0m:[36mrun_turn[0m | [1m[DIAG] Planner tool decision: tool_name=rotate_gripper, tool_args={'direction': 'cw', 'angle': 90.0}[0m
[32m17:07:51.997[0m | [1mINFO    [0m | [36msrc.audio.single_utterance_processor[0m:[36msynthesize[0m | [1mSynthesizing single utterance response[0m
[32m17:07:51.997[0m | [1mINFO    [0m | [36msrc.config.logging[0m:[36mlog_audio_event[0m | [1mAudio event: tts_request[0m
[32m17:07:52.193[0m | [1mINFO    [0m | [36msrc.config.logging[0m:[36mlog_audio_event[0m | [1mAudio event: tts_success[0m
[32m17:07:52.193[0m | [1mINFO    [0m | [36msrc.config.logging[0m:[36mlog_audio_event[0m | [1mAudio event: single_utterance_synthesis[0m
[32m17:07:52.194[0m | [1mINFO    [0m | [36msrc.audio.single_utterance_processor[0m:[36msynthesize[0m | [1mSingle utterance synthesis completed[0m
[32m17:07:52.202[0m | [1mINFO    [0m | [36msrc.api.websocket[0m:[36mon_acknowledgment[0m | [1mSent acknowledgment for session 658ef294-7ef7-4a37-831b-9295665a3ad4: Ok, working on that.[0m
[32m17:07:52.202[0m | [1mINFO    [0m | [36msrc.conversation.graph.runner[0m:[36mrun_turn[0m | [1mAcknowledgment sent before tool execution[0m
[32m17:07:52.202[0m | [1mINFO    [0m | [36msrc.conversation.graph.executor[0m:[36mexecute[0m | [1mInvoking MCP tool[0m
[32m17:07:52.202[0m | [1mINFO    [0m | [36msrc.conversation.graph.executor[0m:[36mexecute[0m | [1m[DIAG] Calling MCP tool: tool=rotate_gripper, args={'direction': 'cw', 'angle': 90.0}[0m
[32m17:07:52.206[0m | [1mINFO    [0m | [36msrc.mcp.stdio_client[0m:[36m_stderr_loop[0m | [1m[moveit stderr] [DIAG] MCP call_tool: name=rotate_gripper, args={'direction': 'cw', 'angle': 90.0}[0m
[ros2_control_node-1] [INFO] [1765404472.208225506] [joint_trajectory_controller]: Received new action goal
[ros2_control_node-1] [INFO] [1765404472.208292364] [joint_trajectory_controller]: Accepted new action goal
[ros2_control_node-1] [INFO] [1765404474.209967381] [joint_trajectory_controller]: Goal reached, success!
[ros2_control_node-1] [INFO] [1765404483.228867988] [joint_trajectory_controller]: Received new action goal
[ros2_control_node-1] [INFO] [1765404483.228907651] [joint_trajectory_controller]: Accepted new action goal
[ros2_control_node-1] [INFO] [1765404485.229972400] [joint_trajectory_controller]: Goal reached, success!
[ros2_control_node-1] [INFO] [1765404494.249212957] [joint_trajectory_controller]: Received new action goal
[ros2_control_node-1] [INFO] [1765404494.249262691] [joint_trajectory_controller]: Accepted new action goal
[ros2_control_node-1] [INFO] [1765404496.250977483] [joint_trajectory_controller]: Goal reached, success!
[32m17:08:17.024[0m | [33m[1mWARNING [0m | [36msrc.mcp.stdio_client[0m:[36mhealth_check[0m | [33m[1mHealth check timeout for moveit[0m
[32m17:08:19.397[0m | [1mINFO    [0m | [36msrc.api.websocket[0m:[36m_handle_message[0m | [1m🎯 Processing WebSocket message[0m
[32m17:08:19.398[0m | [1mINFO    [0m | [36msrc.api.websocket[0m:[36m_handle_message[0m | [1m🏓 Handling ping for session 658ef294-7ef7-4a37-831b-9295665a3ad4[0m
[32m17:08:19.398[0m | [1mINFO    [0m | [36msrc.api.websocket[0m:[36m_handle_message[0m | [1m✅ ping handled successfully for session 658ef294-7ef7-4a37-831b-9295665a3ad4[0m
[32m17:08:24.270[0m | [1mINFO    [0m | [36msrc.config.logging[0m:[36mlog_mcp_event[0m | [1mMCP event: tool_invoked[0m
[32m17:08:24.270[0m | [1mINFO    [0m | [36msrc.conversation.graph.executor[0m:[36mexecute[0m | [1m[DIAG] MCP response: tool=rotate_gripper, result={'content': [{'type': 'text', 'text': '{\n  "success": false,\n  "message": "Timeout waiting for goal acceptance",\n  "direction": "cw",\n  "angle_degrees": 90.0,\n  "start_joint_6_rad": 0.2858,\n  "end_joint_6_rad": -1.285,\n  "actual_rotation_deg": -90.0,\n  "duration_ms": 32060.55\n}'}], 'isError[0m
[32m17:08:24.270[0m | [33m[1mWARNING [0m | [36msrc.conversation.graph.executor[0m:[36mexecute[0m | [33m[1mTool reported error payload[0m
[32m17:08:24.270[0m | [33m[1mWARNING [0m | [36msrc.conversation.graph.runner[0m:[36mrun_turn[0m | [33m[1mTool execution failed - stopping turn[0m
[32m17:08:24.271[0m | [1mINFO    [0m | [36msrc.audio.single_utterance_processor[0m:[36msynthesize[0m | [1mSynthesizing single utterance response[0m
[32m17:08:24.271[0m | [1mINFO    [0m | [36msrc.config.logging[0m:[36mlog_audio_event[0m | [1mAudio event: tts_request[0m
[32m17:08:24.740[0m | [1mINFO    [0m | [36msrc.config.logging[0m:[36mlog_audio_event[0m | [1mAudio event: tts_success[0m
[32m17:08:24.740[0m | [1mINFO    [0m | [36msrc.config.logging[0m:[36mlog_audio_event[0m | [1mAudio event: single_utterance_synthesis[0m
[32m17:08:24.740[0m | [1mINFO    [0m | [36msrc.audio.single_utterance_processor[0m:[36msynthesize[0m | [1mSingle utterance synthesis completed[0m
[32m17:08:24.741[0m | [1mINFO    [0m | [36msrc.conversation.graph.responder[0m:[36mrespond[0m | [1mResponder prepared final output[0m
[32m17:08:24.741[0m | [1mINFO    [0m | [36msrc.conversation.state_machine[0m:[36mtransition_to[0m | [1mState transition completed[0m
[32m17:08:24.751[0m | [1mINFO    [0m | [36msrc.conversation.models[0m:[36mlog_snapshot[0m | [1mTurn metrics updated[0m
[32m17:08:24.752[0m | [1mINFO    [0m | [36msrc.config.logging[0m:[36mlog_conversation_event[0m | [1mConversation event: turn_complete[0m
[32m17:08:24.752[0m | [1mINFO    [0m | [36msrc.conversation.state_machine[0m:[36mtransition_to[0m | [1mState transition completed[0m
[32m17:08:24.767[0m | [1mINFO    [0m | [36msrc.api.websocket[0m:[36m_send_conversation_result[0m | [1mConversation turn completed for session 658ef294-7ef7-4a37-831b-9295665a3ad4[0m
[32m17:08:24.767[0m | [1mINFO    [0m | [36msrc.api.websocket[0m:[36m_process_streaming_turn[0m | [1mStarting streaming turn for session 658ef294-7ef7-4a37-831b-9295665a3ad4[0m
[32m17:08:24.767[0m | [1mINFO    [0m | [36msrc.config.logging[0m:[36mlog_conversation_event[0m | [1mConversation event: turn_start[0m
[32m17:08:24.767[0m | [1mINFO    [0m | [36msrc.conversation.state_machine[0m:[36mtransition_to[0m | [1mState transition completed[0m
[32m17:08:24.767[0m | [1mINFO    [0m | [36msrc.config.logging[0m:[36mlog_audio_event[0m | [1mAudio event: streaming_transcription_start[0m
[32m17:08:24.767[0m | [1mINFO    [0m | [36msrc.audio.single_utterance_processor[0m:[36mtranscribe_stream[0m | [1mStarting real-time stream transcription with V2 Recognizer...[0m
[32m17:08:24.767[0m | [1mINFO    [0m | [36msrc.config.logging[0m:[36mlog_audio_event[0m | [1mAudio event: stt_streaming_start[0m
[32m17:08:30.931[0m | [1mINFO    [0m | [36msrc.config.logging[0m:[36mlog_audio_event[0m | [1mAudio event: stt_streaming_event[0m
[32m17:08:30.950[0m | [1mINFO    [0m | [36msrc.audio.single_utterance_processor[0m:[36mtranscribe_stream[0m | [1mFinal transcript received from stream[0m
[32m17:08:30.950[0m | [1mINFO    [0m | [36msrc.config.logging[0m:[36mlog_audio_event[0m | [1mAudio event: streaming_transcription_success[0m
[32m17:08:30.950[0m | [1mINFO    [0m | [36msrc.api.websocket[0m:[36mon_transcript[0m | [1mSent early transcript: Move forward....[0m
[32m17:08:30.950[0m | [1mINFO    [0m | [36msrc.conversation.state_machine[0m:[36mtransition_to[0m | [1mState transition completed[0m
[32m17:08:30.950[0m | [1mINFO    [0m | [36msrc.conversation.single_utterance_engine[0m:[36mprocess_conversation_turn[0m | [1mSpeech transcribed via stream[0m
[32m17:08:31.994[0m | [1mINFO    [0m | [36msrc.conversation.graph.runner[0m:[36mrun_turn[0m | [1m[DIAG] Planner tool decision: tool_name=move, tool_args={'direction': 'forward', 'distance': 0.2}[0m
[32m17:08:31.994[0m | [1mINFO    [0m | [36msrc.audio.single_utterance_processor[0m:[36msynthesize[0m | [1mSynthesizing single utterance response[0m
[32m17:08:31.994[0m | [1mINFO    [0m | [36msrc.config.logging[0m:[36mlog_audio_event[0m | [1mAudio event: tts_request[0m
[32m17:08:32.171[0m | [1mINFO    [0m | [36msrc.config.logging[0m:[36mlog_audio_event[0m | [1mAudio event: tts_success[0m
[32m17:08:32.171[0m | [1mINFO    [0m | [36msrc.config.logging[0m:[36mlog_audio_event[0m | [1mAudio event: single_utterance_synthesis[0m
[32m17:08:32.171[0m | [1mINFO    [0m | [36msrc.audio.single_utterance_processor[0m:[36msynthesize[0m | [1mSingle utterance synthesis completed[0m
[32m17:08:32.176[0m | [1mINFO    [0m | [36msrc.api.websocket[0m:[36mon_acknowledgment[0m | [1mSent acknowledgment for session 658ef294-7ef7-4a37-831b-9295665a3ad4: Ok, moving forward.[0m
[32m17:08:32.176[0m | [1mINFO    [0m | [36msrc.conversation.graph.runner[0m:[36mrun_turn[0m | [1mAcknowledgment sent before tool execution[0m
[32m17:08:32.176[0m | [1mINFO    [0m | [36msrc.conversation.graph.executor[0m:[36mexecute[0m | [1mInvoking MCP tool[0m
[32m17:08:32.176[0m | [1mINFO    [0m | [36msrc.conversation.graph.executor[0m:[36mexecute[0m | [1m[DIAG] Calling MCP tool: tool=move, args={'direction': 'forward', 'distance': 0.2, 'angle': 15.0}[0m
[32m17:08:32.180[0m | [1mINFO    [0m | [36msrc.mcp.stdio_client[0m:[36m_stderr_loop[0m | [1m[moveit stderr] [DIAG] MCP call_tool: name=move, args={'direction': 'forward', 'distance': 0.2, 'angle': 15.0}[0m
[move_group-9] [INFO] [1765404512.184544163] [moveit_move_group_default_capabilities.plan_service_capability]: Received new planning service request...
[move_group-9] [INFO] [1765404512.184968871] [moveit.ompl_planning.model_based_planning_context]: Planner configuration 'arm' will use planner 'geometric::RRTConnect'. Additional configuration parameters will be set when the planner is constructed.
[move_group-9] [ERROR] [1765404512.688458308] [ompl]: ./src/ompl/geometric/planners/rrt/src/RRTConnect.cpp:265 - arm/arm: Unable to sample any valid states for goal tree
[move_group-9] [ERROR] [1765404512.688498024] [ompl]: ./src/ompl/geometric/planners/rrt/src/RRTConnect.cpp:265 - arm/arm: Unable to sample any valid states for goal tree
[move_group-9] [ERROR] [1765404512.688525236] [ompl]: ./src/ompl/geometric/planners/rrt/src/RRTConnect.cpp:265 - arm/arm: Unable to sample any valid states for goal tree
[move_group-9] [ERROR] [1765404512.688565556] [ompl]: ./src/ompl/geometric/planners/rrt/src/RRTConnect.cpp:265 - arm/arm: Unable to sample any valid states for goal tree
[move_group-9] [WARN] [1765404512.688621406] [ompl]: ./src/ompl/tools/multiplan/src/ParallelPlan.cpp:138 - ParallelPlan::solve(): Unable to find solution by any of the threads in 0.503521 seconds
[move_group-9] [INFO] [1765404512.693729765] [moveit.ompl_planning.model_based_planning_context]: Unable to solve the planning problem
[32m17:08:32.696[0m | [1mINFO    [0m | [36msrc.config.logging[0m:[36mlog_mcp_event[0m | [1mMCP event: tool_invoked[0m
[32m17:08:32.696[0m | [1mINFO    [0m | [36msrc.conversation.graph.executor[0m:[36mexecute[0m | [1m[DIAG] MCP response: tool=move, result={'content': [{'type': 'text', 'text': '{\n  "success": false,\n  "message": "Motion planning/execution failed (error_code: moveit_msgs.msg.MoveItErrorCodes(val=1))",\n  "start_pose": {\n    "x": 0.4608,\n    "y": 0.2034,\n    "z": 0.5022\n  },\n  "end_pose": {\n    "x": 0.4608,\n    "y": 0.2034,\n  [0m
[32m17:08:32.696[0m | [33m[1mWARNING [0m | [36msrc.conversation.graph.executor[0m:[36mexecute[0m | [33m[1mTool reported error payload[0m
[32m17:08:32.696[0m | [33m[1mWARNING [0m | [36msrc.conversation.graph.runner[0m:[36mrun_turn[0m | [33m[1mTool execution failed - stopping turn[0m
[32m17:08:32.696[0m | [1mINFO    [0m | [36msrc.audio.single_utterance_processor[0m:[36msynthesize[0m | [1mSynthesizing single utterance response[0m
[32m17:08:32.696[0m | [1mINFO    [0m | [36msrc.config.logging[0m:[36mlog_audio_event[0m | [1mAudio event: tts_request[0m
[32m17:08:33.280[0m | [1mINFO    [0m | [36msrc.config.logging[0m:[36mlog_audio_event[0m | [1mAudio event: tts_success[0m
[32m17:08:33.280[0m | [1mINFO    [0m | [36msrc.config.logging[0m:[36mlog_audio_event[0m | [1mAudio event: single_utterance_synthesis[0m
[32m17:08:33.281[0m | [1mINFO    [0m | [36msrc.audio.single_utterance_processor[0m:[36msynthesize[0m | [1mSingle utterance synthesis completed[0m
[32m17:08:33.281[0m | [1mINFO    [0m | [36msrc.conversation.graph.responder[0m:[36mrespond[0m | [1mResponder prepared final output[0m
[32m17:08:33.281[0m | [1mINFO    [0m | [36msrc.conversation.state_machine[0m:[36mtransition_to[0m | [1mState transition completed[0m
[32m17:08:33.295[0m | [1mINFO    [0m | [36msrc.conversation.models[0m:[36mlog_snapshot[0m | [1mTurn metrics updated[0m
[32m17:08:33.295[0m | [1mINFO    [0m | [36msrc.config.logging[0m:[36mlog_conversation_event[0m | [1mConversation event: turn_complete[0m
[32m17:08:33.295[0m | [1mINFO    [0m | [36msrc.conversation.state_machine[0m:[36mtransition_to[0m | [1mState transition completed[0m
[32m17:08:33.308[0m | [1mINFO    [0m | [36msrc.api.websocket[0m:[36m_send_conversation_result[0m | [1mConversation turn completed for session 658ef294-7ef7-4a37-831b-9295665a3ad4[0m
[32m17:08:33.308[0m | [1mINFO    [0m | [36msrc.api.websocket[0m:[36m_process_streaming_turn[0m | [1mStarting streaming turn for session 658ef294-7ef7-4a37-831b-9295665a3ad4[0m
[32m17:08:33.308[0m | [1mINFO    [0m | [36msrc.config.logging[0m:[36mlog_conversation_event[0m | [1mConversation event: turn_start[0m
[32m17:08:33.308[0m | [1mINFO    [0m | [36msrc.conversation.state_machine[0m:[36mtransition_to[0m | [1mState transition completed[0m
[32m17:08:33.308[0m | [1mINFO    [0m | [36msrc.config.logging[0m:[36mlog_audio_event[0m | [1mAudio event: streaming_transcription_start[0m
[32m17:08:33.308[0m | [1mINFO    [0m | [36msrc.audio.single_utterance_processor[0m:[36mtranscribe_stream[0m | [1mStarting real-time stream transcription with V2 Recognizer...[0m
[32m17:08:33.308[0m | [1mINFO    [0m | [36msrc.config.logging[0m:[36mlog_audio_event[0m | [1mAudio event: stt_streaming_start[0m
[32m17:08:40.224[0m | [1mINFO    [0m | [36msrc.config.logging[0m:[36mlog_audio_event[0m | [1mAudio event: stt_streaming_event[0m
[32m17:08:40.313[0m | [1mINFO    [0m | [36msrc.audio.single_utterance_processor[0m:[36mtranscribe_stream[0m | [1mFinal transcript received from stream[0m
[32m17:08:40.314[0m | [1mINFO    [0m | [36msrc.config.logging[0m:[36mlog_audio_event[0m | [1mAudio event: streaming_transcription_success[0m
[32m17:08:40.314[0m | [1mINFO    [0m | [36msrc.api.websocket[0m:[36mon_transcript[0m | [1mSent early transcript: Move forward....[0m
[32m17:08:40.314[0m | [1mINFO    [0m | [36msrc.conversation.state_machine[0m:[36mtransition_to[0m | [1mState transition completed[0m
[32m17:08:40.314[0m | [1mINFO    [0m | [36msrc.conversation.single_utterance_engine[0m:[36mprocess_conversation_turn[0m | [1mSpeech transcribed via stream[0m
[32m17:08:41.286[0m | [1mINFO    [0m | [36msrc.conversation.graph.runner[0m:[36mrun_turn[0m | [1m[DIAG] Planner tool decision: tool_name=move, tool_args={'direction': 'forward', 'distance': 0.2}[0m
[32m17:08:41.287[0m | [1mINFO    [0m | [36msrc.audio.single_utterance_processor[0m:[36msynthesize[0m | [1mSynthesizing single utterance response[0m
[32m17:08:41.287[0m | [1mINFO    [0m | [36msrc.config.logging[0m:[36mlog_audio_event[0m | [1mAudio event: tts_request[0m
[32m17:08:41.516[0m | [1mINFO    [0m | [36msrc.config.logging[0m:[36mlog_audio_event[0m | [1mAudio event: tts_success[0m
[32m17:08:41.516[0m | [1mINFO    [0m | [36msrc.config.logging[0m:[36mlog_audio_event[0m | [1mAudio event: single_utterance_synthesis[0m
[32m17:08:41.516[0m | [1mINFO    [0m | [36msrc.audio.single_utterance_processor[0m:[36msynthesize[0m | [1mSingle utterance synthesis completed[0m
[32m17:08:41.521[0m | [1mINFO    [0m | [36msrc.api.websocket[0m:[36mon_acknowledgment[0m | [1mSent acknowledgment for session 658ef294-7ef7-4a37-831b-9295665a3ad4: Ok, moving forward.[0m
[32m17:08:41.521[0m | [1mINFO    [0m | [36msrc.conversation.graph.runner[0m:[36mrun_turn[0m | [1mAcknowledgment sent before tool execution[0m
[32m17:08:41.521[0m | [1mINFO    [0m | [36msrc.conversation.graph.executor[0m:[36mexecute[0m | [1mInvoking MCP tool[0m
[32m17:08:41.521[0m | [1mINFO    [0m | [36msrc.conversation.graph.executor[0m:[36mexecute[0m | [1m[DIAG] Calling MCP tool: tool=move, args={'direction': 'forward', 'distance': 0.2, 'angle': 15.0}[0m
[32m17:08:41.526[0m | [1mINFO    [0m | [36msrc.mcp.stdio_client[0m:[36m_stderr_loop[0m | [1m[moveit stderr] [DIAG] MCP call_tool: name=move, args={'direction': 'forward', 'distance': 0.2, 'angle': 15.0}[0m
[move_group-9] [INFO] [1765404521.531676493] [moveit_move_group_default_capabilities.plan_service_capability]: Received new planning service request...
[move_group-9] [INFO] [1765404521.532488466] [moveit.ompl_planning.model_based_planning_context]: Planner configuration 'arm' will use planner 'geometric::RRTConnect'. Additional configuration parameters will be set when the planner is constructed.
[move_group-9] [ERROR] [1765404522.036340389] [ompl]: ./src/ompl/geometric/planners/rrt/src/RRTConnect.cpp:265 - arm/arm: Unable to sample any valid states for goal tree
[move_group-9] [ERROR] [1765404522.036428765] [ompl]: ./src/ompl/geometric/planners/rrt/src/RRTConnect.cpp:265 - arm/arm: Unable to sample any valid states for goal tree
[move_group-9] [ERROR] [1765404522.036464480] [ompl]: ./src/ompl/geometric/planners/rrt/src/RRTConnect.cpp:265 - arm/arm: Unable to sample any valid states for goal tree
[move_group-9] [ERROR] [1765404522.036527216] [ompl]: ./src/ompl/geometric/planners/rrt/src/RRTConnect.cpp:265 - arm/arm: Unable to sample any valid states for goal tree
[move_group-9] [WARN] [1765404522.036565968] [ompl]: ./src/ompl/tools/multiplan/src/ParallelPlan.cpp:138 - ParallelPlan::solve(): Unable to find solution by any of the threads in 0.503822 seconds
[move_group-9] [INFO] [1765404522.041835203] [moveit.ompl_planning.model_based_planning_context]: Unable to solve the planning problem
[32m17:08:42.044[0m | [1mINFO    [0m | [36msrc.config.logging[0m:[36mlog_mcp_event[0m | [1mMCP event: tool_invoked[0m
[32m17:08:42.044[0m | [1mINFO    [0m | [36msrc.conversation.graph.executor[0m:[36mexecute[0m | [1m[DIAG] MCP response: tool=move, result={'content': [{'type': 'text', 'text': '{\n  "success": false,\n  "message": "Motion planning/execution failed (error_code: moveit_msgs.msg.MoveItErrorCodes(val=1))",\n  "start_pose": {\n    "x": 0.4613,\n    "y": 0.2036,\n    "z": 0.5007\n  },\n  "end_pose": {\n    "x": 0.4613,\n    "y": 0.2036,\n  [0m
[32m17:08:42.044[0m | [33m[1mWARNING [0m | [36msrc.conversation.graph.executor[0m:[36mexecute[0m | [33m[1mTool reported error payload[0m
[32m17:08:42.044[0m | [33m[1mWARNING [0m | [36msrc.conversation.graph.runner[0m:[36mrun_turn[0m | [33m[1mTool execution failed - stopping turn[0m
[32m17:08:42.044[0m | [1mINFO    [0m | [36msrc.audio.single_utterance_processor[0m:[36msynthesize[0m | [1mSynthesizing single utterance response[0m
[32m17:08:42.044[0m | [1mINFO    [0m | [36msrc.config.logging[0m:[36mlog_audio_event[0m | [1mAudio event: tts_request[0m
[32m17:08:42.667[0m | [1mINFO    [0m | [36msrc.config.logging[0m:[36mlog_audio_event[0m | [1mAudio event: tts_success[0m
[32m17:08:42.667[0m | [1mINFO    [0m | [36msrc.config.logging[0m:[36mlog_audio_event[0m | [1mAudio event: single_utterance_synthesis[0m
[32m17:08:42.667[0m | [1mINFO    [0m | [36msrc.audio.single_utterance_processor[0m:[36msynthesize[0m | [1mSingle utterance synthesis completed[0m
[32m17:08:42.668[0m | [1mINFO    [0m | [36msrc.conversation.graph.responder[0m:[36mrespond[0m | [1mResponder prepared final output[0m
[32m17:08:42.668[0m | [1mINFO    [0m | [36msrc.conversation.state_machine[0m:[36mtransition_to[0m | [1mState transition completed[0m
[32m17:08:42.681[0m | [1mINFO    [0m | [36msrc.conversation.models[0m:[36mlog_snapshot[0m | [1mTurn metrics updated[0m
[32m17:08:42.681[0m | [1mINFO    [0m | [36msrc.config.logging[0m:[36mlog_conversation_event[0m | [1mConversation event: turn_complete[0m
[32m17:08:42.681[0m | [1mINFO    [0m | [36msrc.conversation.state_machine[0m:[36mtransition_to[0m | [1mState transition completed[0m
[32m17:08:42.692[0m | [1mINFO    [0m | [36msrc.api.websocket[0m:[36m_send_conversation_result[0m | [1mConversation turn completed for session 658ef294-7ef7-4a37-831b-9295665a3ad4[0m
[32m17:08:42.692[0m | [1mINFO    [0m | [36msrc.api.websocket[0m:[36m_process_streaming_turn[0m | [1mStarting streaming turn for session 658ef294-7ef7-4a37-831b-9295665a3ad4[0m
[32m17:08:42.692[0m | [1mINFO    [0m | [36msrc.config.logging[0m:[36mlog_conversation_event[0m | [1mConversation event: turn_start[0m
[32m17:08:42.692[0m | [1mINFO    [0m | [36msrc.conversation.state_machine[0m:[36mtransition_to[0m | [1mState transition completed[0m
[32m17:08:42.692[0m | [1mINFO    [0m | [36msrc.config.logging[0m:[36mlog_audio_event[0m | [1mAudio event: streaming_transcription_start[0m
[32m17:08:42.692[0m | [1mINFO    [0m | [36msrc.audio.single_utterance_processor[0m:[36mtranscribe_stream[0m | [1mStarting real-time stream transcription with V2 Recognizer...[0m
[32m17:08:42.692[0m | [1mINFO    [0m | [36msrc.config.logging[0m:[36mlog_audio_event[0m | [1mAudio event: stt_streaming_start[0m
[32m17:08:49.397[0m | [1mINFO    [0m | [36msrc.api.websocket[0m:[36m_handle_message[0m | [1m🎯 Processing WebSocket message[0m
[32m17:08:49.397[0m | [1mINFO    [0m | [36msrc.api.websocket[0m:[36m_handle_message[0m | [1m🏓 Handling ping for session 658ef294-7ef7-4a37-831b-9295665a3ad4[0m
[32m17:08:49.397[0m | [1mINFO    [0m | [36msrc.api.websocket[0m:[36m_handle_message[0m | [1m✅ ping handled successfully for session 658ef294-7ef7-4a37-831b-9295665a3ad4[0m
[32m17:08:50.997[0m | [1mINFO    [0m | [36msrc.config.logging[0m:[36mlog_audio_event[0m | [1mAudio event: stt_streaming_event[0m
[32m17:08:51.017[0m | [1mINFO    [0m | [36msrc.audio.single_utterance_processor[0m:[36mtranscribe_stream[0m | [1mFinal transcript received from stream[0m
[32m17:08:51.017[0m | [1mINFO    [0m | [36msrc.config.logging[0m:[36mlog_audio_event[0m | [1mAudio event: streaming_transcription_success[0m
[32m17:08:51.018[0m | [1mINFO    [0m | [36msrc.api.websocket[0m:[36mon_transcript[0m | [1mSent early transcript: Move down slightly and then move forward....[0m
[32m17:08:51.018[0m | [1mINFO    [0m | [36msrc.conversation.state_machine[0m:[36mtransition_to[0m | [1mState transition completed[0m
[32m17:08:51.019[0m | [1mINFO    [0m | [36msrc.conversation.single_utterance_engine[0m:[36mprocess_conversation_turn[0m | [1mSpeech transcribed via stream[0m
[32m17:08:52.064[0m | [1mINFO    [0m | [36msrc.conversation.graph.runner[0m:[36mrun_turn[0m | [1m[DIAG] Planner tool decision: tool_name=move, tool_args={'direction': 'down', 'distance': 0.1}[0m
[32m17:08:52.064[0m | [1mINFO    [0m | [36msrc.audio.single_utterance_processor[0m:[36msynthesize[0m | [1mSynthesizing single utterance response[0m
[32m17:08:52.064[0m | [1mINFO    [0m | [36msrc.config.logging[0m:[36mlog_audio_event[0m | [1mAudio event: tts_request[0m
[32m17:08:52.239[0m | [1mINFO    [0m | [36msrc.config.logging[0m:[36mlog_audio_event[0m | [1mAudio event: tts_success[0m
[32m17:08:52.239[0m | [1mINFO    [0m | [36msrc.config.logging[0m:[36mlog_audio_event[0m | [1mAudio event: single_utterance_synthesis[0m
[32m17:08:52.239[0m | [1mINFO    [0m | [36msrc.audio.single_utterance_processor[0m:[36msynthesize[0m | [1mSingle utterance synthesis completed[0m
[32m17:08:52.243[0m | [1mINFO    [0m | [36msrc.api.websocket[0m:[36mon_acknowledgment[0m | [1mSent acknowledgment for session 658ef294-7ef7-4a37-831b-9295665a3ad4: Ok, moving down.[0m
[32m17:08:52.243[0m | [1mINFO    [0m | [36msrc.conversation.graph.runner[0m:[36mrun_turn[0m | [1mAcknowledgment sent before tool execution[0m
[32m17:08:52.243[0m | [1mINFO    [0m | [36msrc.conversation.graph.executor[0m:[36mexecute[0m | [1mInvoking MCP tool[0m
[32m17:08:52.243[0m | [1mINFO    [0m | [36msrc.conversation.graph.executor[0m:[36mexecute[0m | [1m[DIAG] Calling MCP tool: tool=move, args={'direction': 'down', 'distance': 0.1, 'angle': 15.0}[0m
[32m17:08:52.248[0m | [1mINFO    [0m | [36msrc.mcp.stdio_client[0m:[36m_stderr_loop[0m | [1m[moveit stderr] [DIAG] MCP call_tool: name=move, args={'direction': 'down', 'distance': 0.1, 'angle': 15.0}[0m
[move_group-9] [INFO] [1765404532.254021591] [moveit_move_group_default_capabilities.plan_service_capability]: Received new planning service request...
[move_group-9] [INFO] [1765404532.254480548] [moveit.ompl_planning.model_based_planning_context]: Planner configuration 'arm' will use planner 'geometric::RRTConnect'. Additional configuration parameters will be set when the planner is constructed.
[move_group-9] [INFO] [1765404532.287375731] [moveit_move_group_default_capabilities.execute_trajectory_action_capability]: Received goal request
[move_group-9] [INFO] [1765404532.287433062] [moveit_move_group_default_capabilities.execute_trajectory_action_capability]: Execution request received
[move_group-9] [INFO] [1765404532.287449491] [moveit.plugins.moveit_simple_controller_manager]: Returned 2 controllers in list
[move_group-9] [INFO] [1765404532.287458932] [moveit.plugins.moveit_simple_controller_manager]: Returned 2 controllers in list
[move_group-9] [INFO] [1765404532.287487263] [moveit_ros.trajectory_execution_manager]: Validating trajectory with allowed_start_tolerance 0.01
[move_group-9] [INFO] [1765404532.288153574] [moveit_ros.trajectory_execution_manager]: Starting trajectory execution ...
[move_group-9] [INFO] [1765404532.288183279] [moveit.plugins.moveit_simple_controller_manager]: Returned 2 controllers in list
[move_group-9] [INFO] [1765404532.288193326] [moveit.plugins.moveit_simple_controller_manager]: Returned 2 controllers in list
[move_group-9] [INFO] [1765404532.288271794] [moveit.simple_controller_manager.follow_joint_trajectory_controller_handle]: sending trajectory to joint_trajectory_controller
[ros2_control_node-1] [INFO] [1765404532.288441493] [joint_trajectory_controller]: Received new action goal
[ros2_control_node-1] [INFO] [1765404532.288483129] [joint_trajectory_controller]: Accepted new action goal
[move_group-9] [INFO] [1765404532.288622655] [moveit.simple_controller_manager.follow_joint_trajectory_controller_handle]: joint_trajectory_controller started execution
[move_group-9] [INFO] [1765404532.288638969] [moveit.simple_controller_manager.follow_joint_trajectory_controller_handle]: Goal request accepted!
[ros2_control_node-1] [INFO] [1765404534.409922634] [joint_trajectory_controller]: Goal reached, success!
[move_group-9] [INFO] [1765404534.438803165] [moveit.simple_controller_manager.follow_joint_trajectory_controller_handle]: Controller 'joint_trajectory_controller' successfully finished
[move_group-9] [INFO] [1765404534.441012971] [moveit_ros.trajectory_execution_manager]: Completed trajectory execution with status SUCCEEDED ...
[move_group-9] [INFO] [1765404534.441083478] [moveit_move_group_default_capabilities.execute_trajectory_action_capability]: Execution completed: SUCCEEDED
[32m17:08:54.447[0m | [1mINFO    [0m | [36msrc.config.logging[0m:[36mlog_mcp_event[0m | [1mMCP event: tool_invoked[0m
[32m17:08:54.448[0m | [1mINFO    [0m | [36msrc.conversation.graph.executor[0m:[36mexecute[0m | [1m[DIAG] MCP response: tool=move, result={'content': [{'type': 'text', 'text': '{\n  "success": true,\n  "message": "Moved to pose (0.461, 0.204, 0.401)",\n  "start_pose": {\n    "x": 0.4613,\n    "y": 0.2036,\n    "z": 0.5007\n  },\n  "end_pose": {\n    "x": 0.4608,\n    "y": 0.2044,\n    "z": 0.3977\n  },\n  "duration_ms": 2194.19,\n  "d[0m
[32m17:08:54.448[0m | [1mINFO    [0m | [36msrc.conversation.graph.runner[0m:[36mrun_turn[0m | [1mVerification required after tool execution[0m
[32m17:08:54.448[0m | [1mINFO    [0m | [36msrc.audio.single_utterance_processor[0m:[36msynthesize[0m | [1mSynthesizing single utterance response[0m
[32m17:08:54.448[0m | [1mINFO    [0m | [36msrc.config.logging[0m:[36mlog_audio_event[0m | [1mAudio event: tts_request[0m
[32m17:08:54.829[0m | [1mINFO    [0m | [36msrc.config.logging[0m:[36mlog_audio_event[0m | [1mAudio event: tts_success[0m
[32m17:08:54.830[0m | [1mINFO    [0m | [36msrc.config.logging[0m:[36mlog_audio_event[0m | [1mAudio event: single_utterance_synthesis[0m
[32m17:08:54.830[0m | [1mINFO    [0m | [36msrc.audio.single_utterance_processor[0m:[36msynthesize[0m | [1mSingle utterance synthesis completed[0m
[32m17:08:54.830[0m | [1mINFO    [0m | [36msrc.conversation.graph.responder[0m:[36mrespond[0m | [1mResponder prepared final output[0m
[32m17:08:54.830[0m | [1mINFO    [0m | [36msrc.conversation.state_machine[0m:[36mtransition_to[0m | [1mState transition completed[0m
[32m17:08:54.843[0m | [1mINFO    [0m | [36msrc.conversation.models[0m:[36mlog_snapshot[0m | [1mTurn metrics updated[0m
[32m17:08:54.843[0m | [1mINFO    [0m | [36msrc.config.logging[0m:[36mlog_conversation_event[0m | [1mConversation event: turn_complete[0m
[32m17:08:54.844[0m | [1mINFO    [0m | [36msrc.conversation.state_machine[0m:[36mtransition_to[0m | [1mState transition completed[0m
[32m17:08:54.853[0m | [1mINFO    [0m | [36msrc.api.websocket[0m:[36m_send_conversation_result[0m | [1mConversation turn completed for session 658ef294-7ef7-4a37-831b-9295665a3ad4[0m
[32m17:08:54.853[0m | [1mINFO    [0m | [36msrc.api.websocket[0m:[36m_process_streaming_turn[0m | [1mStarting streaming turn for session 658ef294-7ef7-4a37-831b-9295665a3ad4[0m
[32m17:08:54.854[0m | [1mINFO    [0m | [36msrc.config.logging[0m:[36mlog_conversation_event[0m | [1mConversation event: turn_start[0m
[32m17:08:54.854[0m | [1mINFO    [0m | [36msrc.conversation.state_machine[0m:[36mtransition_to[0m | [1mState transition completed[0m
[32m17:08:54.854[0m | [1mINFO    [0m | [36msrc.config.logging[0m:[36mlog_audio_event[0m | [1mAudio event: streaming_transcription_start[0m
[32m17:08:54.854[0m | [1mINFO    [0m | [36msrc.audio.single_utterance_processor[0m:[36mtranscribe_stream[0m | [1mStarting real-time stream transcription with V2 Recognizer...[0m
[32m17:08:54.854[0m | [1mINFO    [0m | [36msrc.config.logging[0m:[36mlog_audio_event[0m | [1mAudio event: stt_streaming_start[0m
[32m17:08:59.711[0m | [1mINFO    [0m | [36msrc.config.logging[0m:[36mlog_audio_event[0m | [1mAudio event: stt_streaming_event[0m
[32m17:08:59.735[0m | [1mINFO    [0m | [36msrc.audio.single_utterance_processor[0m:[36mtranscribe_stream[0m | [1mFinal transcript received from stream[0m
[32m17:08:59.735[0m | [1mINFO    [0m | [36msrc.config.logging[0m:[36mlog_audio_event[0m | [1mAudio event: streaming_transcription_success[0m
[32m17:08:59.736[0m | [1mINFO    [0m | [36msrc.api.websocket[0m:[36mon_transcript[0m | [1mSent early transcript: Move forward....[0m
[32m17:08:59.736[0m | [1mINFO    [0m | [36msrc.conversation.state_machine[0m:[36mtransition_to[0m | [1mState transition completed[0m
[32m17:08:59.736[0m | [1mINFO    [0m | [36msrc.conversation.single_utterance_engine[0m:[36mprocess_conversation_turn[0m | [1mSpeech transcribed via stream[0m
[32m17:08:59.736[0m | [1mINFO    [0m | [36msrc.conversation.graph.runner[0m:[36mrun_turn[0m | [1mVerification pending - passing to planner for LLM classification[0m
[32m17:09:00.874[0m | [1mINFO    [0m | [36msrc.conversation.graph.runner[0m:[36mrun_turn[0m | [1mPhase 11: Processing verification response via LLM[0m
[32m17:09:00.874[0m | [1mINFO    [0m | [36msrc.conversation.graph.runner[0m:[36mrun_turn[0m | [1mNew instruction during verification, proceeding with tool[0m
[32m17:09:00.874[0m | [1mINFO    [0m | [36msrc.conversation.graph.runner[0m:[36mrun_turn[0m | [1m[DIAG] Planner tool decision: tool_name=move, tool_args={'direction': 'forward', 'distance': 0.2}[0m
[32m17:09:00.874[0m | [1mINFO    [0m | [36msrc.audio.single_utterance_processor[0m:[36msynthesize[0m | [1mSynthesizing single utterance response[0m
[32m17:09:00.875[0m | [1mINFO    [0m | [36msrc.config.logging[0m:[36mlog_audio_event[0m | [1mAudio event: tts_request[0m
[32m17:09:01.177[0m | [1mINFO    [0m | [36msrc.config.logging[0m:[36mlog_audio_event[0m | [1mAudio event: tts_success[0m
[32m17:09:01.177[0m | [1mINFO    [0m | [36msrc.config.logging[0m:[36mlog_audio_event[0m | [1mAudio event: single_utterance_synthesis[0m
[32m17:09:01.177[0m | [1mINFO    [0m | [36msrc.audio.single_utterance_processor[0m:[36msynthesize[0m | [1mSingle utterance synthesis completed[0m
[32m17:09:01.183[0m | [1mINFO    [0m | [36msrc.api.websocket[0m:[36mon_acknowledgment[0m | [1mSent acknowledgment for session 658ef294-7ef7-4a37-831b-9295665a3ad4: Ok, moving forward.[0m
[32m17:09:01.183[0m | [1mINFO    [0m | [36msrc.conversation.graph.runner[0m:[36mrun_turn[0m | [1mAcknowledgment sent before tool execution[0m
[32m17:09:01.183[0m | [1mINFO    [0m | [36msrc.conversation.graph.executor[0m:[36mexecute[0m | [1mInvoking MCP tool[0m
[32m17:09:01.183[0m | [1mINFO    [0m | [36msrc.conversation.graph.executor[0m:[36mexecute[0m | [1m[DIAG] Calling MCP tool: tool=move, args={'direction': 'forward', 'distance': 0.2, 'angle': 15.0}[0m
[32m17:09:01.188[0m | [1mINFO    [0m | [36msrc.mcp.stdio_client[0m:[36m_stderr_loop[0m | [1m[moveit stderr] [DIAG] MCP call_tool: name=move, args={'direction': 'forward', 'distance': 0.2, 'angle': 15.0}[0m
[move_group-9] [INFO] [1765404541.194722916] [moveit_move_group_default_capabilities.plan_service_capability]: Received new planning service request...
[move_group-9] [INFO] [1765404541.195434517] [moveit.ompl_planning.model_based_planning_context]: Planner configuration 'arm' will use planner 'geometric::RRTConnect'. Additional configuration parameters will be set when the planner is constructed.
[move_group-9] [ERROR] [1765404541.699252875] [ompl]: ./src/ompl/geometric/planners/rrt/src/RRTConnect.cpp:265 - arm/arm: Unable to sample any valid states for goal tree
[move_group-9] [ERROR] [1765404541.699406871] [ompl]: ./src/ompl/geometric/planners/rrt/src/RRTConnect.cpp:265 - arm/arm: Unable to sample any valid states for goal tree
[move_group-9] [ERROR] [1765404541.699799201] [ompl]: ./src/ompl/geometric/planners/rrt/src/RRTConnect.cpp:265 - arm/arm: Unable to sample any valid states for goal tree
[move_group-9] [ERROR] [1765404541.699836354] [ompl]: ./src/ompl/geometric/planners/rrt/src/RRTConnect.cpp:265 - arm/arm: Unable to sample any valid states for goal tree
[move_group-9] [WARN] [1765404541.699906521] [ompl]: ./src/ompl/tools/multiplan/src/ParallelPlan.cpp:138 - ParallelPlan::solve(): Unable to find solution by any of the threads in 0.504249 seconds
[move_group-9] [INFO] [1765404541.700119007] [moveit.ompl_planning.model_based_planning_context]: Unable to solve the planning problem
[32m17:09:01.702[0m | [1mINFO    [0m | [36msrc.config.logging[0m:[36mlog_mcp_event[0m | [1mMCP event: tool_invoked[0m
[32m17:09:01.702[0m | [1mINFO    [0m | [36msrc.conversation.graph.executor[0m:[36mexecute[0m | [1m[DIAG] MCP response: tool=move, result={'content': [{'type': 'text', 'text': '{\n  "success": false,\n  "message": "Motion planning/execution failed (error_code: moveit_msgs.msg.MoveItErrorCodes(val=1))",\n  "start_pose": {\n    "x": 0.4608,\n    "y": 0.2044,\n    "z": 0.3977\n  },\n  "end_pose": {\n    "x": 0.4608,\n    "y": 0.2044,\n  [0m
[32m17:09:01.703[0m | [33m[1mWARNING [0m | [36msrc.conversation.graph.executor[0m:[36mexecute[0m | [33m[1mTool reported error payload[0m
[32m17:09:01.703[0m | [33m[1mWARNING [0m | [36msrc.conversation.graph.runner[0m:[36mrun_turn[0m | [33m[1mTool execution failed - stopping turn[0m
[32m17:09:01.703[0m | [1mINFO    [0m | [36msrc.audio.single_utterance_processor[0m:[36msynthesize[0m | [1mSynthesizing single utterance response[0m
[32m17:09:01.703[0m | [1mINFO    [0m | [36msrc.config.logging[0m:[36mlog_audio_event[0m | [1mAudio event: tts_request[0m
[32m17:09:02.408[0m | [1mINFO    [0m | [36msrc.config.logging[0m:[36mlog_audio_event[0m | [1mAudio event: tts_success[0m
[32m17:09:02.408[0m | [1mINFO    [0m | [36msrc.config.logging[0m:[36mlog_audio_event[0m | [1mAudio event: single_utterance_synthesis[0m
[32m17:09:02.409[0m | [1mINFO    [0m | [36msrc.audio.single_utterance_processor[0m:[36msynthesize[0m | [1mSingle utterance synthesis completed[0m
[32m17:09:02.409[0m | [1mINFO    [0m | [36msrc.conversation.graph.responder[0m:[36mrespond[0m | [1mResponder prepared final output[0m
[32m17:09:02.409[0m | [1mINFO    [0m | [36msrc.conversation.state_machine[0m:[36mtransition_to[0m | [1mState transition completed[0m
[32m17:09:02.422[0m | [1mINFO    [0m | [36msrc.conversation.models[0m:[36mlog_snapshot[0m | [1mTurn metrics updated[0m
[32m17:09:02.422[0m | [1mINFO    [0m | [36msrc.config.logging[0m:[36mlog_conversation_event[0m | [1mConversation event: turn_complete[0m
[32m17:09:02.422[0m | [1mINFO    [0m | [36msrc.conversation.state_machine[0m:[36mtransition_to[0m | [1mState transition completed[0m
[32m17:09:02.434[0m | [1mINFO    [0m | [36msrc.api.websocket[0m:[36m_send_conversation_result[0m | [1mConversation turn completed for session 658ef294-7ef7-4a37-831b-9295665a3ad4[0m
[32m17:09:02.435[0m | [1mINFO    [0m | [36msrc.api.websocket[0m:[36m_process_streaming_turn[0m | [1mStarting streaming turn for session 658ef294-7ef7-4a37-831b-9295665a3ad4[0m
[32m17:09:02.435[0m | [1mINFO    [0m | [36msrc.config.logging[0m:[36mlog_conversation_event[0m | [1mConversation event: turn_start[0m
[32m17:09:02.435[0m | [1mINFO    [0m | [36msrc.conversation.state_machine[0m:[36mtransition_to[0m | [1mState transition completed[0m
[32m17:09:02.435[0m | [1mINFO    [0m | [36msrc.config.logging[0m:[36mlog_audio_event[0m | [1mAudio event: streaming_transcription_start[0m
[32m17:09:02.435[0m | [1mINFO    [0m | [36msrc.audio.single_utterance_processor[0m:[36mtranscribe_stream[0m | [1mStarting real-time stream transcription with V2 Recognizer...[0m
[32m17:09:02.435[0m | [1mINFO    [0m | [36msrc.config.logging[0m:[36mlog_audio_event[0m | [1mAudio event: stt_streaming_start[0m
[32m17:09:09.562[0m | [1mINFO    [0m | [36msrc.config.logging[0m:[36mlog_audio_event[0m | [1mAudio event: stt_streaming_event[0m
[32m17:09:09.586[0m | [1mINFO    [0m | [36msrc.audio.single_utterance_processor[0m:[36mtranscribe_stream[0m | [1mFinal transcript received from stream[0m
[32m17:09:09.586[0m | [1mINFO    [0m | [36msrc.config.logging[0m:[36mlog_audio_event[0m | [1mAudio event: streaming_transcription_success[0m
[32m17:09:09.586[0m | [1mINFO    [0m | [36msrc.api.websocket[0m:[36mon_transcript[0m | [1mSent early transcript: Close the gripper....[0m
[32m17:09:09.587[0m | [1mINFO    [0m | [36msrc.conversation.state_machine[0m:[36mtransition_to[0m | [1mState transition completed[0m
[32m17:09:09.587[0m | [1mINFO    [0m | [36msrc.conversation.single_utterance_engine[0m:[36mprocess_conversation_turn[0m | [1mSpeech transcribed via stream[0m
[32m17:09:10.496[0m | [1mINFO    [0m | [36msrc.conversation.graph.runner[0m:[36mrun_turn[0m | [1m[DIAG] Planner tool decision: tool_name=close_gripper, tool_args={}[0m
[32m17:09:10.497[0m | [1mINFO    [0m | [36msrc.audio.single_utterance_processor[0m:[36msynthesize[0m | [1mSynthesizing single utterance response[0m
[32m17:09:10.497[0m | [1mINFO    [0m | [36msrc.config.logging[0m:[36mlog_audio_event[0m | [1mAudio event: tts_request[0m
[32m17:09:10.803[0m | [1mINFO    [0m | [36msrc.config.logging[0m:[36mlog_audio_event[0m | [1mAudio event: tts_success[0m
[32m17:09:10.804[0m | [1mINFO    [0m | [36msrc.config.logging[0m:[36mlog_audio_event[0m | [1mAudio event: single_utterance_synthesis[0m
[32m17:09:10.804[0m | [1mINFO    [0m | [36msrc.audio.single_utterance_processor[0m:[36msynthesize[0m | [1mSingle utterance synthesis completed[0m
[32m17:09:10.811[0m | [1mINFO    [0m | [36msrc.api.websocket[0m:[36mon_acknowledgment[0m | [1mSent acknowledgment for session 658ef294-7ef7-4a37-831b-9295665a3ad4: Ok, closing the gripper.[0m
[32m17:09:10.811[0m | [1mINFO    [0m | [36msrc.conversation.graph.runner[0m:[36mrun_turn[0m | [1mAcknowledgment sent before tool execution[0m
[32m17:09:10.811[0m | [1mINFO    [0m | [36msrc.conversation.graph.executor[0m:[36mexecute[0m | [1mInvoking MCP tool[0m
[32m17:09:10.811[0m | [1mINFO    [0m | [36msrc.conversation.graph.executor[0m:[36mexecute[0m | [1m[DIAG] Calling MCP tool: tool=close_gripper, args={'verify_with_vision': True, 'object_description': 'object'}[0m
[32m17:09:10.815[0m | [1mINFO    [0m | [36msrc.mcp.stdio_client[0m:[36m_stderr_loop[0m | [1m[moveit stderr] [DIAG] MCP call_tool: name=close_gripper, args={'verify_with_vision': True, 'object_description': 'object'}[0m
[ros2_control_node-1] [INFO] [1765404550.815597268] [gen3_lite_2f_gripper_controller]: Received & accepted new action goal
[32m17:09:12.018[0m | [1mINFO    [0m | [36msrc.config.logging[0m:[36mlog_mcp_event[0m | [1mMCP event: tool_invoked[0m
[32m17:09:12.019[0m | [1mINFO    [0m | [36msrc.conversation.graph.executor[0m:[36mexecute[0m | [1m[DIAG] MCP response: tool=close_gripper, result={'content': [{'type': 'text', 'text': '{\n  "success": true,\n  "message": "Object detected - gripper stopped at 0.6743 rad",\n  "gripper_position": 0.6743,\n  "object_grasped": true,\n  "threshold_used": 0.01,\n  "duration_ms": 1201.96,\n  "vision_verified": true,\n  "vision_result": null,\n  "visi[0m
[32m17:09:12.019[0m | [1mINFO    [0m | [36msrc.conversation.graph.runner[0m:[36mrun_turn[0m | [1mVerification required after tool execution[0m
[32m17:09:12.019[0m | [1mINFO    [0m | [36msrc.audio.single_utterance_processor[0m:[36msynthesize[0m | [1mSynthesizing single utterance response[0m
[32m17:09:12.019[0m | [1mINFO    [0m | [36msrc.config.logging[0m:[36mlog_audio_event[0m | [1mAudio event: tts_request[0m
[32m17:09:12.546[0m | [1mINFO    [0m | [36msrc.config.logging[0m:[36mlog_audio_event[0m | [1mAudio event: tts_success[0m
[32m17:09:12.546[0m | [1mINFO    [0m | [36msrc.config.logging[0m:[36mlog_audio_event[0m | [1mAudio event: single_utterance_synthesis[0m
[32m17:09:12.546[0m | [1mINFO    [0m | [36msrc.audio.single_utterance_processor[0m:[36msynthesize[0m | [1mSingle utterance synthesis completed[0m
[32m17:09:12.546[0m | [1mINFO    [0m | [36msrc.conversation.graph.responder[0m:[36mrespond[0m | [1mResponder prepared final output[0m
[32m17:09:12.546[0m | [1mINFO    [0m | [36msrc.conversation.state_machine[0m:[36mtransition_to[0m | [1mState transition completed[0m
[32m17:09:12.559[0m | [1mINFO    [0m | [36msrc.conversation.models[0m:[36mlog_snapshot[0m | [1mTurn metrics updated[0m
[32m17:09:12.559[0m | [1mINFO    [0m | [36msrc.config.logging[0m:[36mlog_conversation_event[0m | [1mConversation event: turn_complete[0m
[32m17:09:12.560[0m | [1mINFO    [0m | [36msrc.conversation.state_machine[0m:[36mtransition_to[0m | [1mState transition completed[0m
[32m17:09:12.571[0m | [1mINFO    [0m | [36msrc.api.websocket[0m:[36m_send_conversation_result[0m | [1mConversation turn completed for session 658ef294-7ef7-4a37-831b-9295665a3ad4[0m
[32m17:09:12.572[0m | [1mINFO    [0m | [36msrc.api.websocket[0m:[36m_process_streaming_turn[0m | [1mStarting streaming turn for session 658ef294-7ef7-4a37-831b-9295665a3ad4[0m
[32m17:09:12.572[0m | [1mINFO    [0m | [36msrc.config.logging[0m:[36mlog_conversation_event[0m | [1mConversation event: turn_start[0m
[32m17:09:12.572[0m | [1mINFO    [0m | [36msrc.conversation.state_machine[0m:[36mtransition_to[0m | [1mState transition completed[0m
[32m17:09:12.572[0m | [1mINFO    [0m | [36msrc.config.logging[0m:[36mlog_audio_event[0m | [1mAudio event: streaming_transcription_start[0m
[32m17:09:12.572[0m | [1mINFO    [0m | [36msrc.audio.single_utterance_processor[0m:[36mtranscribe_stream[0m | [1mStarting real-time stream transcription with V2 Recognizer...[0m
[32m17:09:12.572[0m | [1mINFO    [0m | [36msrc.config.logging[0m:[36mlog_audio_event[0m | [1mAudio event: stt_streaming_start[0m
[32m17:09:17.030[0m | [1mINFO    [0m | [36msrc.config.logging[0m:[36mlog_mcp_event[0m | [1mMCP event: health_check[0m
[32m17:09:19.397[0m | [1mINFO    [0m | [36msrc.api.websocket[0m:[36m_handle_message[0m | [1m🎯 Processing WebSocket message[0m
[32m17:09:19.397[0m | [1mINFO    [0m | [36msrc.api.websocket[0m:[36m_handle_message[0m | [1m🏓 Handling ping for session 658ef294-7ef7-4a37-831b-9295665a3ad4[0m
[32m17:09:19.397[0m | [1mINFO    [0m | [36msrc.api.websocket[0m:[36m_handle_message[0m | [1m✅ ping handled successfully for session 658ef294-7ef7-4a37-831b-9295665a3ad4[0m
[32m17:09:19.696[0m | [1mINFO    [0m | [36msrc.config.logging[0m:[36mlog_audio_event[0m | [1mAudio event: stt_streaming_event[0m
[32m17:09:19.716[0m | [1mINFO    [0m | [36msrc.audio.single_utterance_processor[0m:[36mtranscribe_stream[0m | [1mFinal transcript received from stream[0m
[32m17:09:19.716[0m | [1mINFO    [0m | [36msrc.config.logging[0m:[36mlog_audio_event[0m | [1mAudio event: streaming_transcription_success[0m
[32m17:09:19.717[0m | [1mINFO    [0m | [36msrc.api.websocket[0m:[36mon_transcript[0m | [1mSent early transcript: Move backward....[0m
[32m17:09:19.717[0m | [1mINFO    [0m | [36msrc.conversation.state_machine[0m:[36mtransition_to[0m | [1mState transition completed[0m
[32m17:09:19.717[0m | [1mINFO    [0m | [36msrc.conversation.single_utterance_engine[0m:[36mprocess_conversation_turn[0m | [1mSpeech transcribed via stream[0m
[32m17:09:19.717[0m | [1mINFO    [0m | [36msrc.conversation.graph.runner[0m:[36mrun_turn[0m | [1mVerification pending - passing to planner for LLM classification[0m
[32m17:09:20.863[0m | [1mINFO    [0m | [36msrc.conversation.graph.runner[0m:[36mrun_turn[0m | [1mPhase 11: Processing verification response via LLM[0m
[32m17:09:20.863[0m | [1mINFO    [0m | [36msrc.conversation.graph.runner[0m:[36mrun_turn[0m | [1mNew instruction during verification, proceeding with tool[0m
[32m17:09:20.863[0m | [1mINFO    [0m | [36msrc.conversation.graph.runner[0m:[36mrun_turn[0m | [1m[DIAG] Planner tool decision: tool_name=move, tool_args={'direction': 'backward', 'distance': 0.2}[0m
[32m17:09:20.863[0m | [1mINFO    [0m | [36msrc.audio.single_utterance_processor[0m:[36msynthesize[0m | [1mSynthesizing single utterance response[0m
[32m17:09:20.864[0m | [1mINFO    [0m | [36msrc.config.logging[0m:[36mlog_audio_event[0m | [1mAudio event: tts_request[0m
[32m17:09:21.049[0m | [1mINFO    [0m | [36msrc.config.logging[0m:[36mlog_audio_event[0m | [1mAudio event: tts_success[0m
[32m17:09:21.050[0m | [1mINFO    [0m | [36msrc.config.logging[0m:[36mlog_audio_event[0m | [1mAudio event: single_utterance_synthesis[0m
[32m17:09:21.050[0m | [1mINFO    [0m | [36msrc.audio.single_utterance_processor[0m:[36msynthesize[0m | [1mSingle utterance synthesis completed[0m
[32m17:09:21.054[0m | [1mINFO    [0m | [36msrc.api.websocket[0m:[36mon_acknowledgment[0m | [1mSent acknowledgment for session 658ef294-7ef7-4a37-831b-9295665a3ad4: Ok, moving backward.[0m
[32m17:09:21.054[0m | [1mINFO    [0m | [36msrc.conversation.graph.runner[0m:[36mrun_turn[0m | [1mAcknowledgment sent before tool execution[0m
[32m17:09:21.054[0m | [1mINFO    [0m | [36msrc.conversation.graph.executor[0m:[36mexecute[0m | [1mInvoking MCP tool[0m
[32m17:09:21.054[0m | [1mINFO    [0m | [36msrc.conversation.graph.executor[0m:[36mexecute[0m | [1m[DIAG] Calling MCP tool: tool=move, args={'direction': 'backward', 'distance': 0.2, 'angle': 15.0}[0m
[32m17:09:21.057[0m | [1mINFO    [0m | [36msrc.mcp.stdio_client[0m:[36m_stderr_loop[0m | [1m[moveit stderr] [DIAG] MCP call_tool: name=move, args={'direction': 'backward', 'distance': 0.2, 'angle': 15.0}[0m
[move_group-9] [INFO] [1765404561.064095458] [moveit_move_group_default_capabilities.plan_service_capability]: Received new planning service request...
[move_group-9] [INFO] [1765404561.064815106] [moveit.ompl_planning.model_based_planning_context]: Planner configuration 'arm' will use planner 'geometric::RRTConnect'. Additional configuration parameters will be set when the planner is constructed.
[move_group-9] [INFO] [1765404561.089787781] [moveit_move_group_default_capabilities.execute_trajectory_action_capability]: Received goal request
[move_group-9] [INFO] [1765404561.089837892] [moveit_move_group_default_capabilities.execute_trajectory_action_capability]: Execution request received
[move_group-9] [INFO] [1765404561.089849192] [moveit.plugins.moveit_simple_controller_manager]: Returned 2 controllers in list
[move_group-9] [INFO] [1765404561.089857682] [moveit.plugins.moveit_simple_controller_manager]: Returned 2 controllers in list
[move_group-9] [INFO] [1765404561.089882611] [moveit_ros.trajectory_execution_manager]: Validating trajectory with allowed_start_tolerance 0.01
[move_group-9] [INFO] [1765404561.090081847] [moveit_ros.trajectory_execution_manager]: Starting trajectory execution ...
[move_group-9] [INFO] [1765404561.090103722] [moveit.plugins.moveit_simple_controller_manager]: Returned 2 controllers in list
[move_group-9] [INFO] [1765404561.090113434] [moveit.plugins.moveit_simple_controller_manager]: Returned 2 controllers in list
[move_group-9] [INFO] [1765404561.090180629] [moveit.simple_controller_manager.follow_joint_trajectory_controller_handle]: sending trajectory to joint_trajectory_controller
[ros2_control_node-1] [INFO] [1765404561.090294335] [joint_trajectory_controller]: Received new action goal
[ros2_control_node-1] [INFO] [1765404561.090318034] [joint_trajectory_controller]: Accepted new action goal
[move_group-9] [INFO] [1765404561.090411993] [moveit.simple_controller_manager.follow_joint_trajectory_controller_handle]: joint_trajectory_controller started execution
[move_group-9] [INFO] [1765404561.090421268] [moveit.simple_controller_manager.follow_joint_trajectory_controller_handle]: Goal request accepted!
[ros2_control_node-1] [INFO] [1765404562.837969433] [joint_trajectory_controller]: Goal reached, success!
[move_group-9] [INFO] [1765404562.840708309] [moveit.simple_controller_manager.follow_joint_trajectory_controller_handle]: Controller 'joint_trajectory_controller' successfully finished
[move_group-9] [INFO] [1765404562.843040911] [moveit_ros.trajectory_execution_manager]: Completed trajectory execution with status SUCCEEDED ...
[move_group-9] [INFO] [1765404562.843099603] [moveit_move_group_default_capabilities.execute_trajectory_action_capability]: Execution completed: SUCCEEDED
[32m17:09:22.847[0m | [1mINFO    [0m | [36msrc.config.logging[0m:[36mlog_mcp_event[0m | [1mMCP event: tool_invoked[0m
[32m17:09:22.847[0m | [1mINFO    [0m | [36msrc.conversation.graph.executor[0m:[36mexecute[0m | [1m[DIAG] MCP response: tool=move, result={'content': [{'type': 'text', 'text': '{\n  "success": true,\n  "message": "Moved to pose (0.261, 0.204, 0.399)",\n  "start_pose": {\n    "x": 0.4611,\n    "y": 0.2044,\n    "z": 0.399\n  },\n  "end_pose": {\n    "x": 0.2599,\n    "y": 0.2037,\n    "z": 0.3974\n  },\n  "duration_ms": 1786.8,\n  "dir[0m
[32m17:09:22.847[0m | [1mINFO    [0m | [36msrc.conversation.graph.runner[0m:[36mrun_turn[0m | [1mVerification required after tool execution[0m
[32m17:09:22.847[0m | [1mINFO    [0m | [36msrc.audio.single_utterance_processor[0m:[36msynthesize[0m | [1mSynthesizing single utterance response[0m
[32m17:09:22.847[0m | [1mINFO    [0m | [36msrc.config.logging[0m:[36mlog_audio_event[0m | [1mAudio event: tts_request[0m
[32m17:09:23.501[0m | [1mINFO    [0m | [36msrc.config.logging[0m:[36mlog_audio_event[0m | [1mAudio event: tts_success[0m
[32m17:09:23.502[0m | [1mINFO    [0m | [36msrc.config.logging[0m:[36mlog_audio_event[0m | [1mAudio event: single_utterance_synthesis[0m
[32m17:09:23.502[0m | [1mINFO    [0m | [36msrc.audio.single_utterance_processor[0m:[36msynthesize[0m | [1mSingle utterance synthesis completed[0m
[32m17:09:23.502[0m | [1mINFO    [0m | [36msrc.conversation.graph.responder[0m:[36mrespond[0m | [1mResponder prepared final output[0m
[32m17:09:23.502[0m | [1mINFO    [0m | [36msrc.conversation.state_machine[0m:[36mtransition_to[0m | [1mState transition completed[0m
[32m17:09:23.515[0m | [1mINFO    [0m | [36msrc.conversation.models[0m:[36mlog_snapshot[0m | [1mTurn metrics updated[0m
[32m17:09:23.516[0m | [1mINFO    [0m | [36msrc.config.logging[0m:[36mlog_conversation_event[0m | [1mConversation event: turn_complete[0m
[32m17:09:23.516[0m | [1mINFO    [0m | [36msrc.conversation.state_machine[0m:[36mtransition_to[0m | [1mState transition completed[0m
[32m17:09:23.522[0m | [1mINFO    [0m | [36msrc.api.websocket[0m:[36m_send_conversation_result[0m | [1mConversation turn completed for session 658ef294-7ef7-4a37-831b-9295665a3ad4[0m
[32m17:09:23.523[0m | [1mINFO    [0m | [36msrc.api.websocket[0m:[36m_process_streaming_turn[0m | [1mStarting streaming turn for session 658ef294-7ef7-4a37-831b-9295665a3ad4[0m
[32m17:09:23.523[0m | [1mINFO    [0m | [36msrc.config.logging[0m:[36mlog_conversation_event[0m | [1mConversation event: turn_start[0m
[32m17:09:23.523[0m | [1mINFO    [0m | [36msrc.conversation.state_machine[0m:[36mtransition_to[0m | [1mState transition completed[0m
[32m17:09:23.523[0m | [1mINFO    [0m | [36msrc.config.logging[0m:[36mlog_audio_event[0m | [1mAudio event: streaming_transcription_start[0m
[32m17:09:23.523[0m | [1mINFO    [0m | [36msrc.audio.single_utterance_processor[0m:[36mtranscribe_stream[0m | [1mStarting real-time stream transcription with V2 Recognizer...[0m
[32m17:09:23.523[0m | [1mINFO    [0m | [36msrc.config.logging[0m:[36mlog_audio_event[0m | [1mAudio event: stt_streaming_start[0m
[32m17:09:28.796[0m | [1mINFO    [0m | [36msrc.config.logging[0m:[36mlog_audio_event[0m | [1mAudio event: stt_streaming_event[0m
[32m17:09:28.824[0m | [1mINFO    [0m | [36msrc.audio.single_utterance_processor[0m:[36mtranscribe_stream[0m | [1mFinal transcript received from stream[0m
[32m17:09:28.824[0m | [1mINFO    [0m | [36msrc.config.logging[0m:[36mlog_audio_event[0m | [1mAudio event: streaming_transcription_success[0m
[32m17:09:28.825[0m | [1mINFO    [0m | [36msrc.api.websocket[0m:[36mon_transcript[0m | [1mSent early transcript: Move slightly to the left....[0m
[32m17:09:28.825[0m | [1mINFO    [0m | [36msrc.conversation.state_machine[0m:[36mtransition_to[0m | [1mState transition completed[0m
[32m17:09:28.825[0m | [1mINFO    [0m | [36msrc.conversation.single_utterance_engine[0m:[36mprocess_conversation_turn[0m | [1mSpeech transcribed via stream[0m
[32m17:09:28.825[0m | [1mINFO    [0m | [36msrc.conversation.graph.runner[0m:[36mrun_turn[0m | [1mVerification pending - passing to planner for LLM classification[0m
[32m17:09:29.961[0m | [1mINFO    [0m | [36msrc.conversation.graph.runner[0m:[36mrun_turn[0m | [1mPhase 11: Processing verification response via LLM[0m
[32m17:09:29.961[0m | [1mINFO    [0m | [36msrc.conversation.graph.runner[0m:[36mrun_turn[0m | [1mNew instruction during verification, proceeding with tool[0m
[32m17:09:29.962[0m | [1mINFO    [0m | [36msrc.conversation.graph.runner[0m:[36mrun_turn[0m | [1m[DIAG] Planner tool decision: tool_name=move, tool_args={'direction': 'left', 'distance': 0.1}[0m
[32m17:09:29.962[0m | [1mINFO    [0m | [36msrc.audio.single_utterance_processor[0m:[36msynthesize[0m | [1mSynthesizing single utterance response[0m
[32m17:09:29.962[0m | [1mINFO    [0m | [36msrc.config.logging[0m:[36mlog_audio_event[0m | [1mAudio event: tts_request[0m
[32m17:09:30.220[0m | [1mINFO    [0m | [36msrc.config.logging[0m:[36mlog_audio_event[0m | [1mAudio event: tts_success[0m
[32m17:09:30.221[0m | [1mINFO    [0m | [36msrc.config.logging[0m:[36mlog_audio_event[0m | [1mAudio event: single_utterance_synthesis[0m
[32m17:09:30.221[0m | [1mINFO    [0m | [36msrc.audio.single_utterance_processor[0m:[36msynthesize[0m | [1mSingle utterance synthesis completed[0m
[32m17:09:30.227[0m | [1mINFO    [0m | [36msrc.api.websocket[0m:[36mon_acknowledgment[0m | [1mSent acknowledgment for session 658ef294-7ef7-4a37-831b-9295665a3ad4: Ok, moving left.[0m
[32m17:09:30.228[0m | [1mINFO    [0m | [36msrc.conversation.graph.runner[0m:[36mrun_turn[0m | [1mAcknowledgment sent before tool execution[0m
[32m17:09:30.228[0m | [1mINFO    [0m | [36msrc.conversation.graph.executor[0m:[36mexecute[0m | [1mInvoking MCP tool[0m
[32m17:09:30.228[0m | [1mINFO    [0m | [36msrc.conversation.graph.executor[0m:[36mexecute[0m | [1m[DIAG] Calling MCP tool: tool=move, args={'direction': 'left', 'distance': 0.1, 'angle': 15.0}[0m
[32m17:09:30.233[0m | [1mINFO    [0m | [36msrc.mcp.stdio_client[0m:[36m_stderr_loop[0m | [1m[moveit stderr] [DIAG] MCP call_tool: name=move, args={'direction': 'left', 'distance': 0.1, 'angle': 15.0}[0m
[move_group-9] [INFO] [1765404570.240455688] [moveit_move_group_default_capabilities.plan_service_capability]: Received new planning service request...
[move_group-9] [INFO] [1765404570.241209153] [moveit.ompl_planning.model_based_planning_context]: Planner configuration 'arm' will use planner 'geometric::RRTConnect'. Additional configuration parameters will be set when the planner is constructed.
[move_group-9] [INFO] [1765404570.273818172] [moveit_move_group_default_capabilities.execute_trajectory_action_capability]: Received goal request
[move_group-9] [INFO] [1765404570.273944538] [moveit_move_group_default_capabilities.execute_trajectory_action_capability]: Execution request received
[move_group-9] [INFO] [1765404570.273976052] [moveit.plugins.moveit_simple_controller_manager]: Returned 2 controllers in list
[move_group-9] [INFO] [1765404570.273997613] [moveit.plugins.moveit_simple_controller_manager]: Returned 2 controllers in list
[move_group-9] [INFO] [1765404570.274058342] [moveit_ros.trajectory_execution_manager]: Validating trajectory with allowed_start_tolerance 0.01
[move_group-9] [INFO] [1765404570.275254464] [moveit_ros.trajectory_execution_manager]: Starting trajectory execution ...
[move_group-9] [INFO] [1765404570.275305300] [moveit.plugins.moveit_simple_controller_manager]: Returned 2 controllers in list
[move_group-9] [INFO] [1765404570.275329641] [moveit.plugins.moveit_simple_controller_manager]: Returned 2 controllers in list
[move_group-9] [INFO] [1765404570.275441534] [moveit.simple_controller_manager.follow_joint_trajectory_controller_handle]: sending trajectory to joint_trajectory_controller
[ros2_control_node-1] [INFO] [1765404570.275692760] [joint_trajectory_controller]: Received new action goal
[ros2_control_node-1] [INFO] [1765404570.275751960] [joint_trajectory_controller]: Accepted new action goal
[move_group-9] [INFO] [1765404570.275888183] [moveit.simple_controller_manager.follow_joint_trajectory_controller_handle]: joint_trajectory_controller started execution
[move_group-9] [INFO] [1765404570.275919135] [moveit.simple_controller_manager.follow_joint_trajectory_controller_handle]: Goal request accepted!
[ros2_control_node-1] [INFO] [1765404571.803923812] [joint_trajectory_controller]: Goal reached, success!
[move_group-9] [INFO] [1765404571.826191927] [moveit.simple_controller_manager.follow_joint_trajectory_controller_handle]: Controller 'joint_trajectory_controller' successfully finished
[move_group-9] [INFO] [1765404571.829050778] [moveit_ros.trajectory_execution_manager]: Completed trajectory execution with status SUCCEEDED ...
[move_group-9] [INFO] [1765404571.829118076] [moveit_move_group_default_capabilities.execute_trajectory_action_capability]: Execution completed: SUCCEEDED
[32m17:09:31.832[0m | [1mINFO    [0m | [36msrc.config.logging[0m:[36mlog_mcp_event[0m | [1mMCP event: tool_invoked[0m
[32m17:09:31.832[0m | [1mINFO    [0m | [36msrc.conversation.graph.executor[0m:[36mexecute[0m | [1m[DIAG] MCP response: tool=move, result={'content': [{'type': 'text', 'text': '{\n  "success": true,\n  "message": "Moved to pose (0.260, 0.104, 0.397)",\n  "start_pose": {\n    "x": 0.2599,\n    "y": 0.2037,\n    "z": 0.3973\n  },\n  "end_pose": {\n    "x": 0.2604,\n    "y": 0.1029,\n    "z": 0.3954\n  },\n  "duration_ms": 1596.64,\n  "d[0m
[32m17:09:31.832[0m | [1mINFO    [0m | [36msrc.conversation.graph.runner[0m:[36mrun_turn[0m | [1mVerification required after tool execution[0m
[32m17:09:31.832[0m | [1mINFO    [0m | [36msrc.audio.single_utterance_processor[0m:[36msynthesize[0m | [1mSynthesizing single utterance response[0m
[32m17:09:31.832[0m | [1mINFO    [0m | [36msrc.config.logging[0m:[36mlog_audio_event[0m | [1mAudio event: tts_request[0m
[32m17:09:32.050[0m | [1mINFO    [0m | [36msrc.config.logging[0m:[36mlog_audio_event[0m | [1mAudio event: tts_success[0m
[32m17:09:32.050[0m | [1mINFO    [0m | [36msrc.config.logging[0m:[36mlog_audio_event[0m | [1mAudio event: single_utterance_synthesis[0m
[32m17:09:32.050[0m | [1mINFO    [0m | [36msrc.audio.single_utterance_processor[0m:[36msynthesize[0m | [1mSingle utterance synthesis completed[0m
[32m17:09:32.050[0m | [1mINFO    [0m | [36msrc.conversation.graph.responder[0m:[36mrespond[0m | [1mResponder prepared final output[0m
[32m17:09:32.051[0m | [1mINFO    [0m | [36msrc.conversation.state_machine[0m:[36mtransition_to[0m | [1mState transition completed[0m
[32m17:09:32.063[0m | [1mINFO    [0m | [36msrc.conversation.models[0m:[36mlog_snapshot[0m | [1mTurn metrics updated[0m
[32m17:09:32.063[0m | [1mINFO    [0m | [36msrc.config.logging[0m:[36mlog_conversation_event[0m | [1mConversation event: turn_complete[0m
[32m17:09:32.063[0m | [1mINFO    [0m | [36msrc.conversation.state_machine[0m:[36mtransition_to[0m | [1mState transition completed[0m
[32m17:09:32.072[0m | [1mINFO    [0m | [36msrc.api.websocket[0m:[36m_send_conversation_result[0m | [1mConversation turn completed for session 658ef294-7ef7-4a37-831b-9295665a3ad4[0m
[32m17:09:32.072[0m | [1mINFO    [0m | [36msrc.api.websocket[0m:[36m_process_streaming_turn[0m | [1mStarting streaming turn for session 658ef294-7ef7-4a37-831b-9295665a3ad4[0m
[32m17:09:32.072[0m | [1mINFO    [0m | [36msrc.config.logging[0m:[36mlog_conversation_event[0m | [1mConversation event: turn_start[0m
[32m17:09:32.073[0m | [1mINFO    [0m | [36msrc.conversation.state_machine[0m:[36mtransition_to[0m | [1mState transition completed[0m
[32m17:09:32.073[0m | [1mINFO    [0m | [36msrc.config.logging[0m:[36mlog_audio_event[0m | [1mAudio event: streaming_transcription_start[0m
[32m17:09:32.073[0m | [1mINFO    [0m | [36msrc.audio.single_utterance_processor[0m:[36mtranscribe_stream[0m | [1mStarting real-time stream transcription with V2 Recognizer...[0m
[32m17:09:32.073[0m | [1mINFO    [0m | [36msrc.config.logging[0m:[36mlog_audio_event[0m | [1mAudio event: stt_streaming_start[0m
[32m17:09:38.084[0m | [1mINFO    [0m | [36msrc.config.logging[0m:[36mlog_audio_event[0m | [1mAudio event: stt_streaming_event[0m
[32m17:09:38.110[0m | [1mINFO    [0m | [36msrc.audio.single_utterance_processor[0m:[36mtranscribe_stream[0m | [1mFinal transcript received from stream[0m
[32m17:09:38.110[0m | [1mINFO    [0m | [36msrc.config.logging[0m:[36mlog_audio_event[0m | [1mAudio event: streaming_transcription_success[0m
[32m17:09:38.111[0m | [1mINFO    [0m | [36msrc.api.websocket[0m:[36mon_transcript[0m | [1mSent early transcript: Lower....[0m
[32m17:09:38.111[0m | [1mINFO    [0m | [36msrc.conversation.state_machine[0m:[36mtransition_to[0m | [1mState transition completed[0m
[32m17:09:38.111[0m | [1mINFO    [0m | [36msrc.conversation.single_utterance_engine[0m:[36mprocess_conversation_turn[0m | [1mSpeech transcribed via stream[0m
[32m17:09:38.111[0m | [1mINFO    [0m | [36msrc.conversation.graph.runner[0m:[36mrun_turn[0m | [1mVerification pending - passing to planner for LLM classification[0m
[32m17:09:39.131[0m | [1mINFO    [0m | [36msrc.conversation.graph.runner[0m:[36mrun_turn[0m | [1mPhase 11: Processing verification response via LLM[0m
[32m17:09:39.131[0m | [1mINFO    [0m | [36msrc.conversation.graph.runner[0m:[36mrun_turn[0m | [1mNew instruction during verification, proceeding with tool[0m
[32m17:09:39.132[0m | [1mINFO    [0m | [36msrc.conversation.graph.runner[0m:[36mrun_turn[0m | [1m[DIAG] Planner tool decision: tool_name=move, tool_args={'direction': 'down', 'distance': 0.1}[0m
[32m17:09:39.132[0m | [1mINFO    [0m | [36msrc.audio.single_utterance_processor[0m:[36msynthesize[0m | [1mSynthesizing single utterance response[0m
[32m17:09:39.132[0m | [1mINFO    [0m | [36msrc.config.logging[0m:[36mlog_audio_event[0m | [1mAudio event: tts_request[0m
[32m17:09:39.338[0m | [1mINFO    [0m | [36msrc.config.logging[0m:[36mlog_audio_event[0m | [1mAudio event: tts_success[0m
[32m17:09:39.338[0m | [1mINFO    [0m | [36msrc.config.logging[0m:[36mlog_audio_event[0m | [1mAudio event: single_utterance_synthesis[0m
[32m17:09:39.338[0m | [1mINFO    [0m | [36msrc.audio.single_utterance_processor[0m:[36msynthesize[0m | [1mSingle utterance synthesis completed[0m
[32m17:09:39.342[0m | [1mINFO    [0m | [36msrc.api.websocket[0m:[36mon_acknowledgment[0m | [1mSent acknowledgment for session 658ef294-7ef7-4a37-831b-9295665a3ad4: Ok, moving down.[0m
[32m17:09:39.342[0m | [1mINFO    [0m | [36msrc.conversation.graph.runner[0m:[36mrun_turn[0m | [1mAcknowledgment sent before tool execution[0m
[32m17:09:39.342[0m | [1mINFO    [0m | [36msrc.conversation.graph.executor[0m:[36mexecute[0m | [1mInvoking MCP tool[0m
[32m17:09:39.342[0m | [1mINFO    [0m | [36msrc.conversation.graph.executor[0m:[36mexecute[0m | [1m[DIAG] Calling MCP tool: tool=move, args={'direction': 'down', 'distance': 0.1, 'angle': 15.0}[0m
[32m17:09:39.345[0m | [1mINFO    [0m | [36msrc.mcp.stdio_client[0m:[36m_stderr_loop[0m | [1m[moveit stderr] [DIAG] MCP call_tool: name=move, args={'direction': 'down', 'distance': 0.1, 'angle': 15.0}[0m
[move_group-9] [INFO] [1765404579.351997805] [moveit_move_group_default_capabilities.plan_service_capability]: Received new planning service request...
[move_group-9] [INFO] [1765404579.352475754] [moveit.ompl_planning.model_based_planning_context]: Planner configuration 'arm' will use planner 'geometric::RRTConnect'. Additional configuration parameters will be set when the planner is constructed.
[move_group-9] [INFO] [1765404579.375276533] [moveit_move_group_default_capabilities.execute_trajectory_action_capability]: Received goal request
[move_group-9] [INFO] [1765404579.375329669] [moveit_move_group_default_capabilities.execute_trajectory_action_capability]: Execution request received
[move_group-9] [INFO] [1765404579.375344943] [moveit.plugins.moveit_simple_controller_manager]: Returned 2 controllers in list
[move_group-9] [INFO] [1765404579.375353943] [moveit.plugins.moveit_simple_controller_manager]: Returned 2 controllers in list
[move_group-9] [INFO] [1765404579.375378021] [moveit_ros.trajectory_execution_manager]: Validating trajectory with allowed_start_tolerance 0.01
[move_group-9] [INFO] [1765404579.376643451] [moveit_ros.trajectory_execution_manager]: Starting trajectory execution ...
[move_group-9] [INFO] [1765404579.376723830] [moveit.plugins.moveit_simple_controller_manager]: Returned 2 controllers in list
[move_group-9] [INFO] [1765404579.376754455] [moveit.plugins.moveit_simple_controller_manager]: Returned 2 controllers in list
[move_group-9] [INFO] [1765404579.376920549] [moveit.simple_controller_manager.follow_joint_trajectory_controller_handle]: sending trajectory to joint_trajectory_controller
[ros2_control_node-1] [INFO] [1765404579.377345722] [joint_trajectory_controller]: Received new action goal
[ros2_control_node-1] [INFO] [1765404579.377445002] [joint_trajectory_controller]: Accepted new action goal
[move_group-9] [INFO] [1765404579.377732719] [moveit.simple_controller_manager.follow_joint_trajectory_controller_handle]: joint_trajectory_controller started execution
[move_group-9] [INFO] [1765404579.377774311] [moveit.simple_controller_manager.follow_joint_trajectory_controller_handle]: Goal request accepted!
[ros2_control_node-1] [INFO] [1765404581.397010221] [joint_trajectory_controller]: Goal reached, success!
[move_group-9] [INFO] [1765404581.428064180] [moveit.simple_controller_manager.follow_joint_trajectory_controller_handle]: Controller 'joint_trajectory_controller' successfully finished
[move_group-9] [INFO] [1765404581.431022717] [moveit_ros.trajectory_execution_manager]: Completed trajectory execution with status SUCCEEDED ...
[move_group-9] [INFO] [1765404581.431075396] [moveit_move_group_default_capabilities.execute_trajectory_action_capability]: Execution completed: SUCCEEDED
[32m17:09:41.435[0m | [1mINFO    [0m | [36msrc.config.logging[0m:[36mlog_mcp_event[0m | [1mMCP event: tool_invoked[0m
[32m17:09:41.435[0m | [1mINFO    [0m | [36msrc.conversation.graph.executor[0m:[36mexecute[0m | [1m[DIAG] MCP response: tool=move, result={'content': [{'type': 'text', 'text': '{\n  "success": true,\n  "message": "Moved to pose (0.260, 0.103, 0.295)",\n  "start_pose": {\n    "x": 0.2604,\n    "y": 0.1029,\n    "z": 0.3954\n  },\n  "end_pose": {\n    "x": 0.2594,\n    "y": 0.1023,\n    "z": 0.2946\n  },\n  "duration_ms": 2086.57,\n  "d[0m
[32m17:09:41.435[0m | [1mINFO    [0m | [36msrc.conversation.graph.runner[0m:[36mrun_turn[0m | [1mVerification required after tool execution[0m
[32m17:09:41.436[0m | [1mINFO    [0m | [36msrc.audio.single_utterance_processor[0m:[36msynthesize[0m | [1mSynthesizing single utterance response[0m
[32m17:09:41.436[0m | [1mINFO    [0m | [36msrc.config.logging[0m:[36mlog_audio_event[0m | [1mAudio event: tts_request[0m
[32m17:09:41.583[0m | [1mINFO    [0m | [36msrc.config.logging[0m:[36mlog_audio_event[0m | [1mAudio event: tts_success[0m
[32m17:09:41.583[0m | [1mINFO    [0m | [36msrc.config.logging[0m:[36mlog_audio_event[0m | [1mAudio event: single_utterance_synthesis[0m
[32m17:09:41.583[0m | [1mINFO    [0m | [36msrc.audio.single_utterance_processor[0m:[36msynthesize[0m | [1mSingle utterance synthesis completed[0m
[32m17:09:41.583[0m | [1mINFO    [0m | [36msrc.conversation.graph.responder[0m:[36mrespond[0m | [1mResponder prepared final output[0m
[32m17:09:41.584[0m | [1mINFO    [0m | [36msrc.conversation.state_machine[0m:[36mtransition_to[0m | [1mState transition completed[0m
[32m17:09:41.598[0m | [1mINFO    [0m | [36msrc.conversation.models[0m:[36mlog_snapshot[0m | [1mTurn metrics updated[0m
[32m17:09:41.598[0m | [1mINFO    [0m | [36msrc.config.logging[0m:[36mlog_conversation_event[0m | [1mConversation event: turn_complete[0m
[32m17:09:41.598[0m | [1mINFO    [0m | [36msrc.conversation.state_machine[0m:[36mtransition_to[0m | [1mState transition completed[0m
[32m17:09:41.602[0m | [1mINFO    [0m | [36msrc.api.websocket[0m:[36m_send_conversation_result[0m | [1mConversation turn completed for session 658ef294-7ef7-4a37-831b-9295665a3ad4[0m
[32m17:09:41.603[0m | [1mINFO    [0m | [36msrc.api.websocket[0m:[36m_process_streaming_turn[0m | [1mStarting streaming turn for session 658ef294-7ef7-4a37-831b-9295665a3ad4[0m
[32m17:09:41.603[0m | [1mINFO    [0m | [36msrc.config.logging[0m:[36mlog_conversation_event[0m | [1mConversation event: turn_start[0m
[32m17:09:41.603[0m | [1mINFO    [0m | [36msrc.conversation.state_machine[0m:[36mtransition_to[0m | [1mState transition completed[0m
[32m17:09:41.603[0m | [1mINFO    [0m | [36msrc.config.logging[0m:[36mlog_audio_event[0m | [1mAudio event: streaming_transcription_start[0m
[32m17:09:41.603[0m | [1mINFO    [0m | [36msrc.audio.single_utterance_processor[0m:[36mtranscribe_stream[0m | [1mStarting real-time stream transcription with V2 Recognizer...[0m
[32m17:09:41.603[0m | [1mINFO    [0m | [36msrc.config.logging[0m:[36mlog_audio_event[0m | [1mAudio event: stt_streaming_start[0m
[32m17:09:45.884[0m | [1mINFO    [0m | [36msrc.config.logging[0m:[36mlog_audio_event[0m | [1mAudio event: stt_streaming_event[0m
[32m17:09:45.911[0m | [1mINFO    [0m | [36msrc.audio.single_utterance_processor[0m:[36mtranscribe_stream[0m | [1mFinal transcript received from stream[0m
[32m17:09:45.911[0m | [1mINFO    [0m | [36msrc.config.logging[0m:[36mlog_audio_event[0m | [1mAudio event: streaming_transcription_success[0m
[32m17:09:45.911[0m | [1mINFO    [0m | [36msrc.api.websocket[0m:[36mon_transcript[0m | [1mSent early transcript: Open the gripper....[0m
[32m17:09:45.911[0m | [1mINFO    [0m | [36msrc.conversation.state_machine[0m:[36mtransition_to[0m | [1mState transition completed[0m
[32m17:09:45.911[0m | [1mINFO    [0m | [36msrc.conversation.single_utterance_engine[0m:[36mprocess_conversation_turn[0m | [1mSpeech transcribed via stream[0m
[32m17:09:45.912[0m | [1mINFO    [0m | [36msrc.conversation.graph.runner[0m:[36mrun_turn[0m | [1mVerification pending - passing to planner for LLM classification[0m
[32m17:09:46.699[0m | [1mINFO    [0m | [36msrc.conversation.graph.runner[0m:[36mrun_turn[0m | [1mPhase 11: Processing verification response via LLM[0m
[32m17:09:46.699[0m | [1mINFO    [0m | [36msrc.conversation.graph.runner[0m:[36mrun_turn[0m | [1mNew instruction during verification, proceeding with tool[0m
[32m17:09:46.700[0m | [1mINFO    [0m | [36msrc.conversation.graph.runner[0m:[36mrun_turn[0m | [1m[DIAG] Planner tool decision: tool_name=open_gripper, tool_args={}[0m
[32m17:09:46.700[0m | [1mINFO    [0m | [36msrc.audio.single_utterance_processor[0m:[36msynthesize[0m | [1mSynthesizing single utterance response[0m
[32m17:09:46.700[0m | [1mINFO    [0m | [36msrc.config.logging[0m:[36mlog_audio_event[0m | [1mAudio event: tts_request[0m
[32m17:09:46.990[0m | [1mINFO    [0m | [36msrc.config.logging[0m:[36mlog_audio_event[0m | [1mAudio event: tts_success[0m
[32m17:09:46.990[0m | [1mINFO    [0m | [36msrc.config.logging[0m:[36mlog_audio_event[0m | [1mAudio event: single_utterance_synthesis[0m
[32m17:09:46.990[0m | [1mINFO    [0m | [36msrc.audio.single_utterance_processor[0m:[36msynthesize[0m | [1mSingle utterance synthesis completed[0m
[32m17:09:46.997[0m | [1mINFO    [0m | [36msrc.api.websocket[0m:[36mon_acknowledgment[0m | [1mSent acknowledgment for session 658ef294-7ef7-4a37-831b-9295665a3ad4: Ok, opening the gripper.[0m
[32m17:09:46.998[0m | [1mINFO    [0m | [36msrc.conversation.graph.runner[0m:[36mrun_turn[0m | [1mAcknowledgment sent before tool execution[0m
[32m17:09:46.998[0m | [1mINFO    [0m | [36msrc.conversation.graph.executor[0m:[36mexecute[0m | [1mInvoking MCP tool[0m
[32m17:09:46.998[0m | [1mINFO    [0m | [36msrc.conversation.graph.executor[0m:[36mexecute[0m | [1m[DIAG] Calling MCP tool: tool=open_gripper, args={}[0m
[32m17:09:47.001[0m | [1mINFO    [0m | [36msrc.mcp.stdio_client[0m:[36m_stderr_loop[0m | [1m[moveit stderr] [DIAG] MCP call_tool: name=open_gripper, args={}[0m
[ros2_control_node-1] [INFO] [1765404587.001573387] [gen3_lite_2f_gripper_controller]: Received & accepted new action goal
[32m17:09:47.553[0m | [1mINFO    [0m | [36msrc.config.logging[0m:[36mlog_mcp_event[0m | [1mMCP event: tool_invoked[0m
[32m17:09:47.553[0m | [1mINFO    [0m | [36msrc.conversation.graph.executor[0m:[36mexecute[0m | [1m[DIAG] MCP response: tool=open_gripper, result={'content': [{'type': 'text', 'text': '{\n  "success": true,\n  "message": "Gripper opened successfully",\n  "action": "open",\n  "duration_ms": 551.35\n}'}], 'isError': False}[0m
[32m17:09:47.553[0m | [1mINFO    [0m | [36msrc.conversation.graph.runner[0m:[36mrun_turn[0m | [1mVerification required after tool execution[0m
[32m17:09:47.553[0m | [1mINFO    [0m | [36msrc.audio.single_utterance_processor[0m:[36msynthesize[0m | [1mSynthesizing single utterance response[0m
[32m17:09:47.553[0m | [1mINFO    [0m | [36msrc.config.logging[0m:[36mlog_audio_event[0m | [1mAudio event: tts_request[0m
[32m17:09:47.970[0m | [1mINFO    [0m | [36msrc.config.logging[0m:[36mlog_audio_event[0m | [1mAudio event: tts_success[0m
[32m17:09:47.970[0m | [1mINFO    [0m | [36msrc.config.logging[0m:[36mlog_audio_event[0m | [1mAudio event: single_utterance_synthesis[0m
[32m17:09:47.971[0m | [1mINFO    [0m | [36msrc.audio.single_utterance_processor[0m:[36msynthesize[0m | [1mSingle utterance synthesis completed[0m
[32m17:09:47.971[0m | [1mINFO    [0m | [36msrc.conversation.graph.responder[0m:[36mrespond[0m | [1mResponder prepared final output[0m
[32m17:09:47.971[0m | [1mINFO    [0m | [36msrc.conversation.state_machine[0m:[36mtransition_to[0m | [1mState transition completed[0m
[32m17:09:47.983[0m | [1mINFO    [0m | [36msrc.conversation.models[0m:[36mlog_snapshot[0m | [1mTurn metrics updated[0m
[32m17:09:47.983[0m | [1mINFO    [0m | [36msrc.config.logging[0m:[36mlog_conversation_event[0m | [1mConversation event: turn_complete[0m
[32m17:09:47.983[0m | [1mINFO    [0m | [36msrc.conversation.state_machine[0m:[36mtransition_to[0m | [1mState transition completed[0m
[32m17:09:47.997[0m | [1mINFO    [0m | [36msrc.api.websocket[0m:[36m_send_conversation_result[0m | [1mConversation turn completed for session 658ef294-7ef7-4a37-831b-9295665a3ad4[0m
[32m17:09:47.997[0m | [1mINFO    [0m | [36msrc.api.websocket[0m:[36m_process_streaming_turn[0m | [1mStarting streaming turn for session 658ef294-7ef7-4a37-831b-9295665a3ad4[0m
[32m17:09:47.998[0m | [1mINFO    [0m | [36msrc.config.logging[0m:[36mlog_conversation_event[0m | [1mConversation event: turn_start[0m
[32m17:09:47.998[0m | [1mINFO    [0m | [36msrc.conversation.state_machine[0m:[36mtransition_to[0m | [1mState transition completed[0m
[32m17:09:47.998[0m | [1mINFO    [0m | [36msrc.config.logging[0m:[36mlog_audio_event[0m | [1mAudio event: streaming_transcription_start[0m
[32m17:09:47.998[0m | [1mINFO    [0m | [36msrc.audio.single_utterance_processor[0m:[36mtranscribe_stream[0m | [1mStarting real-time stream transcription with V2 Recognizer...[0m
[32m17:09:47.998[0m | [1mINFO    [0m | [36msrc.config.logging[0m:[36mlog_audio_event[0m | [1mAudio event: stt_streaming_start[0m
[32m17:09:49.396[0m | [1mINFO    [0m | [36msrc.api.websocket[0m:[36m_handle_message[0m | [1m🎯 Processing WebSocket message[0m
[32m17:09:49.397[0m | [1mINFO    [0m | [36msrc.api.websocket[0m:[36m_handle_message[0m | [1m🏓 Handling ping for session 658ef294-7ef7-4a37-831b-9295665a3ad4[0m
[32m17:09:49.397[0m | [1mINFO    [0m | [36msrc.api.websocket[0m:[36m_handle_message[0m | [1m✅ ping handled successfully for session 658ef294-7ef7-4a37-831b-9295665a3ad4[0m
